2026-06-27 23:56:14 | INFO | ML | === RUN START ===
2026-06-27 23:56:14 | INFO | ML | project=ML
2026-06-27 23:56:14 | INFO | ML | repo_dir=ml-07-applied
2026-06-27 23:56:14 | INFO | ML | python=3.14.0
2026-06-27 23:56:14 | INFO | ML | os=Windows 11
2026-06-27 23:56:14 | INFO | ML | shell=powershell
2026-06-27 23:56:14 | INFO | ML | cwd=.
2026-06-27 23:56:14 | INFO | ML | github_actions=False
2026-06-27 23:56:14 | INFO | ML | === RUN START ===
2026-06-27 23:56:14 | INFO | ML | project=ML
2026-06-27 23:56:14 | INFO | ML | repo_dir=ml-07-applied
2026-06-27 23:56:14 | INFO | ML | python=3.14.0
2026-06-27 23:56:14 | INFO | ML | os=Windows 11
2026-06-27 23:56:14 | INFO | ML | shell=powershell
2026-06-27 23:56:14 | INFO | ML | cwd=.
2026-06-27 23:56:14 | INFO | ML | github_actions=False
2026-06-27 23:56:14 | INFO | ML | ========================
2026-06-27 23:56:14 | INFO | ML | START main()
2026-06-27 23:56:14 | INFO | ML | ========================
2026-06-27 23:56:14 | INFO | ML | Load dataset..............
2026-06-27 23:56:14 | INFO | ML | Loading dataset: hours_scores_case
2026-06-27 23:56:14 | INFO | ML | Loaded: 10 rows, 6 columns
2026-06-27 23:56:14 | DEBUG | ML | 
   hours_studied  practice_quizzes  attendance_pct  sleep_hours  prior_score  score
0            2.0                 1              72          6.0           58     62
1            3.5                 2              80          6.5           61     68
2            4.0                 3              85          7.0           64     72
3            5.0                 3              88          7.5           66     76
4            6.0                 4              90          7.0           70     81
2026-06-27 23:56:14 | INFO | ML | Inspect dataset...........
2026-06-27 23:56:14 | INFO | ML | Column names
2026-06-27 23:56:14 | DEBUG | ML | ['hours_studied', 'practice_quizzes', 'attendance_pct', 'sleep_hours', 'prior_score', 'score']
2026-06-27 23:56:14 | INFO | ML | DataFrame info
2026-06-27 23:56:14 | INFO | ML | Dataset shape: 10 rows, 6 columns
2026-06-27 23:56:14 | INFO | ML | Check data quality........
2026-06-27 23:56:14 | INFO | ML | Missing values by column
2026-06-27 23:56:14 | DEBUG | ML | 
hours_studied       0
practice_quizzes    0
attendance_pct      0
sleep_hours         0
prior_score         0
score               0
dtype: int64
2026-06-27 23:56:14 | INFO | ML | Duplicate row count: 0
2026-06-27 23:56:14 | INFO | ML | Create clean view.........
2026-06-27 23:56:14 | INFO | ML | Creating clean modeling view
2026-06-27 23:56:14 | INFO | ML | Clean view: 10 rows, 6 columns
2026-06-27 23:56:14 | INFO | ML | Train supervised model....
2026-06-27 23:56:14 | INFO | ML | Training LinearRegression model
2026-06-27 23:56:14 | INFO | ML | Mean absolute error: 0.48
2026-06-27 23:56:14 | INFO | ML | R-squared: 1.00
2026-06-27 23:56:14 | INFO | ML | Predict one case..........
2026-06-27 23:56:14 | INFO | ML | Predicting one new case
2026-06-27 23:56:14 | INFO | ML | New case:
   hours_studied  practice_quizzes  attendance_pct  sleep_hours  prior_score
0            6.5                 4              92          7.0           72
2026-06-27 23:56:14 | INFO | ML | Predicted score: 83.4
2026-06-27 23:56:14 | INFO | ML | Create charts.............
2026-06-27 23:56:14 | INFO | ML | Creating chart: hours studied vs score
2026-06-27 23:56:14 | INFO | ML | Creating chart: model coefficients
2026-06-27 23:56:14 | INFO | ML | Got a figure Figure(900x500) and axes Axes(0.125,0.11;0.775x0.77) from plt.subplots().
2026-06-27 23:56:14 | INFO | ML | Summarize workflow........
2026-06-27 23:56:14 | INFO | ML | ========================
2026-06-27 23:56:14 | INFO | ML | SUMMARY
2026-06-27 23:56:14 | INFO | ML | ========================
2026-06-27 23:56:14 | INFO | ML | Dataset: hours_scores_case
2026-06-27 23:56:14 | INFO | ML | Original rows: 10
2026-06-27 23:56:14 | INFO | ML | Clean rows: 10
2026-06-27 23:56:14 | INFO | ML | Features: ['hours_studied', 'practice_quizzes', 'attendance_pct', 'sleep_hours', 'prior_score']
2026-06-27 23:56:14 | INFO | ML | Target: score
2026-06-27 23:56:14 | INFO | ML | ----- in a script, call plt.show() once at the end to display all charts -----
2026-06-27 23:56:14 | INFO | ML | ----- in a script, CLOSE the chart windows with the close button to CONTINUE -----
2026-06-27 23:56:17 | INFO | ML | Workflow complete
2026-06-27 23:56:17 | INFO | ML | IMPORTANT: This script creates chart windows.
2026-06-27 23:56:17 | INFO | ML | Close chart windows and terminate this process with CTRL+c as needed.
2026-06-27 23:56:17 | INFO | ML | ========================
2026-06-27 23:56:17 | INFO | ML | Executed successfully!
2026-06-27 23:56:17 | INFO | ML | ========================
2026-06-27 23:56:22 | INFO | ML | === RUN START ===
2026-06-27 23:56:22 | INFO | ML | project=ML
2026-06-27 23:56:22 | INFO | ML | repo_dir=ml-07-applied
2026-06-27 23:56:22 | INFO | ML | python=3.14.0
2026-06-27 23:56:22 | INFO | ML | os=Windows 11
2026-06-27 23:56:22 | INFO | ML | shell=powershell
2026-06-27 23:56:22 | INFO | ML | cwd=.
2026-06-27 23:56:22 | INFO | ML | github_actions=False
2026-06-28 14:24:45 | INFO | ML | === RUN START ===
2026-06-28 14:24:45 | INFO | ML | project=ML
2026-06-28 14:24:45 | INFO | ML | repo_dir=ml-07-applied
2026-06-28 14:24:45 | INFO | ML | python=3.14.0
2026-06-28 14:24:45 | INFO | ML | os=Windows 11
2026-06-28 14:24:45 | INFO | ML | shell=powershell
2026-06-28 14:24:45 | INFO | ML | cwd=.
2026-06-28 14:24:45 | INFO | ML | github_actions=False
2026-06-28 14:24:45 | INFO | ML | === RUN START ===
2026-06-28 14:24:45 | INFO | ML | project=ML
2026-06-28 14:24:45 | INFO | ML | repo_dir=ml-07-applied
2026-06-28 14:24:45 | INFO | ML | python=3.14.0
2026-06-28 14:24:45 | INFO | ML | os=Windows 11
2026-06-28 14:24:45 | INFO | ML | shell=powershell
2026-06-28 14:24:45 | INFO | ML | cwd=.
2026-06-28 14:24:45 | INFO | ML | github_actions=False
2026-06-28 14:24:45 | INFO | ML | ========================
2026-06-28 14:24:45 | INFO | ML | START main()
2026-06-28 14:24:45 | INFO | ML | ========================
2026-06-28 14:24:45 | INFO | ML | Load dataset..............
2026-06-28 14:24:45 | INFO | ML | Loading dataset: hours_scores_case
2026-06-28 14:24:45 | INFO | ML | Loaded: 10 rows, 6 columns
2026-06-28 14:24:45 | DEBUG | ML | 
   hours_studied  practice_quizzes  attendance_pct  sleep_hours  prior_score  score
0            2.0                 1              72          6.0           58     62
1            3.5                 2              80          6.5           61     68
2            4.0                 3              85          7.0           64     72
3            5.0                 3              88          7.5           66     76
4            6.0                 4              90          7.0           70     81
2026-06-28 14:24:45 | INFO | ML | Inspect dataset...........
2026-06-28 14:24:45 | INFO | ML | Column names
2026-06-28 14:24:45 | DEBUG | ML | ['hours_studied', 'practice_quizzes', 'attendance_pct', 'sleep_hours', 'prior_score', 'score']
2026-06-28 14:24:45 | INFO | ML | DataFrame info
2026-06-28 14:24:45 | INFO | ML | Dataset shape: 10 rows, 6 columns
2026-06-28 14:24:45 | INFO | ML | Check data quality........
2026-06-28 14:24:45 | INFO | ML | Missing values by column
2026-06-28 14:24:45 | DEBUG | ML | 
hours_studied       0
practice_quizzes    0
attendance_pct      0
sleep_hours         0
prior_score         0
score               0
dtype: int64
2026-06-28 14:24:45 | INFO | ML | Duplicate row count: 0
2026-06-28 14:24:45 | INFO | ML | Create clean view.........
2026-06-28 14:24:45 | INFO | ML | Creating clean modeling view
2026-06-28 14:24:45 | INFO | ML | Clean view: 10 rows, 6 columns
2026-06-28 14:24:45 | INFO | ML | Train supervised model....
2026-06-28 14:24:45 | INFO | ML | Training LinearRegression model
2026-06-28 14:24:45 | INFO | ML | Mean absolute error: 0.48
2026-06-28 14:24:45 | INFO | ML | R-squared: 1.00
2026-06-28 14:24:45 | INFO | ML | Predict one case..........
2026-06-28 14:24:45 | INFO | ML | Predicting one new case
2026-06-28 14:24:45 | INFO | ML | New case:
   hours_studied  practice_quizzes  attendance_pct  sleep_hours  prior_score
0            6.5                 4              92          7.0           72
2026-06-28 14:24:45 | INFO | ML | Predicted score: 83.4
2026-06-28 14:24:45 | INFO | ML | Create charts.............
2026-06-28 14:24:45 | INFO | ML | Creating chart: hours studied vs score
2026-06-28 14:24:46 | INFO | ML | Creating chart: model coefficients
2026-06-28 14:24:46 | INFO | ML | Got a figure Figure(900x500) and axes Axes(0.125,0.11;0.775x0.77) from plt.subplots().
2026-06-28 14:24:46 | INFO | ML | Summarize workflow........
2026-06-28 14:24:46 | INFO | ML | ========================
2026-06-28 14:24:46 | INFO | ML | SUMMARY
2026-06-28 14:24:46 | INFO | ML | ========================
2026-06-28 14:24:46 | INFO | ML | Dataset: hours_scores_case
2026-06-28 14:24:46 | INFO | ML | Original rows: 10
2026-06-28 14:24:46 | INFO | ML | Clean rows: 10
2026-06-28 14:24:46 | INFO | ML | Features: ['hours_studied', 'practice_quizzes', 'attendance_pct', 'sleep_hours', 'prior_score']
2026-06-28 14:24:46 | INFO | ML | Target: score
2026-06-28 14:24:46 | INFO | ML | ----- in a script, call plt.show() once at the end to display all charts -----
2026-06-28 14:24:46 | INFO | ML | ----- in a script, CLOSE the chart windows with the close button to CONTINUE -----
2026-06-28 14:24:50 | INFO | ML | Workflow complete
2026-06-28 14:24:50 | INFO | ML | IMPORTANT: This script creates chart windows.
2026-06-28 14:24:50 | INFO | ML | Close chart windows and terminate this process with CTRL+c as needed.
2026-06-28 14:24:50 | INFO | ML | ========================
2026-06-28 14:24:50 | INFO | ML | Executed successfully!
2026-06-28 14:24:50 | INFO | ML | ========================
2026-06-28 14:24:58 | INFO | ML | === RUN START ===
2026-06-28 14:24:58 | INFO | ML | project=ML
2026-06-28 14:24:58 | INFO | ML | repo_dir=ml-07-applied
2026-06-28 14:24:58 | INFO | ML | python=3.14.0
2026-06-28 14:24:58 | INFO | ML | os=Windows 11
2026-06-28 14:24:58 | INFO | ML | shell=powershell
2026-06-28 14:24:58 | INFO | ML | cwd=.
2026-06-28 14:24:58 | INFO | ML | github_actions=False
2026-06-28 14:26:15 | INFO | M07 | === RUN START ===
2026-06-28 14:26:15 | INFO | M07 | project=M07
2026-06-28 14:26:15 | INFO | M07 | repo_dir=ml-07-applied
2026-06-28 14:26:15 | INFO | M07 | python=3.14.0
2026-06-28 14:26:15 | INFO | M07 | os=Windows 11
2026-06-28 14:26:15 | INFO | M07 | shell=powershell
2026-06-28 14:26:15 | INFO | M07 | cwd=notebooks
2026-06-28 14:26:15 | INFO | M07 | github_actions=False
2026-06-28 14:26:15 | INFO | M07 | Confirming installation:
2026-06-28 14:26:15 | INFO | M07 |   python:       3.14.0
2026-06-28 14:26:15 | INFO | M07 |   pandas:       3.0.4
2026-06-28 14:26:15 | INFO | M07 |   numpy:        2.5.0
2026-06-28 14:26:15 | INFO | M07 |   matplotlib:   3.11.0
2026-06-28 14:26:15 | INFO | M07 |   seaborn:      0.13.2
2026-06-28 14:26:15 | INFO | M07 |   requests:     2.34.2
2026-06-28 14:26:15 | INFO | M07 | API endpoint: https://ml-penguin-predictor.onrender.com/predict
2026-06-28 14:26:15 | INFO | M07 | Baseline predictions:
2026-06-28 14:26:17 | INFO | ML | === RUN START ===
2026-06-28 14:26:17 | INFO | ML | project=ML
2026-06-28 14:26:17 | INFO | ML | repo_dir=ml-07-applied
2026-06-28 14:26:17 | INFO | ML | python=3.14.0
2026-06-28 14:26:17 | INFO | ML | os=Windows 11
2026-06-28 14:26:17 | INFO | ML | shell=powershell
2026-06-28 14:26:17 | INFO | ML | cwd=.
2026-06-28 14:26:17 | INFO | ML | github_actions=False
2026-06-28 14:26:17 | INFO | ML | === RUN START ===
2026-06-28 14:26:17 | INFO | ML | project=ML
2026-06-28 14:26:17 | INFO | ML | repo_dir=ml-07-applied
2026-06-28 14:26:17 | INFO | ML | python=3.14.0
2026-06-28 14:26:17 | INFO | ML | os=Windows 11
2026-06-28 14:26:17 | INFO | ML | shell=powershell
2026-06-28 14:26:17 | INFO | ML | cwd=.
2026-06-28 14:26:17 | INFO | ML | github_actions=False
2026-06-28 14:26:17 | INFO | ML | ========================
2026-06-28 14:26:17 | INFO | ML | START main()
2026-06-28 14:26:17 | INFO | ML | ========================
2026-06-28 14:26:17 | INFO | ML | Load dataset..............
2026-06-28 14:26:17 | INFO | ML | Loading dataset: hours_scores_case
2026-06-28 14:26:17 | INFO | ML | Loaded: 10 rows, 6 columns
2026-06-28 14:26:17 | DEBUG | ML | 
   hours_studied  practice_quizzes  attendance_pct  sleep_hours  prior_score  score
0            2.0                 1              72          6.0           58     62
1            3.5                 2              80          6.5           61     68
2            4.0                 3              85          7.0           64     72
3            5.0                 3              88          7.5           66     76
4            6.0                 4              90          7.0           70     81
2026-06-28 14:26:17 | INFO | ML | Inspect dataset...........
2026-06-28 14:26:17 | INFO | ML | Column names
2026-06-28 14:26:17 | DEBUG | ML | ['hours_studied', 'practice_quizzes', 'attendance_pct', 'sleep_hours', 'prior_score', 'score']
2026-06-28 14:26:17 | INFO | ML | DataFrame info
2026-06-28 14:26:17 | INFO | ML | Dataset shape: 10 rows, 6 columns
2026-06-28 14:26:17 | INFO | ML | Check data quality........
2026-06-28 14:26:17 | INFO | ML | Missing values by column
2026-06-28 14:26:17 | DEBUG | ML | 
hours_studied       0
practice_quizzes    0
attendance_pct      0
sleep_hours         0
prior_score         0
score               0
dtype: int64
2026-06-28 14:26:17 | INFO | ML | Duplicate row count: 0
2026-06-28 14:26:17 | INFO | ML | Create clean view.........
2026-06-28 14:26:17 | INFO | ML | Creating clean modeling view
2026-06-28 14:26:17 | INFO | ML | Clean view: 10 rows, 6 columns
2026-06-28 14:26:17 | INFO | ML | Train supervised model....
2026-06-28 14:26:17 | INFO | ML | Training LinearRegression model
2026-06-28 14:26:18 | INFO | ML | Mean absolute error: 0.48
2026-06-28 14:26:18 | INFO | ML | R-squared: 1.00
2026-06-28 14:26:18 | INFO | ML | Predict one case..........
2026-06-28 14:26:18 | INFO | ML | Predicting one new case
2026-06-28 14:26:18 | INFO | ML | New case:
   hours_studied  practice_quizzes  attendance_pct  sleep_hours  prior_score
0            6.5                 4              92          7.0           72
2026-06-28 14:26:18 | INFO | ML | Predicted score: 83.4
2026-06-28 14:26:18 | INFO | ML | Create charts.............
2026-06-28 14:26:18 | INFO | ML | Creating chart: hours studied vs score
2026-06-28 14:26:18 | INFO | ML | Creating chart: model coefficients
2026-06-28 14:26:18 | INFO | ML | Got a figure Figure(900x500) and axes Axes(0.125,0.11;0.775x0.77) from plt.subplots().
2026-06-28 14:26:18 | INFO | ML | Summarize workflow........
2026-06-28 14:26:18 | INFO | ML | ========================
2026-06-28 14:26:18 | INFO | ML | SUMMARY
2026-06-28 14:26:18 | INFO | ML | ========================
2026-06-28 14:26:18 | INFO | ML | Dataset: hours_scores_case
2026-06-28 14:26:18 | INFO | ML | Original rows: 10
2026-06-28 14:26:18 | INFO | ML | Clean rows: 10
2026-06-28 14:26:18 | INFO | ML | Features: ['hours_studied', 'practice_quizzes', 'attendance_pct', 'sleep_hours', 'prior_score']
2026-06-28 14:26:18 | INFO | ML | Target: score
2026-06-28 14:26:18 | INFO | ML | ----- in a script, call plt.show() once at the end to display all charts -----
2026-06-28 14:26:18 | INFO | ML | ----- in a script, CLOSE the chart windows with the close button to CONTINUE -----
2026-06-28 14:26:45 | INFO | M07 |   expected=Adelie     got=TIMEOUT (server may be sleeping - try again) [MISMATCH]
2026-06-28 14:27:07 | INFO | M07 |   expected=Chinstrap  got=Chinstrap  [OK]
2026-06-28 14:27:07 | INFO | M07 |   expected=Gentoo     got=Gentoo     [OK]
2026-06-28 14:27:18 | INFO | M07 | bill_length_mm sweep:
2026-06-28 14:27:18 | INFO | M07 |  bill_length_mm prediction
      30.000000     Adelie
      31.578947     Adelie
      33.157895     Adelie
      34.736842     Adelie
      36.315789     Adelie
      37.894737     Adelie
      39.473684     Adelie
      41.052632     Adelie
      42.631579  Chinstrap
      44.210526  Chinstrap
      45.789474  Chinstrap
      47.368421  Chinstrap
      48.947368  Chinstrap
      50.526316  Chinstrap
      52.105263  Chinstrap
      53.684211  Chinstrap
      55.263158  Chinstrap
      56.842105  Chinstrap
      58.421053  Chinstrap
      60.000000  Chinstrap
2026-06-28 14:27:18 | INFO | M07 | ANALYST CHOICE: Where does the prediction shift and does that match your expectation?
2026-06-28 14:28:17 | INFO | M07 | ANALYST CHOICE: What does the boundary shape tell you about the model?
2026-06-28 14:28:17 | INFO | M07 | Edge case results:
2026-06-28 14:28:17 | INFO | M07 |   missing feature        -> ERROR: 400 Client Error: Bad Request for url: https://ml-penguin-predictor.onrender.com/predict
2026-06-28 14:28:18 | INFO | M07 |   extreme bill length    -> Adelie
2026-06-28 14:28:18 | INFO | M07 |   very large bill        -> Chinstrap
2026-06-28 14:28:19 | INFO | M07 |   negative value         -> Adelie
2026-06-28 14:28:19 | INFO | M07 |   zero body mass         -> Adelie
2026-06-28 14:28:19 | INFO | M07 | ANALYST CHOICE: Which edge cases were handled cleanly and which were not?
2026-06-28 14:28:19 | INFO | M07 | ========================
2026-06-28 14:28:19 | INFO | M07 | SUMMARY
2026-06-28 14:28:19 | INFO | M07 | ========================
2026-06-28 14:28:19 | INFO | M07 | API endpoint: https://ml-penguin-predictor.onrender.com/predict
2026-06-28 14:28:19 | INFO | M07 | ========================
2026-06-28 14:30:40 | INFO | ML | Workflow complete
2026-06-28 14:30:40 | INFO | ML | IMPORTANT: This script creates chart windows.
2026-06-28 14:30:40 | INFO | ML | Close chart windows and terminate this process with CTRL+c as needed.
2026-06-28 14:30:40 | INFO | ML | ========================
2026-06-28 14:30:40 | INFO | ML | Executed successfully!
2026-06-28 14:30:40 | INFO | ML | ========================
2026-06-28 14:30:47 | INFO | ML | === RUN START ===
2026-06-28 14:30:47 | INFO | ML | project=ML
2026-06-28 14:30:47 | INFO | ML | repo_dir=ml-07-applied
2026-06-28 14:30:47 | INFO | ML | python=3.14.0
2026-06-28 14:30:47 | INFO | ML | os=Windows 11
2026-06-28 14:30:47 | INFO | ML | shell=powershell
2026-06-28 14:30:47 | INFO | ML | cwd=.
2026-06-28 14:30:47 | INFO | ML | github_actions=False
2026-06-28 14:33:23 | INFO | M07 | === RUN START ===
2026-06-28 14:33:23 | INFO | M07 | project=M07
2026-06-28 14:33:23 | INFO | M07 | repo_dir=ml-07-applied
2026-06-28 14:33:23 | INFO | M07 | python=3.14.0
2026-06-28 14:33:23 | INFO | M07 | os=Windows 11
2026-06-28 14:33:23 | INFO | M07 | shell=powershell
2026-06-28 14:33:23 | INFO | M07 | cwd=notebooks
2026-06-28 14:33:23 | INFO | M07 | github_actions=False
2026-06-28 14:33:23 | INFO | M07 | Confirming installation:
2026-06-28 14:33:23 | INFO | M07 |   python:       3.14.0
2026-06-28 14:33:23 | INFO | M07 |   pandas:       3.0.4
2026-06-28 14:33:23 | INFO | M07 |   numpy:        2.5.0
2026-06-28 14:33:23 | INFO | M07 |   matplotlib:   3.11.0
2026-06-28 14:33:23 | INFO | M07 |   seaborn:      0.13.2
2026-06-28 14:33:23 | INFO | M07 |   requests:     2.34.2
2026-06-28 14:33:23 | INFO | M07 | API endpoint: https://ml-penguin-predictor.onrender.com/predict
2026-06-28 14:33:23 | INFO | M07 | Baseline predictions:
2026-06-28 14:33:24 | INFO | M07 |   expected=Adelie     got=Adelie     [OK]
2026-06-28 14:33:25 | INFO | M07 |   expected=Chinstrap  got=Chinstrap  [OK]
2026-06-28 14:33:25 | INFO | M07 |   expected=Gentoo     got=Gentoo     [OK]
2026-06-28 14:33:36 | INFO | M07 | bill_length_mm sweep:
2026-06-28 14:33:36 | INFO | M07 |  bill_length_mm prediction
      30.000000     Adelie
      31.578947     Adelie
      33.157895     Adelie
      34.736842     Adelie
      36.315789     Adelie
      37.894737     Adelie
      39.473684     Adelie
      41.052632     Adelie
      42.631579  Chinstrap
      44.210526  Chinstrap
      45.789474  Chinstrap
      47.368421  Chinstrap
      48.947368  Chinstrap
      50.526316  Chinstrap
      52.105263  Chinstrap
      53.684211  Chinstrap
      55.263158  Chinstrap
      56.842105  Chinstrap
      58.421053  Chinstrap
      60.000000  Chinstrap
2026-06-28 14:33:36 | INFO | M07 | ANALYST CHOICE: Where does the prediction shift and does that match your expectation?
2026-06-28 14:34:28 | INFO | M07 | ANALYST CHOICE: What does the boundary shape tell you about the model?
2026-06-28 14:34:28 | INFO | M07 | Edge case results:
2026-06-28 14:34:29 | INFO | M07 |   missing feature        -> ERROR: 400 Client Error: Bad Request for url: https://ml-penguin-predictor.onrender.com/predict
2026-06-28 14:34:29 | INFO | M07 |   extreme bill length    -> Adelie
2026-06-28 14:34:30 | INFO | M07 |   very large bill        -> Chinstrap
2026-06-28 14:34:30 | INFO | M07 |   negative value         -> Adelie
2026-06-28 14:34:31 | INFO | M07 |   zero body mass         -> Adelie
2026-06-28 14:34:31 | INFO | M07 | ANALYST CHOICE: Which edge cases were handled cleanly and which were not?
2026-06-28 14:34:31 | INFO | M07 | ========================
2026-06-28 14:34:31 | INFO | M07 | SUMMARY
2026-06-28 14:34:31 | INFO | M07 | ========================
2026-06-28 14:34:31 | INFO | M07 | API endpoint: https://ml-penguin-predictor.onrender.com/predict
2026-06-28 14:34:31 | INFO | M07 | ========================
2026-06-28 15:05:28 | INFO | ML | === RUN START ===
2026-06-28 15:05:28 | INFO | ML | project=ML
2026-06-28 15:05:28 | INFO | ML | repo_dir=ml-07-applied
2026-06-28 15:05:28 | INFO | ML | python=3.14.0
2026-06-28 15:05:28 | INFO | ML | os=Windows 11
2026-06-28 15:05:28 | INFO | ML | shell=powershell
2026-06-28 15:05:28 | INFO | ML | cwd=.
2026-06-28 15:05:28 | INFO | ML | github_actions=False
2026-06-28 15:05:28 | INFO | ML | === RUN START ===
2026-06-28 15:05:28 | INFO | ML | project=ML
2026-06-28 15:05:28 | INFO | ML | repo_dir=ml-07-applied
2026-06-28 15:05:28 | INFO | ML | python=3.14.0
2026-06-28 15:05:28 | INFO | ML | os=Windows 11
2026-06-28 15:05:28 | INFO | ML | shell=powershell
2026-06-28 15:05:28 | INFO | ML | cwd=.
2026-06-28 15:05:28 | INFO | ML | github_actions=False
2026-06-28 15:05:28 | INFO | ML | ========================
2026-06-28 15:05:28 | INFO | ML | START main()
2026-06-28 15:05:28 | INFO | ML | ========================
2026-06-28 15:05:28 | INFO | ML | Load dataset..............
2026-06-28 15:05:28 | INFO | ML | Loading dataset: hours_scores_case
2026-06-28 15:05:29 | INFO | ML | Loaded: 10 rows, 6 columns
2026-06-28 15:05:29 | DEBUG | ML | 
   hours_studied  practice_quizzes  attendance_pct  sleep_hours  prior_score  score
0            2.0                 1              72          6.0           58     62
1            3.5                 2              80          6.5           61     68
2            4.0                 3              85          7.0           64     72
3            5.0                 3              88          7.5           66     76
4            6.0                 4              90          7.0           70     81
2026-06-28 15:05:29 | INFO | ML | Inspect dataset...........
2026-06-28 15:05:29 | INFO | ML | Column names
2026-06-28 15:05:29 | DEBUG | ML | ['hours_studied', 'practice_quizzes', 'attendance_pct', 'sleep_hours', 'prior_score', 'score']
2026-06-28 15:05:29 | INFO | ML | DataFrame info
2026-06-28 15:05:29 | INFO | ML | Dataset shape: 10 rows, 6 columns
2026-06-28 15:05:29 | INFO | ML | Check data quality........
2026-06-28 15:05:29 | INFO | ML | Missing values by column
2026-06-28 15:05:29 | DEBUG | ML | 
hours_studied       0
practice_quizzes    0
attendance_pct      0
sleep_hours         0
prior_score         0
score               0
dtype: int64
2026-06-28 15:05:29 | INFO | ML | Duplicate row count: 0
2026-06-28 15:05:29 | INFO | ML | Create clean view.........
2026-06-28 15:05:29 | INFO | ML | Creating clean modeling view
2026-06-28 15:05:29 | INFO | ML | Clean view: 10 rows, 6 columns
2026-06-28 15:05:29 | INFO | ML | Train supervised model....
2026-06-28 15:05:29 | INFO | ML | Training LinearRegression model
2026-06-28 15:05:29 | INFO | ML | Mean absolute error: 0.48
2026-06-28 15:05:29 | INFO | ML | R-squared: 1.00
2026-06-28 15:05:29 | INFO | ML | Predict one case..........
2026-06-28 15:05:29 | INFO | ML | Predicting one new case
2026-06-28 15:05:29 | INFO | ML | New case:
   hours_studied  practice_quizzes  attendance_pct  sleep_hours  prior_score
0            6.5                 4              92          7.0           72
2026-06-28 15:05:29 | INFO | ML | Predicted score: 83.4
2026-06-28 15:05:29 | INFO | ML | Create charts.............
2026-06-28 15:05:29 | INFO | ML | Creating chart: hours studied vs score
2026-06-28 15:05:29 | INFO | ML | Creating chart: model coefficients
2026-06-28 15:05:29 | INFO | ML | Got a figure Figure(900x500) and axes Axes(0.125,0.11;0.775x0.77) from plt.subplots().
2026-06-28 15:05:29 | INFO | ML | Summarize workflow........
2026-06-28 15:05:29 | INFO | ML | ========================
2026-06-28 15:05:29 | INFO | ML | SUMMARY
2026-06-28 15:05:29 | INFO | ML | ========================
2026-06-28 15:05:29 | INFO | ML | Dataset: hours_scores_case
2026-06-28 15:05:29 | INFO | ML | Original rows: 10
2026-06-28 15:05:29 | INFO | ML | Clean rows: 10
2026-06-28 15:05:29 | INFO | ML | Features: ['hours_studied', 'practice_quizzes', 'attendance_pct', 'sleep_hours', 'prior_score']
2026-06-28 15:05:29 | INFO | ML | Target: score
2026-06-28 15:05:29 | INFO | ML | ----- in a script, call plt.show() once at the end to display all charts -----
2026-06-28 15:05:29 | INFO | ML | ----- in a script, CLOSE the chart windows with the close button to CONTINUE -----
2026-06-28 15:05:32 | INFO | ML | Workflow complete
2026-06-28 15:05:32 | INFO | ML | IMPORTANT: This script creates chart windows.
2026-06-28 15:05:32 | INFO | ML | Close chart windows and terminate this process with CTRL+c as needed.
2026-06-28 15:05:32 | INFO | ML | ========================
2026-06-28 15:05:32 | INFO | ML | Executed successfully!
2026-06-28 15:05:32 | INFO | ML | ========================
2026-06-28 15:05:38 | INFO | ML | === RUN START ===
2026-06-28 15:05:38 | INFO | ML | project=ML
2026-06-28 15:05:38 | INFO | ML | repo_dir=ml-07-applied
2026-06-28 15:05:38 | INFO | ML | python=3.14.0
2026-06-28 15:05:38 | INFO | ML | os=Windows 11
2026-06-28 15:05:38 | INFO | ML | shell=powershell
2026-06-28 15:05:38 | INFO | ML | cwd=.
2026-06-28 15:05:38 | INFO | ML | github_actions=False
2026-06-28 15:06:08 | INFO | M07 | === RUN START ===
2026-06-28 15:06:08 | INFO | M07 | project=M07
2026-06-28 15:06:08 | INFO | M07 | repo_dir=ml-07-applied
2026-06-28 15:06:08 | INFO | M07 | python=3.14.0
2026-06-28 15:06:08 | INFO | M07 | os=Windows 11
2026-06-28 15:06:08 | INFO | M07 | shell=powershell
2026-06-28 15:06:08 | INFO | M07 | cwd=notebooks
2026-06-28 15:06:08 | INFO | M07 | github_actions=False
2026-06-28 15:06:08 | INFO | M07 | Confirming installation:
2026-06-28 15:06:08 | INFO | M07 |   python:       3.14.0
2026-06-28 15:06:08 | INFO | M07 |   pandas:       3.0.4
2026-06-28 15:06:08 | INFO | M07 |   numpy:        2.5.0
2026-06-28 15:06:08 | INFO | M07 |   scikit-learn: 1.9.0
2026-06-28 15:06:08 | INFO | M07 |   seaborn:      0.13.2
2026-06-28 15:06:08 | INFO | M07 |   matplotlib:   3.11.0
2026-06-28 15:06:54 | INFO | M07 | === RUN START ===
2026-06-28 15:06:54 | INFO | M07 | project=M07
2026-06-28 15:06:54 | INFO | M07 | repo_dir=ml-07-applied
2026-06-28 15:06:54 | INFO | M07 | python=3.14.0
2026-06-28 15:06:54 | INFO | M07 | os=Windows 11
2026-06-28 15:06:54 | INFO | M07 | shell=powershell
2026-06-28 15:06:54 | INFO | M07 | cwd=notebooks
2026-06-28 15:06:54 | INFO | M07 | github_actions=False
2026-06-28 15:06:54 | INFO | M07 | Confirming installation:
2026-06-28 15:06:54 | INFO | M07 |   python:       3.14.0
2026-06-28 15:06:54 | INFO | M07 |   pandas:       3.0.4
2026-06-28 15:06:54 | INFO | M07 |   numpy:        2.5.0
2026-06-28 15:06:54 | INFO | M07 |   scikit-learn: 1.9.0
2026-06-28 15:06:54 | INFO | M07 |   seaborn:      0.13.2
2026-06-28 15:06:54 | INFO | M07 |   matplotlib:   3.11.0
2026-06-28 15:07:16 | INFO | ML | === RUN START ===
2026-06-28 15:07:16 | INFO | ML | project=ML
2026-06-28 15:07:16 | INFO | ML | repo_dir=ml-07-applied
2026-06-28 15:07:16 | INFO | ML | python=3.14.0
2026-06-28 15:07:16 | INFO | ML | os=Windows 11
2026-06-28 15:07:16 | INFO | ML | shell=powershell
2026-06-28 15:07:16 | INFO | ML | cwd=.
2026-06-28 15:07:16 | INFO | ML | github_actions=False
2026-06-28 15:07:16 | INFO | ML | === RUN START ===
2026-06-28 15:07:16 | INFO | ML | project=ML
2026-06-28 15:07:16 | INFO | ML | repo_dir=ml-07-applied
2026-06-28 15:07:16 | INFO | ML | python=3.14.0
2026-06-28 15:07:16 | INFO | ML | os=Windows 11
2026-06-28 15:07:16 | INFO | ML | shell=powershell
2026-06-28 15:07:16 | INFO | ML | cwd=.
2026-06-28 15:07:16 | INFO | ML | github_actions=False
2026-06-28 15:07:16 | INFO | ML | ========================
2026-06-28 15:07:16 | INFO | ML | START main()
2026-06-28 15:07:16 | INFO | ML | ========================
2026-06-28 15:07:16 | INFO | ML | Load dataset..............
2026-06-28 15:07:16 | INFO | ML | Loading dataset: hours_scores_case
2026-06-28 15:07:16 | INFO | ML | Loaded: 10 rows, 6 columns
2026-06-28 15:07:16 | DEBUG | ML | 
   hours_studied  practice_quizzes  attendance_pct  sleep_hours  prior_score  score
0            2.0                 1              72          6.0           58     62
1            3.5                 2              80          6.5           61     68
2            4.0                 3              85          7.0           64     72
3            5.0                 3              88          7.5           66     76
4            6.0                 4              90          7.0           70     81
2026-06-28 15:07:16 | INFO | ML | Inspect dataset...........
2026-06-28 15:07:16 | INFO | ML | Column names
2026-06-28 15:07:16 | DEBUG | ML | ['hours_studied', 'practice_quizzes', 'attendance_pct', 'sleep_hours', 'prior_score', 'score']
2026-06-28 15:07:16 | INFO | ML | DataFrame info
2026-06-28 15:07:16 | INFO | ML | Dataset shape: 10 rows, 6 columns
2026-06-28 15:07:16 | INFO | ML | Check data quality........
2026-06-28 15:07:16 | INFO | ML | Missing values by column
2026-06-28 15:07:16 | DEBUG | ML | 
hours_studied       0
practice_quizzes    0
attendance_pct      0
sleep_hours         0
prior_score         0
score               0
dtype: int64
2026-06-28 15:07:16 | INFO | ML | Duplicate row count: 0
2026-06-28 15:07:16 | INFO | ML | Create clean view.........
2026-06-28 15:07:16 | INFO | ML | Creating clean modeling view
2026-06-28 15:07:16 | INFO | ML | Clean view: 10 rows, 6 columns
2026-06-28 15:07:16 | INFO | ML | Train supervised model....
2026-06-28 15:07:16 | INFO | ML | Training LinearRegression model
2026-06-28 15:07:16 | INFO | ML | Mean absolute error: 0.48
2026-06-28 15:07:16 | INFO | ML | R-squared: 1.00
2026-06-28 15:07:16 | INFO | ML | Predict one case..........
2026-06-28 15:07:16 | INFO | ML | Predicting one new case
2026-06-28 15:07:16 | INFO | ML | New case:
   hours_studied  practice_quizzes  attendance_pct  sleep_hours  prior_score
0            6.5                 4              92          7.0           72
2026-06-28 15:07:16 | INFO | ML | Predicted score: 83.4
2026-06-28 15:07:16 | INFO | ML | Create charts.............
2026-06-28 15:07:16 | INFO | ML | Creating chart: hours studied vs score
2026-06-28 15:07:16 | INFO | ML | Creating chart: model coefficients
2026-06-28 15:07:16 | INFO | ML | Got a figure Figure(900x500) and axes Axes(0.125,0.11;0.775x0.77) from plt.subplots().
2026-06-28 15:07:16 | INFO | ML | Summarize workflow........
2026-06-28 15:07:16 | INFO | ML | ========================
2026-06-28 15:07:16 | INFO | ML | SUMMARY
2026-06-28 15:07:16 | INFO | ML | ========================
2026-06-28 15:07:16 | INFO | ML | Dataset: hours_scores_case
2026-06-28 15:07:16 | INFO | ML | Original rows: 10
2026-06-28 15:07:16 | INFO | ML | Clean rows: 10
2026-06-28 15:07:16 | INFO | ML | Features: ['hours_studied', 'practice_quizzes', 'attendance_pct', 'sleep_hours', 'prior_score']
2026-06-28 15:07:16 | INFO | ML | Target: score
2026-06-28 15:07:16 | INFO | ML | ----- in a script, call plt.show() once at the end to display all charts -----
2026-06-28 15:07:16 | INFO | ML | ----- in a script, CLOSE the chart windows with the close button to CONTINUE -----
2026-06-28 15:08:29 | INFO | ML | Workflow complete
2026-06-28 15:08:29 | INFO | ML | IMPORTANT: This script creates chart windows.
2026-06-28 15:08:29 | INFO | ML | Close chart windows and terminate this process with CTRL+c as needed.
2026-06-28 15:08:29 | INFO | ML | ========================
2026-06-28 15:08:29 | INFO | ML | Executed successfully!
2026-06-28 15:08:29 | INFO | ML | ========================
2026-06-28 15:08:34 | INFO | ML | === RUN START ===
2026-06-28 15:08:34 | INFO | ML | project=ML
2026-06-28 15:08:34 | INFO | ML | repo_dir=ml-07-applied
2026-06-28 15:08:34 | INFO | ML | python=3.14.0
2026-06-28 15:08:34 | INFO | ML | os=Windows 11
2026-06-28 15:08:34 | INFO | ML | shell=powershell
2026-06-28 15:08:34 | INFO | ML | cwd=.
2026-06-28 15:08:34 | INFO | ML | github_actions=False
2026-08-11 19:17:15 | INFO | ML | === RUN START ===
2026-08-11 19:17:15 | INFO | ML | project=ML
2026-08-11 19:17:15 | INFO | ML | repo_dir=CS44670-Module-7
2026-08-11 19:17:15 | INFO | ML | python=3.14.6
2026-08-11 19:17:15 | INFO | ML | os=Windows 11
2026-08-11 19:17:15 | INFO | ML | shell=powershell
2026-08-11 19:17:15 | INFO | ML | cwd=.
2026-08-11 19:17:15 | INFO | ML | github_actions=False
2026-08-11 19:17:15 | INFO | ML | === RUN START ===
2026-08-11 19:17:15 | INFO | ML | project=ML
2026-08-11 19:17:15 | INFO | ML | repo_dir=CS44670-Module-7
2026-08-11 19:17:15 | INFO | ML | python=3.14.6
2026-08-11 19:17:15 | INFO | ML | os=Windows 11
2026-08-11 19:17:15 | INFO | ML | shell=powershell
2026-08-11 19:17:15 | INFO | ML | cwd=.
2026-08-11 19:17:15 | INFO | ML | github_actions=False
2026-08-11 19:17:15 | INFO | ML | ========================
2026-08-11 19:17:15 | INFO | ML | START main()
2026-08-11 19:17:15 | INFO | ML | ========================
2026-08-11 19:17:15 | INFO | ML | Load dataset..............
2026-08-11 19:17:15 | INFO | ML | Loading dataset: hours_scores_case
2026-08-11 19:17:15 | INFO | ML | Loaded: 10 rows, 6 columns
2026-08-11 19:17:15 | DEBUG | ML | 
   hours_studied  practice_quizzes  attendance_pct  sleep_hours  prior_score  score
0            2.0                 1              72          6.0           58     62
1            3.5                 2              80          6.5           61     68
2            4.0                 3              85          7.0           64     72
3            5.0                 3              88          7.5           66     76
4            6.0                 4              90          7.0           70     81
2026-08-11 19:17:15 | INFO | ML | Inspect dataset...........
2026-08-11 19:17:15 | INFO | ML | Column names
2026-08-11 19:17:15 | DEBUG | ML | ['hours_studied', 'practice_quizzes', 'attendance_pct', 'sleep_hours', 'prior_score', 'score']
2026-08-11 19:17:15 | INFO | ML | DataFrame info
2026-08-11 19:17:15 | INFO | ML | Dataset shape: 10 rows, 6 columns
2026-08-11 19:17:15 | INFO | ML | Check data quality........
2026-08-11 19:17:15 | INFO | ML | Missing values by column
2026-08-11 19:17:15 | DEBUG | ML | 
hours_studied       0
practice_quizzes    0
attendance_pct      0
sleep_hours         0
prior_score         0
score               0
dtype: int64
2026-08-11 19:17:15 | INFO | ML | Duplicate row count: 0
2026-08-11 19:17:15 | INFO | ML | Create clean view.........
2026-08-11 19:17:15 | INFO | ML | Creating clean modeling view
2026-08-11 19:17:15 | INFO | ML | Clean view: 10 rows, 6 columns
2026-08-11 19:17:15 | INFO | ML | Train supervised model....
2026-08-11 19:17:15 | INFO | ML | Training LinearRegression model
2026-08-11 19:17:15 | INFO | ML | Mean absolute error: 0.48
2026-08-11 19:17:15 | INFO | ML | R-squared: 1.00
2026-08-11 19:17:15 | INFO | ML | Predict one case..........
2026-08-11 19:17:15 | INFO | ML | Predicting one new case
2026-08-11 19:17:15 | INFO | ML | New case:
   hours_studied  practice_quizzes  attendance_pct  sleep_hours  prior_score
0            6.5                 4              92          7.0           72
2026-08-11 19:17:15 | INFO | ML | Predicted score: 83.4
2026-08-11 19:17:15 | INFO | ML | Create charts.............
2026-08-11 19:17:15 | INFO | ML | Creating chart: hours studied vs score
2026-08-11 19:17:16 | INFO | ML | Creating chart: model coefficients
2026-08-11 19:17:16 | INFO | ML | Got a figure Figure(900x500) and axes Axes(0.125,0.11;0.775x0.77) from plt.subplots().
2026-08-11 19:17:16 | INFO | ML | Summarize workflow........
2026-08-11 19:17:16 | INFO | ML | ========================
2026-08-11 19:17:16 | INFO | ML | SUMMARY
2026-08-11 19:17:16 | INFO | ML | ========================
2026-08-11 19:17:16 | INFO | ML | Dataset: hours_scores_case
2026-08-11 19:17:16 | INFO | ML | Original rows: 10
2026-08-11 19:17:16 | INFO | ML | Clean rows: 10
2026-08-11 19:17:16 | INFO | ML | Features: ['hours_studied', 'practice_quizzes', 'attendance_pct', 'sleep_hours', 'prior_score']
2026-08-11 19:17:16 | INFO | ML | Target: score
2026-08-11 19:17:16 | INFO | ML | ----- in a script, call plt.show() once at the end to display all charts -----
2026-08-11 19:17:16 | INFO | ML | ----- in a script, CLOSE the chart windows with the close button to CONTINUE -----
2026-08-11 19:17:29 | INFO | ML | Workflow complete
2026-08-11 19:17:29 | INFO | ML | IMPORTANT: This script creates chart windows.
2026-08-11 19:17:29 | INFO | ML | Close chart windows and terminate this process with CTRL+c as needed.
2026-08-11 19:17:29 | INFO | ML | ========================
2026-08-11 19:17:29 | INFO | ML | Executed successfully!
2026-08-11 19:17:29 | INFO | ML | ========================
2026-08-13 09:50:23 | INFO | ML | === RUN START ===
2026-08-13 09:50:23 | INFO | ML | project=ML
2026-08-13 09:50:23 | INFO | ML | repo_dir=CS44670-Module-7
2026-08-13 09:50:23 | INFO | ML | python=3.14.7
2026-08-13 09:50:23 | INFO | ML | os=Windows 11
2026-08-13 09:50:23 | INFO | ML | shell=powershell
2026-08-13 09:50:23 | INFO | ML | cwd=.
2026-08-13 09:50:23 | INFO | ML | github_actions=False
2026-08-13 09:50:23 | INFO | ML | === RUN START ===
2026-08-13 09:50:23 | INFO | ML | project=ML
2026-08-13 09:50:23 | INFO | ML | repo_dir=CS44670-Module-7
2026-08-13 09:50:23 | INFO | ML | python=3.14.7
2026-08-13 09:50:23 | INFO | ML | os=Windows 11
2026-08-13 09:50:23 | INFO | ML | shell=powershell
2026-08-13 09:50:23 | INFO | ML | cwd=.
2026-08-13 09:50:23 | INFO | ML | github_actions=False
2026-08-13 09:50:23 | INFO | ML | ========================
2026-08-13 09:50:23 | INFO | ML | START main()
2026-08-13 09:50:23 | INFO | ML | ========================
2026-08-13 09:50:23 | INFO | ML | Load dataset..............
2026-08-13 09:50:23 | INFO | ML | Loading dataset: hours_scores_case
2026-08-13 09:50:23 | INFO | ML | Loaded: 10 rows, 6 columns
2026-08-13 09:50:23 | DEBUG | ML | 
   hours_studied  practice_quizzes  attendance_pct  sleep_hours  prior_score  score
0            2.0                 1              72          6.0           58     62
1            3.5                 2              80          6.5           61     68
2            4.0                 3              85          7.0           64     72
3            5.0                 3              88          7.5           66     76
4            6.0                 4              90          7.0           70     81
2026-08-13 09:50:23 | INFO | ML | Inspect dataset...........
2026-08-13 09:50:23 | INFO | ML | Column names
2026-08-13 09:50:23 | DEBUG | ML | ['hours_studied', 'practice_quizzes', 'attendance_pct', 'sleep_hours', 'prior_score', 'score']
2026-08-13 09:50:23 | INFO | ML | DataFrame info
2026-08-13 09:50:23 | INFO | ML | Dataset shape: 10 rows, 6 columns
2026-08-13 09:50:23 | INFO | ML | Check data quality........
2026-08-13 09:50:23 | INFO | ML | Missing values by column
2026-08-13 09:50:23 | DEBUG | ML | 
hours_studied       0
practice_quizzes    0
attendance_pct      0
sleep_hours         0
prior_score         0
score               0
dtype: int64
2026-08-13 09:50:23 | INFO | ML | Duplicate row count: 0
2026-08-13 09:50:23 | INFO | ML | Create clean view.........
2026-08-13 09:50:23 | INFO | ML | Creating clean modeling view
2026-08-13 09:50:23 | INFO | ML | Clean view: 10 rows, 6 columns
2026-08-13 09:50:23 | INFO | ML | Train supervised model....
2026-08-13 09:50:23 | INFO | ML | Training LinearRegression model
2026-08-13 09:50:23 | INFO | ML | Mean absolute error: 0.48
2026-08-13 09:50:23 | INFO | ML | R-squared: 1.00
2026-08-13 09:50:23 | INFO | ML | Predict one case..........
2026-08-13 09:50:23 | INFO | ML | Predicting one new case
2026-08-13 09:50:23 | INFO | ML | New case:
   hours_studied  practice_quizzes  attendance_pct  sleep_hours  prior_score
0            6.5                 4              92          7.0           72
2026-08-13 09:50:23 | INFO | ML | Predicted score: 83.4
2026-08-13 09:50:23 | INFO | ML | Create charts.............
2026-08-13 09:50:23 | INFO | ML | Creating chart: hours studied vs score
2026-08-13 09:50:24 | INFO | ML | Creating chart: model coefficients
2026-08-13 09:50:24 | INFO | ML | Got a figure Figure(900x500) and axes Axes(0.125,0.11;0.775x0.77) from plt.subplots().
2026-08-13 09:50:24 | INFO | ML | Summarize workflow........
2026-08-13 09:50:24 | INFO | ML | ========================
2026-08-13 09:50:24 | INFO | ML | SUMMARY
2026-08-13 09:50:24 | INFO | ML | ========================
2026-08-13 09:50:24 | INFO | ML | Dataset: hours_scores_case
2026-08-13 09:50:24 | INFO | ML | Original rows: 10
2026-08-13 09:50:24 | INFO | ML | Clean rows: 10
2026-08-13 09:50:24 | INFO | ML | Features: ['hours_studied', 'practice_quizzes', 'attendance_pct', 'sleep_hours', 'prior_score']
2026-08-13 09:50:24 | INFO | ML | Target: score
2026-08-13 09:50:24 | INFO | ML | ----- in a script, call plt.show() once at the end to display all charts -----
2026-08-13 09:50:24 | INFO | ML | ----- in a script, CLOSE the chart windows with the close button to CONTINUE -----
2026-08-13 09:50:30 | INFO | ML | Workflow complete
2026-08-13 09:50:30 | INFO | ML | IMPORTANT: This script creates chart windows.
2026-08-13 09:50:30 | INFO | ML | Close chart windows and terminate this process with CTRL+c as needed.
2026-08-13 09:50:30 | INFO | ML | ========================
2026-08-13 09:50:30 | INFO | ML | Executed successfully!
2026-08-13 09:50:30 | INFO | ML | ========================
2026-08-13 09:52:55 | INFO | M07 | === RUN START ===
2026-08-13 09:52:55 | INFO | M07 | project=M07
2026-08-13 09:52:55 | INFO | M07 | repo_dir=CS44670-Module-7
2026-08-13 09:52:55 | INFO | M07 | python=3.14.7
2026-08-13 09:52:55 | INFO | M07 | os=Windows 11
2026-08-13 09:52:55 | INFO | M07 | shell=powershell
2026-08-13 09:52:55 | INFO | M07 | cwd=notebooks
2026-08-13 09:52:55 | INFO | M07 | github_actions=False
2026-08-13 09:52:55 | INFO | M07 | Confirming installation:
2026-08-13 09:52:55 | INFO | M07 |   python:       3.14.7
2026-08-13 09:52:55 | INFO | M07 |   pandas:       3.0.5
2026-08-13 09:52:55 | INFO | M07 |   numpy:        2.5.2
2026-08-13 09:52:55 | INFO | M07 |   scikit-learn: 1.9.0
2026-08-13 09:52:55 | INFO | M07 |   seaborn:      0.13.2
2026-08-13 09:52:55 | INFO | M07 |   matplotlib:   3.11.1
2026-08-13 09:53:00 | INFO | M07 | === RUN START ===
2026-08-13 09:53:00 | INFO | M07 | project=M07
2026-08-13 09:53:00 | INFO | M07 | repo_dir=CS44670-Module-7
2026-08-13 09:53:00 | INFO | M07 | python=3.14.7
2026-08-13 09:53:00 | INFO | M07 | os=Windows 11
2026-08-13 09:53:00 | INFO | M07 | shell=powershell
2026-08-13 09:53:00 | INFO | M07 | cwd=notebooks
2026-08-13 09:53:00 | INFO | M07 | github_actions=False
2026-08-13 09:53:00 | INFO | M07 | Confirming installation:
2026-08-13 09:53:00 | INFO | M07 |   python:       3.14.7
2026-08-13 09:53:00 | INFO | M07 |   pandas:       3.0.5
2026-08-13 09:53:00 | INFO | M07 |   numpy:        2.5.2
2026-08-13 09:53:00 | INFO | M07 |   scikit-learn: 1.9.0
2026-08-13 09:53:00 | INFO | M07 |   seaborn:      0.13.2
2026-08-13 09:53:00 | INFO | M07 |   matplotlib:   3.11.1
2026-08-13 09:53:49 | INFO | M07 | Text corpus: 24 documents, classes=['cooking', 'space', 'sports']
2026-08-13 09:53:49 | INFO | M07 | Vocabulary size (features): 107
2026-08-13 09:53:49 | INFO | M07 | Text test accuracy: 0.500
2026-08-13 09:53:49 | INFO | M07 |   predicted 'sports'  <-  'the midfielder scored in the last minute of the game'
2026-08-13 09:53:49 | INFO | M07 |   predicted 'cooking'  <-  'stir the sauce and bake the casserole until golden'
2026-08-13 09:53:49 | INFO | M07 | TF-IDF ignored word order. Did any misread sentence reveal that limit?
2026-08-13 09:54:03 | INFO | M07 | Image data: 1797 images, 64 pixel features each
2026-08-13 09:54:03 | INFO | M07 | Classes (digits): [0, 1, 2, 3, 4, 5, 6, 7, 8, 9]
2026-08-13 09:54:03 | INFO | M07 | Image test accuracy: 0.969
2026-08-13 09:54:03 | INFO | M07 | Showing confusion matrix (which digits get confused)
2026-08-13 09:54:03 | INFO | M07 | Which digits confuse each other, and does the pixel view explain why?
2026-08-13 09:54:16 | INFO | M07 | ========================
2026-08-13 09:54:16 | INFO | M07 | SUMMARY
2026-08-13 09:54:16 | INFO | M07 | ========================
2026-08-13 09:54:16 | INFO | M07 | Text:   TF-IDF + MultinomialNB on a labeled corpus
2026-08-13 09:54:16 | INFO | M07 | Image:  pixel features + LogisticRegression on digit images
2026-08-13 09:54:16 | INFO | M07 | Same skeleton both times; only the representation changed.
2026-08-13 09:54:16 | INFO | M07 | ========================
2026-08-13 09:54:16 | INFO | M07 | YOUR JUDGMENT (write up in README.md and docs/index.md):
2026-08-13 09:54:16 | INFO | M07 |   - What did TF-IDF throw away, and where would that bite you?
2026-08-13 09:54:16 | INFO | M07 |   - What did flattening images throw away, and where would that bite you?
2026-08-13 09:54:16 | INFO | M07 |   - For each, what representation would you reach for next, and why?
2026-08-13 09:54:16 | INFO | M07 | ========================
2026-08-13 09:59:14 | INFO | M07 | Image data: 1797 images, 64 pixel features each
2026-08-13 09:59:14 | INFO | M07 | Classes (digits): [0, 1, 2, 3, 4, 5, 6, 7, 8, 9]
2026-08-13 09:59:14 | INFO | M07 | Image test accuracy: 0.969
2026-08-13 09:59:14 | INFO | M07 | Showing confusion matrix (which digits get confused)
2026-08-13 09:59:14 | INFO | M07 | Which digits confuse each other, and does the pixel view explain why?
2026-08-13 09:59:25 | INFO | M07 | Image data: 1797 images, 64 pixel features each
2026-08-13 09:59:25 | INFO | M07 | Classes (digits): [0, 1, 2, 3, 4, 5, 6, 7, 8, 9]
2026-08-13 09:59:26 | INFO | M07 | Image test accuracy: 0.969
2026-08-13 09:59:26 | INFO | M07 | Showing confusion matrix (which digits get confused)
2026-08-13 09:59:26 | INFO | M07 | Which digits confuse each other, and does the pixel view explain why?
2026-08-13 09:59:35 | INFO | M07 | Image data: 1797 images, 64 pixel features each
2026-08-13 09:59:35 | INFO | M07 | Classes (digits): [0, 1, 2, 3, 4, 5, 6, 7, 8, 9]
2026-08-13 09:59:35 | INFO | M07 | Image test accuracy: 0.969
2026-08-13 09:59:35 | INFO | M07 | Showing confusion matrix (which digits get confused)
2026-08-13 09:59:36 | INFO | M07 | Which digits confuse each other, and does the pixel view explain why?
2026-08-13 10:02:26 | INFO | M07 | Image data: 1797 images, 64 pixel features each
2026-08-13 10:02:26 | INFO | M07 | Classes (digits): [0, 1, 2, 3, 4, 5, 6, 7, 8, 9]
2026-08-13 10:03:27 | INFO | M07 | Image data: 1797 images, 64 pixel features each
2026-08-13 10:03:27 | INFO | M07 | Classes (digits): [0, 1, 2, 3, 4, 5, 6, 7, 8, 9]
2026-08-13 10:03:35 | INFO | M07 | Image test accuracy: 0.967
2026-08-13 10:03:35 | INFO | M07 | Showing confusion matrix (which digits get confused)
2026-08-13 10:03:35 | INFO | M07 | Which digits confuse each other, and does the pixel view explain why?
2026-08-13 10:05:14 | INFO | M07 | Image data: 1797 images, 64 pixel features each
2026-08-13 10:05:14 | INFO | M07 | Classes (digits): [0, 1, 2, 3, 4, 5, 6, 7, 8, 9]
2026-08-13 10:05:23 | INFO | M07 | Image test accuracy: 0.967
2026-08-13 10:05:23 | INFO | M07 | Showing confusion matrix (which digits get confused)
2026-08-13 10:05:23 | INFO | M07 | Image test R^2: 0.967
2026-08-13 10:05:23 | INFO | M07 | Which digits confuse each other, and does the pixel view explain why?
2026-08-13 10:05:38 | INFO | M07 | Image data: 1797 images, 64 pixel features each
2026-08-13 10:05:38 | INFO | M07 | Classes (digits): [0, 1, 2, 3, 4, 5, 6, 7, 8, 9]
2026-08-13 10:05:38 | INFO | M07 | Image test accuracy: 0.969
2026-08-13 10:05:38 | INFO | M07 | Showing confusion matrix (which digits get confused)
2026-08-13 10:05:38 | INFO | M07 | Image test R^2: 0.969
2026-08-13 10:05:38 | INFO | M07 | Which digits confuse each other, and does the pixel view explain why?
2026-08-13 10:06:00 | INFO | M07 | Image data: 1797 images, 64 pixel features each
2026-08-13 10:06:00 | INFO | M07 | Classes (digits): [0, 1, 2, 3, 4, 5, 6, 7, 8, 9]
2026-08-13 10:06:01 | INFO | M07 | Image test accuracy: 0.969
2026-08-13 10:06:01 | INFO | M07 | Showing confusion matrix (which digits get confused)
2026-08-13 10:06:01 | INFO | M07 | Image test R^2: 0.969
2026-08-13 10:06:01 | INFO | M07 | Which digits confuse each other, and does the pixel view explain why?
2026-08-13 10:06:11 | INFO | M07 | Image data: 1797 images, 64 pixel features each
2026-08-13 10:06:11 | INFO | M07 | Classes (digits): [0, 1, 2, 3, 4, 5, 6, 7, 8, 9]
2026-08-13 10:06:43 | INFO | M07 | Image data: 1797 images, 64 pixel features each
2026-08-13 10:06:43 | INFO | M07 | Classes (digits): [0, 1, 2, 3, 4, 5, 6, 7, 8, 9]
2026-08-13 10:07:21 | INFO | M07 | Image data: 1797 images, 64 pixel features each
2026-08-13 10:07:21 | INFO | M07 | Classes (digits): [0, 1, 2, 3, 4, 5, 6, 7, 8, 9]
2026-08-13 10:07:22 | INFO | M07 | Image test accuracy: 0.967
2026-08-13 10:07:22 | INFO | M07 | Showing confusion matrix (which digits get confused)
2026-08-13 10:07:22 | INFO | M07 | Image test R^2: 0.967
2026-08-13 10:07:22 | INFO | M07 | Which digits confuse each other, and does the pixel view explain why?
2026-08-13 10:07:37 | INFO | M07 | Image data: 1797 images, 64 pixel features each
2026-08-13 10:07:37 | INFO | M07 | Classes (digits): [0, 1, 2, 3, 4, 5, 6, 7, 8, 9]
2026-08-13 10:07:38 | INFO | M07 | Image test accuracy: 0.967
2026-08-13 10:07:38 | INFO | M07 | Showing confusion matrix (which digits get confused)
2026-08-13 10:07:38 | INFO | M07 | Image test R^2: 0.967
2026-08-13 10:07:38 | INFO | M07 | Which digits confuse each other, and does the pixel view explain why?
2026-08-13 10:07:49 | INFO | M07 | Image data: 1797 images, 64 pixel features each
2026-08-13 10:07:49 | INFO | M07 | Classes (digits): [0, 1, 2, 3, 4, 5, 6, 7, 8, 9]
2026-08-13 10:07:51 | INFO | M07 | Image test accuracy: 0.967
2026-08-13 10:07:51 | INFO | M07 | Showing confusion matrix (which digits get confused)
2026-08-13 10:07:51 | INFO | M07 | Image test R^2: 0.967
2026-08-13 10:07:51 | INFO | M07 | Which digits confuse each other, and does the pixel view explain why?
2026-08-13 10:08:00 | INFO | M07 | Image data: 1797 images, 64 pixel features each
2026-08-13 10:08:00 | INFO | M07 | Classes (digits): [0, 1, 2, 3, 4, 5, 6, 7, 8, 9]
2026-08-13 10:08:01 | INFO | M07 | Image test accuracy: 0.969
2026-08-13 10:08:01 | INFO | M07 | Showing confusion matrix (which digits get confused)
2026-08-13 10:08:01 | INFO | M07 | Image test R^2: 0.969
2026-08-13 10:08:01 | INFO | M07 | Which digits confuse each other, and does the pixel view explain why?
2026-08-13 10:13:45 | INFO | M07 | Image data: 1797 images, 64 pixel features each
2026-08-13 10:13:45 | INFO | M07 | Classes (digits): [0, 1, 2, 3, 4, 5, 6, 7, 8, 9]
2026-08-13 10:13:45 | INFO | M07 | Image test accuracy: 0.969
2026-08-13 10:13:45 | INFO | M07 | Showing confusion matrix (which digits get confused)
2026-08-13 10:13:45 | INFO | M07 | Image test R^2: 0.969
2026-08-13 10:13:45 | INFO | M07 | Which digits confuse each other, and does the pixel view explain why?
2026-08-13 10:14:03 | INFO | M07 | Image data: 1797 images, 64 pixel features each
2026-08-13 10:14:03 | INFO | M07 | Classes (digits): [0, 1, 2, 3, 4, 5, 6, 7, 8, 9]
2026-08-13 10:14:03 | INFO | M07 | Image test accuracy: 0.969
2026-08-13 10:14:03 | INFO | M07 | Showing confusion matrix (which digits get confused)
2026-08-13 10:14:03 | INFO | M07 | Image test R^2: 0.969
2026-08-13 10:14:03 | INFO | M07 | Which digits confuse each other, and does the pixel view explain why?
2026-08-13 10:19:44 | INFO | M07 | === RUN START ===
2026-08-13 10:19:44 | INFO | M07 | project=M07
2026-08-13 10:19:44 | INFO | M07 | repo_dir=CS44670-Module-7
2026-08-13 10:19:44 | INFO | M07 | python=3.14.7
2026-08-13 10:19:44 | INFO | M07 | os=Windows 11
2026-08-13 10:19:44 | INFO | M07 | shell=powershell
2026-08-13 10:19:44 | INFO | M07 | cwd=notebooks
2026-08-13 10:19:44 | INFO | M07 | github_actions=False
2026-08-13 10:19:44 | INFO | M07 | Confirming installation:
2026-08-13 10:19:44 | INFO | M07 |   python:       3.14.7
2026-08-13 10:19:44 | INFO | M07 |   pandas:       3.0.5
2026-08-13 10:19:44 | INFO | M07 |   numpy:        2.5.2
2026-08-13 10:19:44 | INFO | M07 |   scikit-learn: 1.9.0
2026-08-13 10:19:44 | INFO | M07 |   seaborn:      0.13.2
2026-08-13 10:19:44 | INFO | M07 |   matplotlib:   3.11.1
2026-08-13 10:19:44 | INFO | M07 | Text corpus: 24 documents, classes=['cooking', 'space', 'sports']
2026-08-13 10:19:44 | INFO | M07 | Vocabulary size (features): 107
2026-08-13 10:19:44 | INFO | M07 | Text test accuracy: 0.500
2026-08-13 10:19:44 | INFO | M07 |   predicted 'sports'  <-  'the midfielder scored in the last minute of the game'
2026-08-13 10:19:44 | INFO | M07 |   predicted 'cooking'  <-  'stir the sauce and bake the casserole until golden'
2026-08-13 10:19:44 | INFO | M07 | TF-IDF ignored word order. Did any misread sentence reveal that limit?
2026-08-13 10:19:45 | INFO | M07 | Image data: 1797 images, 64 pixel features each
2026-08-13 10:19:45 | INFO | M07 | Classes (digits): [0, 1, 2, 3, 4, 5, 6, 7, 8, 9]
2026-08-13 10:19:45 | INFO | M07 | Image test accuracy: 0.969
2026-08-13 10:19:45 | INFO | M07 | Showing confusion matrix (which digits get confused)
2026-08-13 10:19:45 | INFO | M07 | Image test R^2: 0.969
2026-08-13 10:19:45 | INFO | M07 | Pixel 0: correlation with target = 0.000
2026-08-13 10:19:45 | INFO | M07 | Pixel 1: correlation with target = -0.049
2026-08-13 10:19:45 | INFO | M07 | Pixel 2: correlation with target = -0.013
2026-08-13 10:19:45 | INFO | M07 | Pixel 3: correlation with target = -0.015
2026-08-13 10:19:45 | INFO | M07 | Pixel 4: correlation with target = 0.108
2026-08-13 10:19:45 | INFO | M07 | Pixel 5: correlation with target = 0.194
2026-08-13 10:19:45 | INFO | M07 | Pixel 6: correlation with target = 0.200
2026-08-13 10:19:45 | INFO | M07 | Pixel 7: correlation with target = 0.106
2026-08-13 10:19:45 | INFO | M07 | Pixel 8: correlation with target = 0.023
2026-08-13 10:19:45 | INFO | M07 | Pixel 9: correlation with target = -0.016
2026-08-13 10:19:45 | INFO | M07 | Pixel 10: correlation with target = 0.121
2026-08-13 10:19:45 | INFO | M07 | Pixel 11: correlation with target = -0.135
2026-08-13 10:19:45 | INFO | M07 | Pixel 12: correlation with target = -0.269
2026-08-13 10:19:45 | INFO | M07 | Pixel 13: correlation with target = 0.069
2026-08-13 10:19:45 | INFO | M07 | Pixel 14: correlation with target = 0.219
2026-08-13 10:19:45 | INFO | M07 | Pixel 15: correlation with target = 0.090
2026-08-13 10:19:45 | INFO | M07 | Pixel 16: correlation with target = -0.026
2026-08-13 10:19:45 | INFO | M07 | Pixel 17: correlation with target = -0.038
2026-08-13 10:19:45 | INFO | M07 | Pixel 18: correlation with target = 0.090
2026-08-13 10:19:45 | INFO | M07 | Pixel 19: correlation with target = -0.146
2026-08-13 10:19:45 | INFO | M07 | Pixel 20: correlation with target = -0.131
2026-08-13 10:19:45 | INFO | M07 | Pixel 21: correlation with target = 0.108
2026-08-13 10:19:45 | INFO | M07 | Pixel 22: correlation with target = 0.082
2026-08-13 10:19:45 | INFO | M07 | Pixel 23: correlation with target = 0.029
2026-08-13 10:19:45 | INFO | M07 | Pixel 24: correlation with target = -0.026
2026-08-13 10:19:45 | INFO | M07 | Pixel 25: correlation with target = -0.180
2026-08-13 10:19:45 | INFO | M07 | Pixel 26: correlation with target = 0.065
2026-08-13 10:19:45 | INFO | M07 | Pixel 27: correlation with target = 0.279
2026-08-13 10:19:45 | INFO | M07 | Pixel 28: correlation with target = 0.235
2026-08-13 10:19:45 | INFO | M07 | Pixel 29: correlation with target = 0.208
2026-08-13 10:19:45 | INFO | M07 | Pixel 30: correlation with target = -0.014
2026-08-13 10:19:45 | INFO | M07 | Pixel 31: correlation with target = -0.008
2026-08-13 10:19:45 | INFO | M07 | Pixel 32: correlation with target = 0.000
2026-08-13 10:19:45 | INFO | M07 | Pixel 33: correlation with target = -0.226
2026-08-13 10:19:45 | INFO | M07 | Pixel 34: correlation with target = -0.018
2026-08-13 10:19:45 | INFO | M07 | Pixel 35: correlation with target = 0.254
2026-08-13 10:19:45 | INFO | M07 | Pixel 36: correlation with target = 0.159
2026-08-13 10:19:45 | INFO | M07 | Pixel 37: correlation with target = 0.154
2026-08-13 10:19:45 | INFO | M07 | Pixel 38: correlation with target = -0.017
2026-08-13 10:19:45 | INFO | M07 | Pixel 39: correlation with target = 0.000
2026-08-13 10:19:45 | INFO | M07 | Pixel 40: correlation with target = -0.009
2026-08-13 10:19:45 | INFO | M07 | Pixel 41: correlation with target = -0.140
2026-08-13 10:19:45 | INFO | M07 | Pixel 42: correlation with target = -0.127
2026-08-13 10:19:45 | INFO | M07 | Pixel 43: correlation with target = -0.007
2026-08-13 10:19:45 | INFO | M07 | Pixel 44: correlation with target = -0.014
2026-08-13 10:19:45 | INFO | M07 | Pixel 45: correlation with target = 0.010
2026-08-13 10:19:45 | INFO | M07 | Pixel 46: correlation with target = 0.061
2026-08-13 10:19:45 | INFO | M07 | Pixel 47: correlation with target = 0.035
2026-08-13 10:19:45 | INFO | M07 | Pixel 48: correlation with target = -0.013
2026-08-13 10:19:45 | INFO | M07 | Pixel 49: correlation with target = -0.047
2026-08-13 10:19:45 | INFO | M07 | Pixel 50: correlation with target = -0.147
2026-08-13 10:19:45 | INFO | M07 | Pixel 51: correlation with target = -0.185
2026-08-13 10:19:45 | INFO | M07 | Pixel 52: correlation with target = -0.387
2026-08-13 10:19:45 | INFO | M07 | Pixel 53: correlation with target = -0.193
2026-08-13 10:19:45 | INFO | M07 | Pixel 54: correlation with target = 0.028
2026-08-13 10:19:45 | INFO | M07 | Pixel 55: correlation with target = -0.092
2026-08-13 10:19:45 | INFO | M07 | Pixel 56: correlation with target = -0.023
2026-08-13 10:19:45 | INFO | M07 | Pixel 57: correlation with target = -0.052
2026-08-13 10:19:45 | INFO | M07 | Pixel 58: correlation with target = 0.001
2026-08-13 10:19:45 | INFO | M07 | Pixel 59: correlation with target = -0.028
2026-08-13 10:19:45 | INFO | M07 | Pixel 60: correlation with target = -0.200
2026-08-13 10:19:45 | INFO | M07 | Pixel 61: correlation with target = -0.077
2026-08-13 10:19:45 | INFO | M07 | Pixel 62: correlation with target = -0.108
2026-08-13 10:19:45 | INFO | M07 | Pixel 63: correlation with target = -0.181
2026-08-13 10:19:45 | INFO | M07 | Which digits confuse each other, and does the pixel view explain why?
2026-08-13 10:19:45 | INFO | M07 | ========================
2026-08-13 10:19:45 | INFO | M07 | SUMMARY
2026-08-13 10:19:45 | INFO | M07 | ========================
2026-08-13 10:19:45 | INFO | M07 | Text:   TF-IDF + MultinomialNB on a labeled corpus
2026-08-13 10:19:45 | INFO | M07 | Image:  pixel features + LogisticRegression on digit images
2026-08-13 10:19:45 | INFO | M07 | Same skeleton both times; only the representation changed.
2026-08-13 10:19:45 | INFO | M07 | ========================
2026-08-13 10:19:45 | INFO | M07 | YOUR JUDGMENT (write up in README.md and docs/index.md):
2026-08-13 10:19:45 | INFO | M07 |   - What did TF-IDF throw away, and where would that bite you?
2026-08-13 10:19:45 | INFO | M07 |   - What did flattening images throw away, and where would that bite you?
2026-08-13 10:19:45 | INFO | M07 |   - For each, what representation would you reach for next, and why?
2026-08-13 10:19:45 | INFO | M07 | ========================
2026-08-13 10:21:39 | INFO | M07 | Image data: 1797 images, 64 pixel features each
2026-08-13 10:21:39 | INFO | M07 | Classes (digits): [0, 1, 2, 3, 4, 5, 6, 7, 8, 9]
2026-08-13 10:21:39 | INFO | M07 | Image test accuracy: 0.969
2026-08-13 10:21:39 | INFO | M07 | Showing confusion matrix (which digits get confused)
2026-08-13 10:21:39 | INFO | M07 | Image test R^2: 0.969
2026-08-13 10:21:54 | INFO | M07 | Image data: 1797 images, 64 pixel features each
2026-08-13 10:21:54 | INFO | M07 | Classes (digits): [0, 1, 2, 3, 4, 5, 6, 7, 8, 9]
2026-08-13 10:21:55 | INFO | M07 | Image test accuracy: 0.969
2026-08-13 10:21:55 | INFO | M07 | Showing confusion matrix (which digits get confused)
2026-08-13 10:21:55 | INFO | M07 | Image test R^2: 0.969
2026-08-13 10:21:55 | INFO | M07 | Pixel 0: correlation with target = 0.000
2026-08-13 10:21:55 | INFO | M07 | Pixel 1: correlation with target = -0.049
2026-08-13 10:21:55 | INFO | M07 | Pixel 2: correlation with target = -0.013
2026-08-13 10:21:55 | INFO | M07 | Pixel 3: correlation with target = -0.015
2026-08-13 10:21:55 | INFO | M07 | Pixel 4: correlation with target = 0.108
2026-08-13 10:21:55 | INFO | M07 | Pixel 5: correlation with target = 0.194
2026-08-13 10:21:55 | INFO | M07 | Pixel 6: correlation with target = 0.200
2026-08-13 10:21:55 | INFO | M07 | Pixel 7: correlation with target = 0.106
2026-08-13 10:21:55 | INFO | M07 | Pixel 8: correlation with target = 0.023
2026-08-13 10:21:55 | INFO | M07 | Pixel 9: correlation with target = -0.016
2026-08-13 10:21:55 | INFO | M07 | Pixel 10: correlation with target = 0.121
2026-08-13 10:21:55 | INFO | M07 | Pixel 11: correlation with target = -0.135
2026-08-13 10:21:55 | INFO | M07 | Pixel 12: correlation with target = -0.269
2026-08-13 10:21:55 | INFO | M07 | Pixel 13: correlation with target = 0.069
2026-08-13 10:21:55 | INFO | M07 | Pixel 14: correlation with target = 0.219
2026-08-13 10:21:55 | INFO | M07 | Pixel 15: correlation with target = 0.090
2026-08-13 10:21:55 | INFO | M07 | Pixel 16: correlation with target = -0.026
2026-08-13 10:21:55 | INFO | M07 | Pixel 17: correlation with target = -0.038
2026-08-13 10:21:55 | INFO | M07 | Pixel 18: correlation with target = 0.090
2026-08-13 10:21:55 | INFO | M07 | Pixel 19: correlation with target = -0.146
2026-08-13 10:21:55 | INFO | M07 | Pixel 20: correlation with target = -0.131
2026-08-13 10:21:55 | INFO | M07 | Pixel 21: correlation with target = 0.108
2026-08-13 10:21:55 | INFO | M07 | Pixel 22: correlation with target = 0.082
2026-08-13 10:21:55 | INFO | M07 | Pixel 23: correlation with target = 0.029
2026-08-13 10:21:55 | INFO | M07 | Pixel 24: correlation with target = -0.026
2026-08-13 10:21:55 | INFO | M07 | Pixel 25: correlation with target = -0.180
2026-08-13 10:21:55 | INFO | M07 | Pixel 26: correlation with target = 0.065
2026-08-13 10:21:55 | INFO | M07 | Pixel 27: correlation with target = 0.279
2026-08-13 10:21:55 | INFO | M07 | Pixel 28: correlation with target = 0.235
2026-08-13 10:21:55 | INFO | M07 | Pixel 29: correlation with target = 0.208
2026-08-13 10:21:55 | INFO | M07 | Pixel 30: correlation with target = -0.014
2026-08-13 10:21:55 | INFO | M07 | Pixel 31: correlation with target = -0.008
2026-08-13 10:21:55 | INFO | M07 | Pixel 32: correlation with target = 0.000
2026-08-13 10:21:55 | INFO | M07 | Pixel 33: correlation with target = -0.226
2026-08-13 10:21:55 | INFO | M07 | Pixel 34: correlation with target = -0.018
2026-08-13 10:21:55 | INFO | M07 | Pixel 35: correlation with target = 0.254
2026-08-13 10:21:55 | INFO | M07 | Pixel 36: correlation with target = 0.159
2026-08-13 10:21:55 | INFO | M07 | Pixel 37: correlation with target = 0.154
2026-08-13 10:21:55 | INFO | M07 | Pixel 38: correlation with target = -0.017
2026-08-13 10:21:55 | INFO | M07 | Pixel 39: correlation with target = 0.000
2026-08-13 10:21:55 | INFO | M07 | Pixel 40: correlation with target = -0.009
2026-08-13 10:21:55 | INFO | M07 | Pixel 41: correlation with target = -0.140
2026-08-13 10:21:55 | INFO | M07 | Pixel 42: correlation with target = -0.127
2026-08-13 10:21:55 | INFO | M07 | Pixel 43: correlation with target = -0.007
2026-08-13 10:21:55 | INFO | M07 | Pixel 44: correlation with target = -0.014
2026-08-13 10:21:55 | INFO | M07 | Pixel 45: correlation with target = 0.010
2026-08-13 10:21:55 | INFO | M07 | Pixel 46: correlation with target = 0.061
2026-08-13 10:21:55 | INFO | M07 | Pixel 47: correlation with target = 0.035
2026-08-13 10:21:55 | INFO | M07 | Pixel 48: correlation with target = -0.013
2026-08-13 10:21:55 | INFO | M07 | Pixel 49: correlation with target = -0.047
2026-08-13 10:21:55 | INFO | M07 | Pixel 50: correlation with target = -0.147
2026-08-13 10:21:55 | INFO | M07 | Pixel 51: correlation with target = -0.185
2026-08-13 10:21:55 | INFO | M07 | Pixel 52: correlation with target = -0.387
2026-08-13 10:21:55 | INFO | M07 | Pixel 53: correlation with target = -0.193
2026-08-13 10:21:55 | INFO | M07 | Pixel 54: correlation with target = 0.028
2026-08-13 10:21:55 | INFO | M07 | Pixel 55: correlation with target = -0.092
2026-08-13 10:21:55 | INFO | M07 | Pixel 56: correlation with target = -0.023
2026-08-13 10:21:55 | INFO | M07 | Pixel 57: correlation with target = -0.052
2026-08-13 10:21:55 | INFO | M07 | Pixel 58: correlation with target = 0.001
2026-08-13 10:21:55 | INFO | M07 | Pixel 59: correlation with target = -0.028
2026-08-13 10:21:55 | INFO | M07 | Pixel 60: correlation with target = -0.200
2026-08-13 10:21:55 | INFO | M07 | Pixel 61: correlation with target = -0.077
2026-08-13 10:21:55 | INFO | M07 | Pixel 62: correlation with target = -0.108
2026-08-13 10:21:55 | INFO | M07 | Pixel 63: correlation with target = -0.181
2026-08-13 10:21:55 | INFO | M07 | Which digits confuse each other, and does the pixel view explain why?
2026-08-13 10:22:39 | INFO | M07 | Image data: 1797 images, 64 pixel features each
2026-08-13 10:22:39 | INFO | M07 | Classes (digits): [0, 1, 2, 3, 4, 5, 6, 7, 8, 9]
2026-08-13 10:22:40 | INFO | M07 | Image test accuracy: 0.969
2026-08-13 10:22:40 | INFO | M07 | Showing confusion matrix (which digits get confused)
2026-08-13 10:22:40 | INFO | M07 | Image test R^2: 0.969
2026-08-13 10:22:40 | INFO | M07 | Pixel 0: correlation with target = 0.000
2026-08-13 10:22:40 | INFO | M07 | Pixel 1: correlation with target = -0.049
2026-08-13 10:22:40 | INFO | M07 | Pixel 2: correlation with target = -0.013
2026-08-13 10:22:40 | INFO | M07 | Pixel 3: correlation with target = -0.015
2026-08-13 10:22:40 | INFO | M07 | Pixel 4: correlation with target = 0.108
2026-08-13 10:22:40 | INFO | M07 | Pixel 5: correlation with target = 0.194
2026-08-13 10:22:40 | INFO | M07 | Pixel 6: correlation with target = 0.200
2026-08-13 10:22:40 | INFO | M07 | Pixel 7: correlation with target = 0.106
2026-08-13 10:22:40 | INFO | M07 | Pixel 8: correlation with target = 0.023
2026-08-13 10:22:40 | INFO | M07 | Pixel 9: correlation with target = -0.016
2026-08-13 10:23:02 | INFO | M07 | Image data: 1797 images, 64 pixel features each
2026-08-13 10:23:02 | INFO | M07 | Classes (digits): [0, 1, 2, 3, 4, 5, 6, 7, 8, 9]
2026-08-13 10:23:02 | INFO | M07 | Image test accuracy: 0.969
2026-08-13 10:23:02 | INFO | M07 | Showing confusion matrix (which digits get confused)
2026-08-13 10:23:03 | INFO | M07 | Image test R^2: 0.969
2026-08-13 10:23:03 | INFO | M07 | Pixel 0: correlation with target = 0.000
2026-08-13 10:23:03 | INFO | M07 | Pixel 1: correlation with target = -0.049
2026-08-13 10:23:03 | INFO | M07 | Pixel 2: correlation with target = -0.013
2026-08-13 10:23:03 | INFO | M07 | Pixel 3: correlation with target = -0.015
2026-08-13 10:23:03 | INFO | M07 | Pixel 4: correlation with target = 0.108
2026-08-13 10:23:03 | INFO | M07 | Pixel 5: correlation with target = 0.194
2026-08-13 10:23:03 | INFO | M07 | Pixel 6: correlation with target = 0.200
2026-08-13 10:23:03 | INFO | M07 | Pixel 7: correlation with target = 0.106
2026-08-13 10:23:03 | INFO | M07 | Pixel 8: correlation with target = 0.023
2026-08-13 10:23:03 | INFO | M07 | Pixel 9: correlation with target = -0.016
2026-08-13 10:23:03 | INFO | M07 | Which digits confuse each other, and does the pixel view explain why?
2026-08-13 10:27:18 | INFO | M07 | Image data: 1797 images, 64 pixel features each
2026-08-13 10:27:18 | INFO | M07 | Classes (digits): [0, 1, 2, 3, 4, 5, 6, 7, 8, 9]
2026-08-13 10:27:18 | INFO | M07 | Image test accuracy: 0.969
2026-08-13 10:27:18 | INFO | M07 | Showing confusion matrix (which digits get confused)
2026-08-13 10:27:18 | INFO | M07 | Image test R^2: 0.969
2026-08-13 10:27:18 | INFO | M07 | Top 10 pixels with highest correlation to target:
2026-08-13 10:27:18 | INFO | M07 | Pixel 0: correlation with target = 52.000
2026-08-13 10:27:18 | INFO | M07 | Pixel 1: correlation with target = 27.000
2026-08-13 10:27:18 | INFO | M07 | Pixel 2: correlation with target = 12.000
2026-08-13 10:27:18 | INFO | M07 | Pixel 3: correlation with target = 35.000
2026-08-13 10:27:18 | INFO | M07 | Pixel 4: correlation with target = 28.000
2026-08-13 10:27:18 | INFO | M07 | Pixel 5: correlation with target = 33.000
2026-08-13 10:27:18 | INFO | M07 | Pixel 6: correlation with target = 14.000
2026-08-13 10:27:18 | INFO | M07 | Pixel 7: correlation with target = 29.000
2026-08-13 10:27:18 | INFO | M07 | Pixel 8: correlation with target = 60.000
2026-08-13 10:27:18 | INFO | M07 | Pixel 9: correlation with target = 6.000
2026-08-13 10:27:26 | INFO | M07 | Image data: 1797 images, 64 pixel features each
2026-08-13 10:27:26 | INFO | M07 | Classes (digits): [0, 1, 2, 3, 4, 5, 6, 7, 8, 9]
2026-08-13 10:27:27 | INFO | M07 | Image test accuracy: 0.969
2026-08-13 10:27:27 | INFO | M07 | Showing confusion matrix (which digits get confused)
2026-08-13 10:27:27 | INFO | M07 | Image test R^2: 0.969
2026-08-13 10:27:27 | INFO | M07 | Top 10 pixels with highest correlation to target:
2026-08-13 10:27:27 | INFO | M07 | Pixel 0: correlation with target = 52.000
2026-08-13 10:27:27 | INFO | M07 | Pixel 1: correlation with target = 27.000
2026-08-13 10:27:27 | INFO | M07 | Pixel 2: correlation with target = 12.000
2026-08-13 10:27:27 | INFO | M07 | Pixel 3: correlation with target = 35.000
2026-08-13 10:27:27 | INFO | M07 | Pixel 4: correlation with target = 28.000
2026-08-13 10:27:27 | INFO | M07 | Pixel 5: correlation with target = 33.000
2026-08-13 10:27:27 | INFO | M07 | Pixel 6: correlation with target = 14.000
2026-08-13 10:27:27 | INFO | M07 | Pixel 7: correlation with target = 29.000
2026-08-13 10:27:27 | INFO | M07 | Pixel 8: correlation with target = 60.000
2026-08-13 10:27:27 | INFO | M07 | Pixel 9: correlation with target = 6.000
2026-08-13 10:27:27 | INFO | M07 | Which digits confuse each other, and does the pixel view explain why?
2026-08-13 10:28:13 | INFO | M07 | Image data: 1797 images, 64 pixel features each
2026-08-13 10:28:13 | INFO | M07 | Classes (digits): [0, 1, 2, 3, 4, 5, 6, 7, 8, 9]
2026-08-13 10:28:13 | INFO | M07 | Image test accuracy: 0.969
2026-08-13 10:28:13 | INFO | M07 | Showing confusion matrix (which digits get confused)
2026-08-13 10:28:14 | INFO | M07 | Image test R^2: 0.969
2026-08-13 10:28:14 | INFO | M07 | Top 10 pixels with highest correlation to target:
2026-08-13 10:35:24 | INFO | M07 | Image data: 1797 images, 64 pixel features each
2026-08-13 10:35:24 | INFO | M07 | Classes (digits): [0, 1, 2, 3, 4, 5, 6, 7, 8, 9]
2026-08-13 10:35:25 | INFO | M07 | Image test accuracy: 0.969
2026-08-13 10:35:25 | INFO | M07 | Showing confusion matrix (which digits get confused)
2026-08-13 10:35:25 | INFO | M07 | Image test R^2: 0.969
2026-08-13 10:35:25 | INFO | M07 | Top 10 pixels most correlated with the target:

2026-08-13 10:35:25 | INFO | M07 |   Pixel Index: 27, Correlation with Target: 0.2792
2026-08-13 10:35:25 | INFO | M07 |   Pixel Index: 35, Correlation with Target: 0.2541
2026-08-13 10:35:25 | INFO | M07 |   Pixel Index: 28, Correlation with Target: 0.2347
2026-08-13 10:35:25 | INFO | M07 |   Pixel Index: 14, Correlation with Target: 0.2186
2026-08-13 10:35:25 | INFO | M07 |   Pixel Index: 29, Correlation with Target: 0.2076
2026-08-13 10:35:25 | INFO | M07 |   Pixel Index: 6, Correlation with Target: 0.1996
2026-08-13 10:35:25 | INFO | M07 |   Pixel Index: 5, Correlation with Target: 0.1943
2026-08-13 10:35:25 | INFO | M07 |   Pixel Index: 36, Correlation with Target: 0.1590
2026-08-13 10:35:25 | INFO | M07 |   Pixel Index: 37, Correlation with Target: 0.1536
2026-08-13 10:35:25 | INFO | M07 |   Pixel Index: 10, Correlation with Target: 0.1211
2026-08-13 10:35:25 | INFO | M07 | Which digits confuse each other, and does the pixel view explain why?
2026-08-13 10:35:57 | INFO | M07 | Image data: 1797 images, 64 pixel features each
2026-08-13 10:35:57 | INFO | M07 | Classes (digits): [0, 1, 2, 3, 4, 5, 6, 7, 8, 9]
2026-08-13 10:35:57 | INFO | M07 | Image test accuracy: 0.969
2026-08-13 10:35:57 | INFO | M07 | Showing confusion matrix (which digits get confused)
2026-08-13 10:35:58 | INFO | M07 | Image test R^2: 0.969
2026-08-13 10:35:58 | INFO | M07 | Which digits confuse each other, and does the pixel view explain why?
2026-08-13 10:35:58 | INFO | M07 | Top 10 pixels most correlated with the target:

2026-08-13 10:35:58 | INFO | M07 |   Pixel Index: 27, Correlation with Target: 0.2792
2026-08-13 10:35:58 | INFO | M07 |   Pixel Index: 35, Correlation with Target: 0.2541
2026-08-13 10:35:58 | INFO | M07 |   Pixel Index: 28, Correlation with Target: 0.2347
2026-08-13 10:35:58 | INFO | M07 |   Pixel Index: 14, Correlation with Target: 0.2186
2026-08-13 10:35:58 | INFO | M07 |   Pixel Index: 29, Correlation with Target: 0.2076
2026-08-13 10:35:58 | INFO | M07 |   Pixel Index: 6, Correlation with Target: 0.1996
2026-08-13 10:35:58 | INFO | M07 |   Pixel Index: 5, Correlation with Target: 0.1943
2026-08-13 10:35:58 | INFO | M07 |   Pixel Index: 36, Correlation with Target: 0.1590
2026-08-13 10:35:58 | INFO | M07 |   Pixel Index: 37, Correlation with Target: 0.1536
2026-08-13 10:35:58 | INFO | M07 |   Pixel Index: 10, Correlation with Target: 0.1211
2026-08-13 10:36:00 | INFO | M07 | === RUN START ===
2026-08-13 10:36:00 | INFO | M07 | project=M07
2026-08-13 10:36:00 | INFO | M07 | repo_dir=CS44670-Module-7
2026-08-13 10:36:00 | INFO | M07 | python=3.14.7
2026-08-13 10:36:00 | INFO | M07 | os=Windows 11
2026-08-13 10:36:00 | INFO | M07 | shell=powershell
2026-08-13 10:36:00 | INFO | M07 | cwd=notebooks
2026-08-13 10:36:00 | INFO | M07 | github_actions=False
2026-08-13 10:36:00 | INFO | M07 | Confirming installation:
2026-08-13 10:36:00 | INFO | M07 |   python:       3.14.7
2026-08-13 10:36:00 | INFO | M07 |   pandas:       3.0.5
2026-08-13 10:36:00 | INFO | M07 |   numpy:        2.5.2
2026-08-13 10:36:00 | INFO | M07 |   scikit-learn: 1.9.0
2026-08-13 10:36:00 | INFO | M07 |   seaborn:      0.13.2
2026-08-13 10:36:00 | INFO | M07 |   matplotlib:   3.11.1
2026-08-13 10:36:00 | INFO | M07 | Text corpus: 24 documents, classes=['cooking', 'space', 'sports']
2026-08-13 10:36:00 | INFO | M07 | Vocabulary size (features): 107
2026-08-13 10:36:00 | INFO | M07 | Text test accuracy: 0.500
2026-08-13 10:36:00 | INFO | M07 |   predicted 'sports'  <-  'the midfielder scored in the last minute of the game'
2026-08-13 10:36:00 | INFO | M07 |   predicted 'cooking'  <-  'stir the sauce and bake the casserole until golden'
2026-08-13 10:36:00 | INFO | M07 | TF-IDF ignored word order. Did any misread sentence reveal that limit?
2026-08-13 10:36:00 | INFO | M07 | Image data: 1797 images, 64 pixel features each
2026-08-13 10:36:00 | INFO | M07 | Classes (digits): [0, 1, 2, 3, 4, 5, 6, 7, 8, 9]
2026-08-13 10:36:00 | INFO | M07 | Image test accuracy: 0.969
2026-08-13 10:36:00 | INFO | M07 | Showing confusion matrix (which digits get confused)
2026-08-13 10:36:01 | INFO | M07 | Image test R^2: 0.969
2026-08-13 10:36:01 | INFO | M07 | Which digits confuse each other, and does the pixel view explain why?
2026-08-13 10:36:01 | INFO | M07 | Top 10 pixels most correlated with the target:

2026-08-13 10:36:01 | INFO | M07 |   Pixel Index: 27, Correlation with Target: 0.2792
2026-08-13 10:36:01 | INFO | M07 |   Pixel Index: 35, Correlation with Target: 0.2541
2026-08-13 10:36:01 | INFO | M07 |   Pixel Index: 28, Correlation with Target: 0.2347
2026-08-13 10:36:01 | INFO | M07 |   Pixel Index: 14, Correlation with Target: 0.2186
2026-08-13 10:36:01 | INFO | M07 |   Pixel Index: 29, Correlation with Target: 0.2076
2026-08-13 10:36:01 | INFO | M07 |   Pixel Index: 6, Correlation with Target: 0.1996
2026-08-13 10:36:01 | INFO | M07 |   Pixel Index: 5, Correlation with Target: 0.1943
2026-08-13 10:36:01 | INFO | M07 |   Pixel Index: 36, Correlation with Target: 0.1590
2026-08-13 10:36:01 | INFO | M07 |   Pixel Index: 37, Correlation with Target: 0.1536
2026-08-13 10:36:01 | INFO | M07 |   Pixel Index: 10, Correlation with Target: 0.1211
2026-08-13 10:36:01 | INFO | M07 | ========================
2026-08-13 10:36:01 | INFO | M07 | SUMMARY
2026-08-13 10:36:01 | INFO | M07 | ========================
2026-08-13 10:36:01 | INFO | M07 | Text:   TF-IDF + MultinomialNB on a labeled corpus
2026-08-13 10:36:01 | INFO | M07 | Image:  pixel features + LogisticRegression on digit images
2026-08-13 10:36:01 | INFO | M07 | Same skeleton both times; only the representation changed.
2026-08-13 10:36:01 | INFO | M07 | ========================
2026-08-13 10:36:01 | INFO | M07 | YOUR JUDGMENT (write up in README.md and docs/index.md):
2026-08-13 10:36:01 | INFO | M07 |   - What did TF-IDF throw away, and where would that bite you?
2026-08-13 10:36:01 | INFO | M07 |   - What did flattening images throw away, and where would that bite you?
2026-08-13 10:36:01 | INFO | M07 |   - For each, what representation would you reach for next, and why?
2026-08-13 10:36:01 | INFO | M07 | ========================
2026-08-13 10:38:32 | INFO | M07 | Image data: 1797 images, 64 pixel features each
2026-08-13 10:38:32 | INFO | M07 | Classes (digits): [0, 1, 2, 3, 4, 5, 6, 7, 8, 9]
2026-08-13 10:38:32 | INFO | M07 | Image test accuracy: 0.969
2026-08-13 10:38:32 | INFO | M07 | Showing confusion matrix (which digits get confused)
2026-08-13 10:38:32 | INFO | M07 | Image test R^2: 0.969
2026-08-13 10:38:32 | INFO | M07 | Which digits confuse each other, and does the pixel view explain why?
2026-08-13 10:38:32 | INFO | M07 | Top 10 pixels most correlated with the target:

2026-08-13 10:38:32 | INFO | M07 |   Pixel Index: 27, Correlation with Target: 0.2792
2026-08-13 10:38:32 | INFO | M07 |   Pixel Index: 35, Correlation with Target: 0.2541
2026-08-13 10:38:32 | INFO | M07 |   Pixel Index: 28, Correlation with Target: 0.2347
2026-08-13 10:38:32 | INFO | M07 |   Pixel Index: 14, Correlation with Target: 0.2186
2026-08-13 10:38:32 | INFO | M07 |   Pixel Index: 29, Correlation with Target: 0.2076
2026-08-13 10:38:32 | INFO | M07 |   Pixel Index: 6, Correlation with Target: 0.1996
2026-08-13 10:38:32 | INFO | M07 |   Pixel Index: 5, Correlation with Target: 0.1943
2026-08-13 10:38:32 | INFO | M07 |   Pixel Index: 36, Correlation with Target: 0.1590
2026-08-13 10:38:32 | INFO | M07 |   Pixel Index: 37, Correlation with Target: 0.1536
2026-08-13 10:38:32 | INFO | M07 |   Pixel Index: 10, Correlation with Target: 0.1211
2026-08-13 10:38:32 | INFO | M07 |   Pixel Index: 21, Correlation with Target: 0.1081
2026-08-13 10:38:32 | INFO | M07 |   Pixel Index: 4, Correlation with Target: 0.1077
2026-08-13 10:38:32 | INFO | M07 |   Pixel Index: 7, Correlation with Target: 0.1060
2026-08-13 10:38:32 | INFO | M07 |   Pixel Index: 15, Correlation with Target: 0.0898
2026-08-13 10:38:32 | INFO | M07 |   Pixel Index: 18, Correlation with Target: 0.0897
2026-08-13 10:38:32 | INFO | M07 |   Pixel Index: 22, Correlation with Target: 0.0820
2026-08-13 10:38:32 | INFO | M07 |   Pixel Index: 13, Correlation with Target: 0.0688
2026-08-13 10:38:32 | INFO | M07 |   Pixel Index: 26, Correlation with Target: 0.0647
2026-08-13 10:38:32 | INFO | M07 |   Pixel Index: 46, Correlation with Target: 0.0608
2026-08-13 10:38:32 | INFO | M07 |   Pixel Index: 47, Correlation with Target: 0.0351
2026-08-13 10:38:32 | INFO | M07 |   Pixel Index: 23, Correlation with Target: 0.0294
2026-08-13 10:38:32 | INFO | M07 |   Pixel Index: 54, Correlation with Target: 0.0280
2026-08-13 10:38:32 | INFO | M07 |   Pixel Index: 8, Correlation with Target: 0.0233
2026-08-13 10:38:32 | INFO | M07 |   Pixel Index: 45, Correlation with Target: 0.0099
2026-08-13 10:38:32 | INFO | M07 |   Pixel Index: 58, Correlation with Target: 0.0007
2026-08-13 10:38:32 | INFO | M07 |   Pixel Index: 0, Correlation with Target: 0.0000
2026-08-13 10:38:32 | INFO | M07 |   Pixel Index: 32, Correlation with Target: 0.0000
2026-08-13 10:38:32 | INFO | M07 |   Pixel Index: 39, Correlation with Target: 0.0000
2026-08-13 10:38:32 | INFO | M07 |   Pixel Index: 43, Correlation with Target: -0.0066
2026-08-13 10:38:32 | INFO | M07 |   Pixel Index: 31, Correlation with Target: -0.0078
2026-08-13 10:38:32 | INFO | M07 |   Pixel Index: 40, Correlation with Target: -0.0092
2026-08-13 10:38:32 | INFO | M07 |   Pixel Index: 48, Correlation with Target: -0.0132
2026-08-13 10:38:32 | INFO | M07 |   Pixel Index: 2, Correlation with Target: -0.0132
2026-08-13 10:38:32 | INFO | M07 |   Pixel Index: 44, Correlation with Target: -0.0141
2026-08-13 10:38:32 | INFO | M07 |   Pixel Index: 30, Correlation with Target: -0.0142
2026-08-13 10:38:32 | INFO | M07 |   Pixel Index: 3, Correlation with Target: -0.0150
2026-08-13 10:38:32 | INFO | M07 |   Pixel Index: 9, Correlation with Target: -0.0158
2026-08-13 10:38:32 | INFO | M07 |   Pixel Index: 38, Correlation with Target: -0.0175
2026-08-13 10:38:32 | INFO | M07 |   Pixel Index: 34, Correlation with Target: -0.0175
2026-08-13 10:38:32 | INFO | M07 |   Pixel Index: 56, Correlation with Target: -0.0229
2026-08-13 10:38:32 | INFO | M07 |   Pixel Index: 24, Correlation with Target: -0.0259
2026-08-13 10:38:32 | INFO | M07 |   Pixel Index: 16, Correlation with Target: -0.0260
2026-08-13 10:38:32 | INFO | M07 |   Pixel Index: 59, Correlation with Target: -0.0279
2026-08-13 10:38:32 | INFO | M07 |   Pixel Index: 17, Correlation with Target: -0.0385
2026-08-13 10:38:32 | INFO | M07 |   Pixel Index: 49, Correlation with Target: -0.0469
2026-08-13 10:38:32 | INFO | M07 |   Pixel Index: 1, Correlation with Target: -0.0489
2026-08-13 10:38:32 | INFO | M07 |   Pixel Index: 57, Correlation with Target: -0.0525
2026-08-13 10:38:32 | INFO | M07 |   Pixel Index: 61, Correlation with Target: -0.0767
2026-08-13 10:38:32 | INFO | M07 |   Pixel Index: 55, Correlation with Target: -0.0922
2026-08-13 10:38:32 | INFO | M07 |   Pixel Index: 62, Correlation with Target: -0.1082
2026-08-13 10:38:32 | INFO | M07 |   Pixel Index: 42, Correlation with Target: -0.1268
2026-08-13 10:38:32 | INFO | M07 |   Pixel Index: 20, Correlation with Target: -0.1310
2026-08-13 10:38:32 | INFO | M07 |   Pixel Index: 11, Correlation with Target: -0.1354
2026-08-13 10:38:32 | INFO | M07 |   Pixel Index: 41, Correlation with Target: -0.1397
2026-08-13 10:38:32 | INFO | M07 |   Pixel Index: 19, Correlation with Target: -0.1456
2026-08-13 10:38:32 | INFO | M07 |   Pixel Index: 50, Correlation with Target: -0.1471
2026-08-13 10:38:32 | INFO | M07 |   Pixel Index: 25, Correlation with Target: -0.1802
2026-08-13 10:38:32 | INFO | M07 |   Pixel Index: 63, Correlation with Target: -0.1805
2026-08-13 10:38:32 | INFO | M07 |   Pixel Index: 51, Correlation with Target: -0.1849
2026-08-13 10:38:32 | INFO | M07 |   Pixel Index: 53, Correlation with Target: -0.1927
2026-08-13 10:38:32 | INFO | M07 |   Pixel Index: 60, Correlation with Target: -0.2004
2026-08-13 10:38:32 | INFO | M07 |   Pixel Index: 33, Correlation with Target: -0.2264
2026-08-13 10:38:32 | INFO | M07 |   Pixel Index: 12, Correlation with Target: -0.2685
2026-08-13 10:38:32 | INFO | M07 |   Pixel Index: 52, Correlation with Target: -0.3867
2026-08-13 10:41:15 | INFO | M07 | Image data: 1797 images, 64 pixel features each
2026-08-13 10:41:15 | INFO | M07 | Classes (digits): [0, 1, 2, 3, 4, 5, 6, 7, 8, 9]
2026-08-13 10:41:15 | INFO | M07 | Image test accuracy: 0.969
2026-08-13 10:41:15 | INFO | M07 | Showing confusion matrix (which digits get confused)
2026-08-13 10:41:15 | INFO | M07 | Image test R^2: 0.969
2026-08-13 10:41:16 | INFO | M07 | Which digits confuse each other, and does the pixel view explain why?
2026-08-13 10:41:16 | INFO | M07 | Top 10 pixels most correlated with the target:

2026-08-13 10:42:35 | INFO | M07 | Image data: 1797 images, 64 pixel features each
2026-08-13 10:42:35 | INFO | M07 | Classes (digits): [0, 1, 2, 3, 4, 5, 6, 7, 8, 9]
2026-08-13 10:42:36 | INFO | M07 | Image test accuracy: 0.969
2026-08-13 10:42:36 | INFO | M07 | Showing confusion matrix (which digits get confused)
2026-08-13 10:42:36 | INFO | M07 | Image test R^2: 0.969
2026-08-13 10:42:36 | INFO | M07 | Which digits confuse each other, and does the pixel view explain why?
2026-08-13 10:42:36 | INFO | M07 | Top 10 pixels most correlated with the target:

2026-08-13 10:42:36 | INFO | M07 |   Pixel Index: 39, Correlation with Target: 0.0000
2026-08-13 10:42:36 | INFO | M07 |   Pixel Index: 43, Correlation with Target: -0.0066
2026-08-13 10:42:36 | INFO | M07 |   Pixel Index: 31, Correlation with Target: -0.0078
2026-08-13 10:42:36 | INFO | M07 |   Pixel Index: 40, Correlation with Target: -0.0092
2026-08-13 10:42:36 | INFO | M07 |   Pixel Index: 48, Correlation with Target: -0.0132
2026-08-13 10:42:36 | INFO | M07 |   Pixel Index: 2, Correlation with Target: -0.0132
2026-08-13 10:42:36 | INFO | M07 |   Pixel Index: 44, Correlation with Target: -0.0141
2026-08-13 10:42:36 | INFO | M07 |   Pixel Index: 30, Correlation with Target: -0.0142
2026-08-13 10:42:36 | INFO | M07 |   Pixel Index: 3, Correlation with Target: -0.0150
2026-08-13 10:42:36 | INFO | M07 |   Pixel Index: 9, Correlation with Target: -0.0158
2026-08-13 10:44:50 | INFO | M07 | Image data: 1797 images, 64 pixel features each
2026-08-13 10:44:50 | INFO | M07 | Classes (digits): [0, 1, 2, 3, 4, 5, 6, 7, 8, 9]
2026-08-13 10:44:51 | INFO | M07 | Image test accuracy: 0.969
2026-08-13 10:44:51 | INFO | M07 | Showing confusion matrix (which digits get confused)
2026-08-13 10:44:51 | INFO | M07 | Image test R^2: 0.969
2026-08-13 10:44:51 | INFO | M07 | Which digits confuse each other, and does the pixel view explain why?
2026-08-13 10:44:51 | INFO | M07 | Top 10 pixels most correlated with the target:

2026-08-13 10:44:51 | INFO | M07 |   Pixel Index: 27, Correlation with Target: 0.2792
2026-08-13 10:44:51 | INFO | M07 |   Pixel Index: 35, Correlation with Target: 0.2541
2026-08-13 10:44:51 | INFO | M07 |   Pixel Index: 28, Correlation with Target: 0.2347
2026-08-13 10:44:51 | INFO | M07 |   Pixel Index: 14, Correlation with Target: 0.2186
2026-08-13 10:44:51 | INFO | M07 |   Pixel Index: 29, Correlation with Target: 0.2076
2026-08-13 10:44:51 | INFO | M07 |   Pixel Index: 6, Correlation with Target: 0.1996
2026-08-13 10:44:51 | INFO | M07 |   Pixel Index: 5, Correlation with Target: 0.1943
2026-08-13 10:44:51 | INFO | M07 |   Pixel Index: 36, Correlation with Target: 0.1590
2026-08-13 10:44:51 | INFO | M07 |   Pixel Index: 37, Correlation with Target: 0.1536
2026-08-13 10:44:51 | INFO | M07 |   Pixel Index: 10, Correlation with Target: 0.1211
2026-08-13 10:44:51 | INFO | M07 |   Pixel Index: 21, Correlation with Target: 0.1081
2026-08-13 10:44:51 | INFO | M07 |   Pixel Index: 4, Correlation with Target: 0.1077
2026-08-13 10:44:51 | INFO | M07 |   Pixel Index: 7, Correlation with Target: 0.1060
2026-08-13 10:44:51 | INFO | M07 |   Pixel Index: 15, Correlation with Target: 0.0898
2026-08-13 10:44:51 | INFO | M07 |   Pixel Index: 18, Correlation with Target: 0.0897
2026-08-13 10:44:51 | INFO | M07 |   Pixel Index: 22, Correlation with Target: 0.0820
2026-08-13 10:44:51 | INFO | M07 |   Pixel Index: 13, Correlation with Target: 0.0688
2026-08-13 10:44:51 | INFO | M07 |   Pixel Index: 26, Correlation with Target: 0.0647
2026-08-13 10:44:51 | INFO | M07 |   Pixel Index: 46, Correlation with Target: 0.0608
2026-08-13 10:44:51 | INFO | M07 |   Pixel Index: 47, Correlation with Target: 0.0351
2026-08-13 10:44:51 | INFO | M07 |   Pixel Index: 23, Correlation with Target: 0.0294
2026-08-13 10:44:51 | INFO | M07 |   Pixel Index: 54, Correlation with Target: 0.0280
2026-08-13 10:44:51 | INFO | M07 |   Pixel Index: 8, Correlation with Target: 0.0233
2026-08-13 10:44:51 | INFO | M07 |   Pixel Index: 45, Correlation with Target: 0.0099
2026-08-13 10:44:51 | INFO | M07 |   Pixel Index: 58, Correlation with Target: 0.0007
2026-08-13 10:44:51 | INFO | M07 |   Pixel Index: 0, Correlation with Target: 0.0000
2026-08-13 10:44:51 | INFO | M07 |   Pixel Index: 32, Correlation with Target: 0.0000
2026-08-13 10:44:51 | INFO | M07 |   Pixel Index: 39, Correlation with Target: 0.0000
2026-08-13 10:44:51 | INFO | M07 |   Pixel Index: 43, Correlation with Target: -0.0066
2026-08-13 10:44:51 | INFO | M07 |   Pixel Index: 31, Correlation with Target: -0.0078
2026-08-13 10:44:51 | INFO | M07 |   Pixel Index: 40, Correlation with Target: -0.0092
2026-08-13 10:44:51 | INFO | M07 |   Pixel Index: 48, Correlation with Target: -0.0132
2026-08-13 10:44:51 | INFO | M07 |   Pixel Index: 2, Correlation with Target: -0.0132
2026-08-13 10:44:51 | INFO | M07 |   Pixel Index: 44, Correlation with Target: -0.0141
2026-08-13 10:44:51 | INFO | M07 |   Pixel Index: 30, Correlation with Target: -0.0142
2026-08-13 10:44:51 | INFO | M07 |   Pixel Index: 3, Correlation with Target: -0.0150
2026-08-13 10:44:51 | INFO | M07 |   Pixel Index: 9, Correlation with Target: -0.0158
2026-08-13 10:44:51 | INFO | M07 |   Pixel Index: 38, Correlation with Target: -0.0175
2026-08-13 10:44:51 | INFO | M07 |   Pixel Index: 34, Correlation with Target: -0.0175
2026-08-13 10:44:51 | INFO | M07 |   Pixel Index: 56, Correlation with Target: -0.0229
2026-08-13 10:44:51 | INFO | M07 |   Pixel Index: 24, Correlation with Target: -0.0259
2026-08-13 10:44:51 | INFO | M07 |   Pixel Index: 16, Correlation with Target: -0.0260
2026-08-13 10:44:51 | INFO | M07 |   Pixel Index: 59, Correlation with Target: -0.0279
2026-08-13 10:44:51 | INFO | M07 |   Pixel Index: 17, Correlation with Target: -0.0385
2026-08-13 10:45:02 | INFO | M07 | Image data: 1797 images, 64 pixel features each
2026-08-13 10:45:02 | INFO | M07 | Classes (digits): [0, 1, 2, 3, 4, 5, 6, 7, 8, 9]
2026-08-13 10:45:03 | INFO | M07 | Image test accuracy: 0.969
2026-08-13 10:45:03 | INFO | M07 | Showing confusion matrix (which digits get confused)
2026-08-13 10:45:03 | INFO | M07 | Image test R^2: 0.969
2026-08-13 10:45:03 | INFO | M07 | Which digits confuse each other, and does the pixel view explain why?
2026-08-13 10:45:03 | INFO | M07 | Top 10 pixels most correlated with the target:

2026-08-13 10:45:16 | INFO | M07 | Image data: 1797 images, 64 pixel features each
2026-08-13 10:45:16 | INFO | M07 | Classes (digits): [0, 1, 2, 3, 4, 5, 6, 7, 8, 9]
2026-08-13 10:45:16 | INFO | M07 | Image test accuracy: 0.969
2026-08-13 10:45:16 | INFO | M07 | Showing confusion matrix (which digits get confused)
2026-08-13 10:45:17 | INFO | M07 | Image test R^2: 0.969
2026-08-13 10:45:17 | INFO | M07 | Which digits confuse each other, and does the pixel view explain why?
2026-08-13 10:45:17 | INFO | M07 | Top 10 pixels most correlated with the target:

2026-08-13 10:45:17 | INFO | M07 |   Pixel Index: 17, Correlation with Target: -0.0385
2026-08-13 10:47:39 | INFO | M07 | Image data: 1797 images, 64 pixel features each
2026-08-13 10:47:39 | INFO | M07 | Classes (digits): [0, 1, 2, 3, 4, 5, 6, 7, 8, 9]
2026-08-13 10:47:40 | INFO | M07 | Image test accuracy: 0.969
2026-08-13 10:47:40 | INFO | M07 | Showing confusion matrix (which digits get confused)
2026-08-13 10:47:40 | INFO | M07 | Image test R^2: 0.969
2026-08-13 10:47:40 | INFO | M07 | Which digits confuse each other, and does the pixel view explain why?
2026-08-13 10:47:41 | INFO | M07 | === RUN START ===
2026-08-13 10:47:41 | INFO | M07 | project=M07
2026-08-13 10:47:41 | INFO | M07 | repo_dir=CS44670-Module-7
2026-08-13 10:47:41 | INFO | M07 | python=3.14.7
2026-08-13 10:47:41 | INFO | M07 | os=Windows 11
2026-08-13 10:47:41 | INFO | M07 | shell=powershell
2026-08-13 10:47:41 | INFO | M07 | cwd=notebooks
2026-08-13 10:47:41 | INFO | M07 | github_actions=False
2026-08-13 10:47:41 | INFO | M07 | Confirming installation:
2026-08-13 10:47:41 | INFO | M07 |   python:       3.14.7
2026-08-13 10:47:41 | INFO | M07 |   pandas:       3.0.5
2026-08-13 10:47:41 | INFO | M07 |   numpy:        2.5.2
2026-08-13 10:47:41 | INFO | M07 |   scikit-learn: 1.9.0
2026-08-13 10:47:41 | INFO | M07 |   seaborn:      0.13.2
2026-08-13 10:47:41 | INFO | M07 |   matplotlib:   3.11.1
2026-08-13 10:47:41 | INFO | M07 | Text corpus: 24 documents, classes=['cooking', 'space', 'sports']
2026-08-13 10:47:41 | INFO | M07 | Vocabulary size (features): 107
2026-08-13 10:47:41 | INFO | M07 | Text test accuracy: 0.500
2026-08-13 10:47:41 | INFO | M07 |   predicted 'sports'  <-  'the midfielder scored in the last minute of the game'
2026-08-13 10:47:41 | INFO | M07 |   predicted 'cooking'  <-  'stir the sauce and bake the casserole until golden'
2026-08-13 10:47:41 | INFO | M07 | TF-IDF ignored word order. Did any misread sentence reveal that limit?
2026-08-13 10:47:41 | INFO | M07 | Image data: 1797 images, 64 pixel features each
2026-08-13 10:47:41 | INFO | M07 | Classes (digits): [0, 1, 2, 3, 4, 5, 6, 7, 8, 9]
2026-08-13 10:47:42 | INFO | M07 | Image test accuracy: 0.969
2026-08-13 10:47:42 | INFO | M07 | Showing confusion matrix (which digits get confused)
2026-08-13 10:47:42 | INFO | M07 | Image test R^2: 0.969
2026-08-13 10:47:42 | INFO | M07 | Which digits confuse each other, and does the pixel view explain why?
2026-08-13 10:47:42 | INFO | M07 | ========================
2026-08-13 10:47:42 | INFO | M07 | SUMMARY
2026-08-13 10:47:42 | INFO | M07 | ========================
2026-08-13 10:47:42 | INFO | M07 | Text:   TF-IDF + MultinomialNB on a labeled corpus
2026-08-13 10:47:42 | INFO | M07 | Image:  pixel features + LogisticRegression on digit images
2026-08-13 10:47:42 | INFO | M07 | Same skeleton both times; only the representation changed.
2026-08-13 10:47:42 | INFO | M07 | ========================
2026-08-13 10:47:42 | INFO | M07 | YOUR JUDGMENT (write up in README.md and docs/index.md):
2026-08-13 10:47:42 | INFO | M07 |   - What did TF-IDF throw away, and where would that bite you?
2026-08-13 10:47:42 | INFO | M07 |   - What did flattening images throw away, and where would that bite you?
2026-08-13 10:47:42 | INFO | M07 |   - For each, what representation would you reach for next, and why?
2026-08-13 10:47:42 | INFO | M07 | ========================
2026-08-13 10:49:36 | INFO | M07 | Image data: 1797 images, 64 pixel features each
2026-08-13 10:49:36 | INFO | M07 | Classes (digits): [0, 1, 2, 3, 4, 5, 6, 7, 8, 9]
2026-08-13 10:49:36 | INFO | M07 | Image test accuracy: 0.969
2026-08-13 10:49:36 | INFO | M07 | Showing confusion matrix (which digits get confused)
2026-08-13 10:49:36 | INFO | M07 | Image test R^2: 0.969
2026-08-13 10:49:37 | INFO | M07 | Which digits confuse each other, and does the pixel view explain why?
2026-08-13 10:50:42 | INFO | M07 | Image data: 1797 images, 64 pixel features each
2026-08-13 10:50:42 | INFO | M07 | Classes (digits): [0, 1, 2, 3, 4, 5, 6, 7, 8, 9]
2026-08-13 10:50:43 | INFO | M07 | Image test accuracy: 0.969
2026-08-13 10:50:43 | INFO | M07 | Showing confusion matrix (which digits get confused)
2026-08-13 10:50:43 | INFO | M07 | Image test R^2: 0.969
2026-08-13 10:50:43 | INFO | M07 | Which digits confuse each other, and does the pixel view explain why?
2026-08-13 10:51:07 | INFO | M07 | Image data: 1797 images, 64 pixel features each
2026-08-13 10:51:07 | INFO | M07 | Classes (digits): [0, 1, 2, 3, 4, 5, 6, 7, 8, 9]
2026-08-13 10:51:07 | INFO | M07 | Image test accuracy: 0.969
2026-08-13 10:51:07 | INFO | M07 | Showing confusion matrix (which digits get confused)
2026-08-13 10:51:07 | INFO | M07 | Image test R^2: 0.969
2026-08-13 10:51:07 | INFO | M07 | Which digits confuse each other, and does the pixel view explain why?
2026-08-13 10:51:25 | INFO | M07 | Image data: 1797 images, 64 pixel features each
2026-08-13 10:51:25 | INFO | M07 | Classes (digits): [0, 1, 2, 3, 4, 5, 6, 7, 8, 9]
2026-08-13 10:51:25 | INFO | M07 | Image test accuracy: 0.969
2026-08-13 10:51:25 | INFO | M07 | Showing confusion matrix (which digits get confused)
2026-08-13 10:51:25 | INFO | M07 | Image test R^2: 0.969
2026-08-13 10:51:25 | INFO | M07 | Which digits confuse each other, and does the pixel view explain why?
2026-08-13 10:53:07 | INFO | M07 | Image data: 1797 images, 64 pixel features each
2026-08-13 10:53:07 | INFO | M07 | Classes (digits): [0, 1, 2, 3, 4, 5, 6, 7, 8, 9]
2026-08-13 10:53:08 | INFO | M07 | Image test accuracy: 0.969
2026-08-13 10:53:08 | INFO | M07 | Showing confusion matrix (which digits get confused)
2026-08-13 10:53:08 | INFO | M07 | Image test R^2: 0.969
2026-08-13 10:53:08 | INFO | M07 | Which digits confuse each other, and does the pixel view explain why?
2026-08-13 10:54:54 | INFO | M07 | Image data: 1797 images, 64 pixel features each
2026-08-13 10:54:54 | INFO | M07 | Classes (digits): [0, 1, 2, 3, 4, 5, 6, 7, 8, 9]
2026-08-13 10:54:54 | INFO | M07 | Image test accuracy: 0.969
2026-08-13 10:54:54 | INFO | M07 | Showing confusion matrix (which digits get confused)
2026-08-13 10:54:54 | INFO | M07 | Image test R^2: 0.969
2026-08-13 10:54:54 | INFO | M07 | Which digits confuse each other, and does the pixel view explain why?
2026-08-13 10:57:50 | INFO | M07 | Image data: 1797 images, 64 pixel features each
2026-08-13 10:57:50 | INFO | M07 | Classes (digits): [0, 1, 2, 3, 4, 5, 6, 7, 8, 9]
2026-08-13 10:57:50 | INFO | M07 | Image test accuracy: 0.969
2026-08-13 10:57:50 | INFO | M07 | Showing confusion matrix (which digits get confused)
2026-08-13 10:57:50 | INFO | M07 | Image test R^2: 0.969
2026-08-13 10:57:51 | INFO | M07 | Which digits confuse each other, and does the pixel view explain why?
2026-08-13 11:05:18 | INFO | M07 | Image data: 1797 images, 64 pixel features each
2026-08-13 11:05:18 | INFO | M07 | Classes (digits): [0, 1, 2, 3, 4, 5, 6, 7, 8, 9]
2026-08-13 11:05:18 | INFO | M07 | Image test accuracy: 0.969
2026-08-13 11:05:18 | INFO | M07 | Showing confusion matrix (which digits get confused)
2026-08-13 11:05:18 | INFO | M07 | Image test R^2: 0.969
2026-08-13 11:05:19 | INFO | M07 | Which digits confuse each other, and does the pixel view explain why?
2026-08-13 11:05:36 | INFO | M07 | Image data: 1797 images, 64 pixel features each
2026-08-13 11:05:36 | INFO | M07 | Classes (digits): [0, 1, 2, 3, 4, 5, 6, 7, 8, 9]
2026-08-13 11:05:36 | INFO | M07 | Image test accuracy: 0.969
2026-08-13 11:05:36 | INFO | M07 | Showing confusion matrix (which digits get confused)
2026-08-13 11:05:36 | INFO | M07 | Image test R^2: 0.969
2026-08-13 11:05:37 | INFO | M07 | Which digits confuse each other, and does the pixel view explain why?
2026-08-13 11:07:52 | INFO | M07 | Image data: 1797 images, 64 pixel features each
2026-08-13 11:07:52 | INFO | M07 | Classes (digits): [0, 1, 2, 3, 4, 5, 6, 7, 8, 9]
2026-08-13 11:07:52 | INFO | M07 | Image test accuracy: 0.969
2026-08-13 11:07:52 | INFO | M07 | Showing confusion matrix (which digits get confused)
2026-08-13 11:07:52 | INFO | M07 | Image test R^2: 0.969
2026-08-13 11:07:52 | INFO | M07 | Which digits confuse each other, and does the pixel view explain why?
2026-08-13 11:09:14 | INFO | M07 | Image data: 1797 images, 64 pixel features each
2026-08-13 11:09:14 | INFO | M07 | Classes (digits): [0, 1, 2, 3, 4, 5, 6, 7, 8, 9]
2026-08-13 11:09:14 | INFO | M07 | Image test accuracy: 0.969
2026-08-13 11:09:14 | INFO | M07 | Showing confusion matrix (which digits get confused)
2026-08-13 11:09:14 | INFO | M07 | Image test R^2: 0.969
2026-08-13 11:09:14 | INFO | M07 | Which digits confuse each other, and does the pixel view explain why?
2026-08-13 11:09:26 | INFO | M07 | Image data: 1797 images, 64 pixel features each
2026-08-13 11:09:26 | INFO | M07 | Classes (digits): [0, 1, 2, 3, 4, 5, 6, 7, 8, 9]
2026-08-13 11:09:26 | INFO | M07 | Image test accuracy: 0.969
2026-08-13 11:09:26 | INFO | M07 | Showing confusion matrix (which digits get confused)
2026-08-13 11:09:27 | INFO | M07 | Image test R^2: 0.969
2026-08-13 11:09:27 | INFO | M07 | Which digits confuse each other, and does the pixel view explain why?
2026-08-13 11:10:18 | INFO | M07 | === RUN START ===
2026-08-13 11:10:18 | INFO | M07 | project=M07
2026-08-13 11:10:18 | INFO | M07 | repo_dir=CS44670-Module-7
2026-08-13 11:10:18 | INFO | M07 | python=3.14.7
2026-08-13 11:10:18 | INFO | M07 | os=Windows 11
2026-08-13 11:10:18 | INFO | M07 | shell=powershell
2026-08-13 11:10:18 | INFO | M07 | cwd=notebooks
2026-08-13 11:10:18 | INFO | M07 | github_actions=False
2026-08-13 11:10:18 | INFO | M07 | Confirming installation:
2026-08-13 11:10:18 | INFO | M07 |   python:       3.14.7
2026-08-13 11:10:18 | INFO | M07 |   pandas:       3.0.5
2026-08-13 11:10:18 | INFO | M07 |   numpy:        2.5.2
2026-08-13 11:10:18 | INFO | M07 |   scikit-learn: 1.9.0
2026-08-13 11:10:18 | INFO | M07 |   seaborn:      0.13.2
2026-08-13 11:10:18 | INFO | M07 |   matplotlib:   3.11.1
2026-08-13 11:10:18 | INFO | M07 | Text corpus: 24 documents, classes=['cooking', 'space', 'sports']
2026-08-13 11:10:18 | INFO | M07 | Vocabulary size (features): 107
2026-08-13 11:10:18 | INFO | M07 | Text test accuracy: 0.500
2026-08-13 11:10:18 | INFO | M07 |   predicted 'sports'  <-  'the midfielder scored in the last minute of the game'
2026-08-13 11:10:18 | INFO | M07 |   predicted 'cooking'  <-  'stir the sauce and bake the casserole until golden'
2026-08-13 11:10:18 | INFO | M07 | TF-IDF ignored word order. Did any misread sentence reveal that limit?
2026-08-13 11:10:18 | INFO | M07 | Image data: 1797 images, 64 pixel features each
2026-08-13 11:10:18 | INFO | M07 | Classes (digits): [0, 1, 2, 3, 4, 5, 6, 7, 8, 9]
2026-08-13 11:10:18 | INFO | M07 | Image test accuracy: 0.969
2026-08-13 11:10:18 | INFO | M07 | Showing confusion matrix (which digits get confused)
2026-08-13 11:10:18 | INFO | M07 | Image test R^2: 0.969
2026-08-13 11:10:18 | INFO | M07 | Which digits confuse each other, and does the pixel view explain why?
2026-08-13 11:10:18 | INFO | M07 | ========================
2026-08-13 11:10:18 | INFO | M07 | SUMMARY
2026-08-13 11:10:18 | INFO | M07 | ========================
2026-08-13 11:10:18 | INFO | M07 | Text:   TF-IDF + MultinomialNB on a labeled corpus
2026-08-13 11:10:18 | INFO | M07 | Image:  pixel features + LogisticRegression on digit images
2026-08-13 11:10:18 | INFO | M07 | Same skeleton both times; only the representation changed.
2026-08-13 11:10:18 | INFO | M07 | ========================
2026-08-13 11:10:18 | INFO | M07 | YOUR JUDGMENT (write up in README.md and docs/index.md):
2026-08-13 11:10:18 | INFO | M07 |   - What did TF-IDF throw away, and where would that bite you?
2026-08-13 11:10:18 | INFO | M07 |   - What did flattening images throw away, and where would that bite you?
2026-08-13 11:10:18 | INFO | M07 |   - For each, what representation would you reach for next, and why?
2026-08-13 11:10:18 | INFO | M07 | ========================
2026-08-13 11:11:53 | INFO | M07 | Image data: 1797 images, 64 pixel features each
2026-08-13 11:11:53 | INFO | M07 | Classes (digits): [0, 1, 2, 3, 4, 5, 6, 7, 8, 9]
2026-08-13 11:11:53 | INFO | M07 | Image test accuracy: 0.969
2026-08-13 11:11:53 | INFO | M07 | Showing confusion matrix (which digits get confused)
2026-08-13 11:11:54 | INFO | M07 | Image test R^2: 0.969
2026-08-13 11:11:54 | INFO | M07 | Which digits confuse each other, and does the pixel view explain why?
2026-08-13 11:17:48 | INFO | M07 | Image data: 1797 images, 64 pixel features each
2026-08-13 11:17:48 | INFO | M07 | Classes (digits): [0, 1, 2, 3, 4, 5, 6, 7, 8, 9]
2026-08-13 11:17:48 | INFO | M07 | Image test accuracy: 0.969
2026-08-13 11:17:48 | INFO | M07 | Showing confusion matrix (which digits get confused)
2026-08-13 11:17:49 | INFO | M07 | Which digits confuse each other, and does the pixel view explain why?
2026-08-13 11:19:53 | INFO | M07 | Image data: 1797 images, 64 pixel features each
2026-08-13 11:19:53 | INFO | M07 | Classes (digits): [0, 1, 2, 3, 4, 5, 6, 7, 8, 9]
2026-08-13 11:19:54 | INFO | M07 | Image test accuracy: 0.969
2026-08-13 11:19:54 | INFO | M07 | Showing confusion matrix (which digits get confused)
2026-08-13 11:19:54 | INFO | M07 | Which digits confuse each other, and does the pixel view explain why?
2026-08-13 11:21:58 | INFO | M07 | Image data: 1797 images, 64 pixel features each
2026-08-13 11:21:58 | INFO | M07 | Classes (digits): [0, 1, 2, 3, 4, 5, 6, 7, 8, 9]
2026-08-13 11:21:58 | INFO | M07 | Image test accuracy: 0.969
2026-08-13 11:21:58 | INFO | M07 | Showing confusion matrix (which digits get confused)
2026-08-13 11:22:00 | INFO | M07 | Which digits confuse each other, and does the pixel view explain why?
2026-08-13 11:27:00 | INFO | M07 | Image data: 1797 images, 64 pixel features each
2026-08-13 11:27:00 | INFO | M07 | Classes (digits): [0, 1, 2, 3, 4, 5, 6, 7, 8, 9]
2026-08-13 11:27:01 | INFO | M07 | Image test accuracy: 0.969
2026-08-13 11:27:01 | INFO | M07 | Showing confusion matrix (which digits get confused)
2026-08-13 11:27:01 | INFO | M07 | Pixel Pandas(_0=0, _1=0, Correlation=nan)
2026-08-13 11:27:01 | INFO | M07 | Pixel Pandas(_0=0, _1=1, Correlation=nan)
2026-08-13 11:27:01 | INFO | M07 | Pixel Pandas(_0=0, _1=2, Correlation=nan)
2026-08-13 11:27:01 | INFO | M07 | Pixel Pandas(_0=0, _1=3, Correlation=nan)
2026-08-13 11:27:01 | INFO | M07 | Pixel Pandas(_0=0, _1=4, Correlation=nan)
2026-08-13 11:27:01 | INFO | M07 | Pixel Pandas(_0=0, _1=5, Correlation=nan)
2026-08-13 11:27:01 | INFO | M07 | Pixel Pandas(_0=0, _1=6, Correlation=nan)
2026-08-13 11:27:01 | INFO | M07 | Pixel Pandas(_0=0, _1=7, Correlation=nan)
2026-08-13 11:27:01 | INFO | M07 | Pixel Pandas(_0=0, _1=8, Correlation=nan)
2026-08-13 11:27:01 | INFO | M07 | Pixel Pandas(_0=0, _1=9, Correlation=nan)
2026-08-13 11:27:01 | INFO | M07 | Pixel Pandas(_0=0, _1=10, Correlation=nan)
2026-08-13 11:27:01 | INFO | M07 | Pixel Pandas(_0=0, _1=11, Correlation=nan)
2026-08-13 11:27:01 | INFO | M07 | Pixel Pandas(_0=0, _1=12, Correlation=nan)
2026-08-13 11:27:01 | INFO | M07 | Pixel Pandas(_0=0, _1=13, Correlation=nan)
2026-08-13 11:27:01 | INFO | M07 | Pixel Pandas(_0=0, _1=14, Correlation=nan)
2026-08-13 11:27:01 | INFO | M07 | Pixel Pandas(_0=0, _1=15, Correlation=nan)
2026-08-13 11:27:01 | INFO | M07 | Pixel Pandas(_0=0, _1=16, Correlation=nan)
2026-08-13 11:27:01 | INFO | M07 | Pixel Pandas(_0=0, _1=17, Correlation=nan)
2026-08-13 11:27:01 | INFO | M07 | Pixel Pandas(_0=0, _1=18, Correlation=nan)
2026-08-13 11:27:01 | INFO | M07 | Pixel Pandas(_0=0, _1=19, Correlation=nan)
2026-08-13 11:27:01 | INFO | M07 | Pixel Pandas(_0=0, _1=20, Correlation=nan)
2026-08-13 11:27:01 | INFO | M07 | Pixel Pandas(_0=0, _1=21, Correlation=nan)
2026-08-13 11:27:01 | INFO | M07 | Pixel Pandas(_0=0, _1=22, Correlation=nan)
2026-08-13 11:27:01 | INFO | M07 | Pixel Pandas(_0=0, _1=23, Correlation=nan)
2026-08-13 11:27:01 | INFO | M07 | Pixel Pandas(_0=0, _1=24, Correlation=nan)
2026-08-13 11:27:01 | INFO | M07 | Pixel Pandas(_0=0, _1=25, Correlation=nan)
2026-08-13 11:27:01 | INFO | M07 | Pixel Pandas(_0=0, _1=26, Correlation=nan)
2026-08-13 11:27:01 | INFO | M07 | Pixel Pandas(_0=0, _1=27, Correlation=nan)
2026-08-13 11:27:01 | INFO | M07 | Pixel Pandas(_0=0, _1=28, Correlation=nan)
2026-08-13 11:27:01 | INFO | M07 | Pixel Pandas(_0=0, _1=29, Correlation=nan)
2026-08-13 11:27:01 | INFO | M07 | Pixel Pandas(_0=0, _1=30, Correlation=nan)
2026-08-13 11:27:01 | INFO | M07 | Pixel Pandas(_0=0, _1=31, Correlation=nan)
2026-08-13 11:27:01 | INFO | M07 | Pixel Pandas(_0=0, _1=32, Correlation=nan)
2026-08-13 11:27:01 | INFO | M07 | Pixel Pandas(_0=0, _1=33, Correlation=nan)
2026-08-13 11:27:01 | INFO | M07 | Pixel Pandas(_0=0, _1=34, Correlation=nan)
2026-08-13 11:27:01 | INFO | M07 | Pixel Pandas(_0=0, _1=35, Correlation=nan)
2026-08-13 11:27:01 | INFO | M07 | Pixel Pandas(_0=0, _1=36, Correlation=nan)
2026-08-13 11:27:01 | INFO | M07 | Pixel Pandas(_0=0, _1=37, Correlation=nan)
2026-08-13 11:27:01 | INFO | M07 | Pixel Pandas(_0=0, _1=38, Correlation=nan)
2026-08-13 11:27:01 | INFO | M07 | Pixel Pandas(_0=0, _1=39, Correlation=nan)
2026-08-13 11:27:01 | INFO | M07 | Pixel Pandas(_0=0, _1=40, Correlation=nan)
2026-08-13 11:27:01 | INFO | M07 | Pixel Pandas(_0=0, _1=41, Correlation=nan)
2026-08-13 11:27:01 | INFO | M07 | Pixel Pandas(_0=0, _1=42, Correlation=nan)
2026-08-13 11:27:01 | INFO | M07 | Pixel Pandas(_0=0, _1=43, Correlation=nan)
2026-08-13 11:27:01 | INFO | M07 | Pixel Pandas(_0=0, _1=44, Correlation=nan)
2026-08-13 11:27:01 | INFO | M07 | Pixel Pandas(_0=0, _1=45, Correlation=nan)
2026-08-13 11:27:01 | INFO | M07 | Pixel Pandas(_0=0, _1=46, Correlation=nan)
2026-08-13 11:27:01 | INFO | M07 | Pixel Pandas(_0=0, _1=47, Correlation=nan)
2026-08-13 11:27:01 | INFO | M07 | Pixel Pandas(_0=0, _1=48, Correlation=nan)
2026-08-13 11:27:01 | INFO | M07 | Pixel Pandas(_0=0, _1=49, Correlation=nan)
2026-08-13 11:27:01 | INFO | M07 | Pixel Pandas(_0=0, _1=50, Correlation=nan)
2026-08-13 11:27:01 | INFO | M07 | Pixel Pandas(_0=0, _1=51, Correlation=nan)
2026-08-13 11:27:01 | INFO | M07 | Pixel Pandas(_0=0, _1=52, Correlation=nan)
2026-08-13 11:27:01 | INFO | M07 | Pixel Pandas(_0=0, _1=53, Correlation=nan)
2026-08-13 11:27:01 | INFO | M07 | Pixel Pandas(_0=0, _1=54, Correlation=nan)
2026-08-13 11:27:01 | INFO | M07 | Pixel Pandas(_0=0, _1=55, Correlation=nan)
2026-08-13 11:27:01 | INFO | M07 | Pixel Pandas(_0=0, _1=56, Correlation=nan)
2026-08-13 11:27:01 | INFO | M07 | Pixel Pandas(_0=0, _1=57, Correlation=nan)
2026-08-13 11:27:01 | INFO | M07 | Pixel Pandas(_0=0, _1=58, Correlation=nan)
2026-08-13 11:27:01 | INFO | M07 | Pixel Pandas(_0=0, _1=59, Correlation=nan)
2026-08-13 11:27:01 | INFO | M07 | Pixel Pandas(_0=0, _1=60, Correlation=nan)
2026-08-13 11:27:01 | INFO | M07 | Pixel Pandas(_0=0, _1=61, Correlation=nan)
2026-08-13 11:27:01 | INFO | M07 | Pixel Pandas(_0=0, _1=62, Correlation=nan)
2026-08-13 11:27:01 | INFO | M07 | Pixel Pandas(_0=0, _1=63, Correlation=nan)
2026-08-13 11:27:01 | INFO | M07 | Pixel Pandas(_0=1, _1=0, Correlation=nan)
2026-08-13 11:27:01 | INFO | M07 | Pixel Pandas(_0=1, _1=1, Correlation=1.0)
2026-08-13 11:27:01 | INFO | M07 | Pixel Pandas(_0=1, _1=2, Correlation=0.5566181124385517)
2026-08-13 11:27:01 | INFO | M07 | Pixel Pandas(_0=1, _1=3, Correlation=0.2078135102831523)
2026-08-13 11:27:01 | INFO | M07 | Pixel Pandas(_0=1, _1=4, Correlation=-0.01876050202927096)
2026-08-13 11:27:01 | INFO | M07 | Pixel Pandas(_0=1, _1=5, Correlation=0.060775717849916526)
2026-08-13 11:27:01 | INFO | M07 | Pixel Pandas(_0=1, _1=6, Correlation=0.04838767578015052)
2026-08-13 11:27:01 | INFO | M07 | Pixel Pandas(_0=1, _1=7, Correlation=-0.038926555472407115)
2026-08-13 11:27:01 | INFO | M07 | Pixel Pandas(_0=1, _1=8, Correlation=0.03231961111321711)
2026-08-13 11:27:01 | INFO | M07 | Pixel Pandas(_0=1, _1=9, Correlation=0.5563724803113811)
2026-08-13 11:27:01 | INFO | M07 | Pixel Pandas(_0=1, _1=10, Correlation=0.22452185216509865)
2026-08-13 11:27:01 | INFO | M07 | Pixel Pandas(_0=1, _1=11, Correlation=-0.10905617422250934)
2026-08-13 11:27:01 | INFO | M07 | Pixel Pandas(_0=1, _1=12, Correlation=0.02790790846275364)
2026-08-13 11:27:01 | INFO | M07 | Pixel Pandas(_0=1, _1=13, Correlation=-0.06398308200525935)
2026-08-13 11:27:01 | INFO | M07 | Pixel Pandas(_0=1, _1=14, Correlation=-0.02997306694714501)
2026-08-13 11:27:01 | INFO | M07 | Pixel Pandas(_0=1, _1=15, Correlation=-0.04369733299976157)
2026-08-13 11:27:01 | INFO | M07 | Pixel Pandas(_0=1, _1=16, Correlation=-0.0051093319507583505)
2026-08-13 11:27:01 | INFO | M07 | Pixel Pandas(_0=1, _1=17, Correlation=0.2135858122528726)
2026-08-13 11:27:01 | INFO | M07 | Pixel Pandas(_0=1, _1=18, Correlation=-0.11358117893947141)
2026-08-13 11:27:01 | INFO | M07 | Pixel Pandas(_0=1, _1=19, Correlation=-0.10588220168806062)
2026-08-13 11:27:01 | INFO | M07 | Pixel Pandas(_0=1, _1=20, Correlation=0.09625353622373103)
2026-08-13 11:27:01 | INFO | M07 | Pixel Pandas(_0=1, _1=21, Correlation=-0.17006986724668202)
2026-08-13 11:27:01 | INFO | M07 | Pixel Pandas(_0=1, _1=22, Correlation=-0.1313299706063642)
2026-08-13 11:27:01 | INFO | M07 | Pixel Pandas(_0=1, _1=23, Correlation=-0.03826620090635278)
2026-08-13 11:27:01 | INFO | M07 | Pixel Pandas(_0=1, _1=24, Correlation=-0.011182758651897594)
2026-08-13 11:27:01 | INFO | M07 | Pixel Pandas(_0=1, _1=25, Correlation=-0.0859111775595869)
2026-08-13 11:27:01 | INFO | M07 | Pixel Pandas(_0=1, _1=26, Correlation=-0.14638319864801458)
2026-08-13 11:27:01 | INFO | M07 | Pixel Pandas(_0=1, _1=27, Correlation=0.07298072616024123)
2026-08-13 11:27:01 | INFO | M07 | Pixel Pandas(_0=1, _1=28, Correlation=0.04108289519413969)
2026-08-13 11:27:01 | INFO | M07 | Pixel Pandas(_0=1, _1=29, Correlation=-0.20631821022346614)
2026-08-13 11:27:01 | INFO | M07 | Pixel Pandas(_0=1, _1=30, Correlation=-0.1507544748168863)
2026-08-13 11:27:01 | INFO | M07 | Pixel Pandas(_0=1, _1=31, Correlation=-0.015823626798142146)
2026-08-13 11:27:01 | INFO | M07 | Pixel Pandas(_0=1, _1=32, Correlation=nan)
2026-08-13 11:27:01 | INFO | M07 | Pixel Pandas(_0=1, _1=33, Correlation=-0.16829563417146196)
2026-08-13 11:27:01 | INFO | M07 | Pixel Pandas(_0=1, _1=34, Correlation=-0.1784879189673064)
2026-08-13 11:27:01 | INFO | M07 | Pixel Pandas(_0=1, _1=35, Correlation=0.04413943093762216)
2026-08-13 11:27:01 | INFO | M07 | Pixel Pandas(_0=1, _1=36, Correlation=-0.05985817977370568)
2026-08-13 11:27:01 | INFO | M07 | Pixel Pandas(_0=1, _1=37, Correlation=-0.23577619485488246)
2026-08-13 11:27:01 | INFO | M07 | Pixel Pandas(_0=1, _1=38, Correlation=-0.17324529621501364)
2026-08-13 11:27:01 | INFO | M07 | Pixel Pandas(_0=1, _1=39, Correlation=nan)
2026-08-13 11:27:01 | INFO | M07 | Pixel Pandas(_0=1, _1=40, Correlation=-0.02055114047293966)
2026-08-13 11:27:01 | INFO | M07 | Pixel Pandas(_0=1, _1=41, Correlation=-0.12426670075080891)
2026-08-13 11:27:01 | INFO | M07 | Pixel Pandas(_0=1, _1=42, Correlation=-0.14299895188244122)
2026-08-13 11:27:01 | INFO | M07 | Pixel Pandas(_0=1, _1=43, Correlation=0.024242457848583487)
2026-08-13 11:27:01 | INFO | M07 | Pixel Pandas(_0=1, _1=44, Correlation=-0.05471646799163646)
2026-08-13 11:27:01 | INFO | M07 | Pixel Pandas(_0=1, _1=45, Correlation=-0.1632717192347404)
2026-08-13 11:27:01 | INFO | M07 | Pixel Pandas(_0=1, _1=46, Correlation=-0.08646626962984089)
2026-08-13 11:27:01 | INFO | M07 | Pixel Pandas(_0=1, _1=47, Correlation=-0.02573613652186311)
2026-08-13 11:27:01 | INFO | M07 | Pixel Pandas(_0=1, _1=48, Correlation=-0.011870727169897273)
2026-08-13 11:27:01 | INFO | M07 | Pixel Pandas(_0=1, _1=49, Correlation=0.22577527083653046)
2026-08-13 11:27:01 | INFO | M07 | Pixel Pandas(_0=1, _1=50, Correlation=0.1152810322482524)
2026-08-13 11:27:01 | INFO | M07 | Pixel Pandas(_0=1, _1=51, Correlation=0.020381877420570772)
2026-08-13 11:27:01 | INFO | M07 | Pixel Pandas(_0=1, _1=52, Correlation=0.031454654315542396)
2026-08-13 11:27:01 | INFO | M07 | Pixel Pandas(_0=1, _1=53, Correlation=-0.0095794026282856)
2026-08-13 11:27:01 | INFO | M07 | Pixel Pandas(_0=1, _1=54, Correlation=0.030953014594869346)
2026-08-13 11:27:01 | INFO | M07 | Pixel Pandas(_0=1, _1=55, Correlation=-0.04534228356946883)
2026-08-13 11:27:01 | INFO | M07 | Pixel Pandas(_0=1, _1=56, Correlation=-0.007905202775385927)
2026-08-13 11:27:01 | INFO | M07 | Pixel Pandas(_0=1, _1=57, Correlation=0.8556098442761533)
2026-08-13 11:27:01 | INFO | M07 | Pixel Pandas(_0=1, _1=58, Correlation=0.5557265053014581)
2026-08-13 11:27:01 | INFO | M07 | Pixel Pandas(_0=1, _1=59, Correlation=0.14764598563075002)
2026-08-13 11:27:01 | INFO | M07 | Pixel Pandas(_0=1, _1=60, Correlation=-0.10234937479147527)
2026-08-13 11:27:01 | INFO | M07 | Pixel Pandas(_0=1, _1=61, Correlation=-0.02987023131857246)
2026-08-13 11:27:01 | INFO | M07 | Pixel Pandas(_0=1, _1=62, Correlation=0.026547169182235025)
2026-08-13 11:27:01 | INFO | M07 | Pixel Pandas(_0=1, _1=63, Correlation=-0.04388880401849101)
2026-08-13 11:27:01 | INFO | M07 | Pixel Pandas(_0=2, _1=0, Correlation=nan)
2026-08-13 11:27:01 | INFO | M07 | Pixel Pandas(_0=2, _1=1, Correlation=0.5566181124385517)
2026-08-13 11:27:01 | INFO | M07 | Pixel Pandas(_0=2, _1=2, Correlation=1.0)
2026-08-13 11:27:01 | INFO | M07 | Pixel Pandas(_0=2, _1=3, Correlation=0.5601802526988869)
2026-08-13 11:27:01 | INFO | M07 | Pixel Pandas(_0=2, _1=4, Correlation=-0.08423522758018223)
2026-08-13 11:27:01 | INFO | M07 | Pixel Pandas(_0=2, _1=5, Correlation=0.04356902973248552)
2026-08-13 11:27:01 | INFO | M07 | Pixel Pandas(_0=2, _1=6, Correlation=0.0028409009493116644)
2026-08-13 11:27:01 | INFO | M07 | Pixel Pandas(_0=2, _1=7, Correlation=-0.06227801992875922)
2026-08-13 11:27:01 | INFO | M07 | Pixel Pandas(_0=2, _1=8, Correlation=0.022311307779673297)
2026-08-13 11:27:01 | INFO | M07 | Pixel Pandas(_0=2, _1=9, Correlation=0.5822585854828459)
2026-08-13 11:27:01 | INFO | M07 | Pixel Pandas(_0=2, _1=10, Correlation=0.6314672567250823)
2026-08-13 11:27:01 | INFO | M07 | Pixel Pandas(_0=2, _1=11, Correlation=-0.2860262396888065)
2026-08-13 11:27:01 | INFO | M07 | Pixel Pandas(_0=2, _1=12, Correlation=0.028798369721905182)
2026-08-13 11:27:01 | INFO | M07 | Pixel Pandas(_0=2, _1=13, Correlation=0.06324764258439045)
2026-08-13 11:27:01 | INFO | M07 | Pixel Pandas(_0=2, _1=14, Correlation=-0.089220922685301)
2026-08-13 11:27:01 | INFO | M07 | Pixel Pandas(_0=2, _1=15, Correlation=-0.10052565816614106)
2026-08-13 11:27:01 | INFO | M07 | Pixel Pandas(_0=2, _1=16, Correlation=-0.01694301943318476)
2026-08-13 11:27:01 | INFO | M07 | Pixel Pandas(_0=2, _1=17, Correlation=0.27886404190214004)
2026-08-13 11:27:01 | INFO | M07 | Pixel Pandas(_0=2, _1=18, Correlation=-0.08425098850689602)
2026-08-13 11:27:01 | INFO | M07 | Pixel Pandas(_0=2, _1=19, Correlation=-0.31072585525948054)
2026-08-13 11:27:01 | INFO | M07 | Pixel Pandas(_0=2, _1=20, Correlation=0.20872648708797636)
2026-08-13 11:27:01 | INFO | M07 | Pixel Pandas(_0=2, _1=21, Correlation=-0.08663016835410943)
2026-08-13 11:27:01 | INFO | M07 | Pixel Pandas(_0=2, _1=22, Correlation=-0.21765704157377713)
2026-08-13 11:27:01 | INFO | M07 | Pixel Pandas(_0=2, _1=23, Correlation=-0.11892496531641716)
2026-08-13 11:27:01 | INFO | M07 | Pixel Pandas(_0=2, _1=24, Correlation=-0.03654869217353598)
2026-08-13 11:27:01 | INFO | M07 | Pixel Pandas(_0=2, _1=25, Correlation=-0.15309961577052245)
2026-08-13 11:27:01 | INFO | M07 | Pixel Pandas(_0=2, _1=26, Correlation=-0.3105185721511174)
2026-08-13 11:27:01 | INFO | M07 | Pixel Pandas(_0=2, _1=27, Correlation=0.1083781398408849)
2026-08-13 11:27:01 | INFO | M07 | Pixel Pandas(_0=2, _1=28, Correlation=0.19976132449972428)
2026-08-13 11:27:01 | INFO | M07 | Pixel Pandas(_0=2, _1=29, Correlation=-0.1937588343670912)
2026-08-13 11:27:01 | INFO | M07 | Pixel Pandas(_0=2, _1=30, Correlation=-0.19208130194855075)
2026-08-13 11:27:01 | INFO | M07 | Pixel Pandas(_0=2, _1=31, Correlation=-0.05171647559576678)
2026-08-13 11:27:01 | INFO | M07 | Pixel Pandas(_0=2, _1=32, Correlation=nan)
2026-08-13 11:27:01 | INFO | M07 | Pixel Pandas(_0=2, _1=33, Correlation=-0.3440611715266622)
2026-08-13 11:27:01 | INFO | M07 | Pixel Pandas(_0=2, _1=34, Correlation=-0.3964311866635836)
2026-08-13 11:27:01 | INFO | M07 | Pixel Pandas(_0=2, _1=35, Correlation=-0.05571489746355522)
2026-08-13 11:27:01 | INFO | M07 | Pixel Pandas(_0=2, _1=36, Correlation=-0.12038660806176442)
2026-08-13 11:27:01 | INFO | M07 | Pixel Pandas(_0=2, _1=37, Correlation=-0.27978959192587516)
2026-08-13 11:27:01 | INFO | M07 | Pixel Pandas(_0=2, _1=38, Correlation=-0.18332106838867396)
2026-08-13 11:27:01 | INFO | M07 | Pixel Pandas(_0=2, _1=39, Correlation=nan)
2026-08-13 11:27:01 | INFO | M07 | Pixel Pandas(_0=2, _1=40, Correlation=-0.06716744323486844)
2026-08-13 11:27:01 | INFO | M07 | Pixel Pandas(_0=2, _1=41, Correlation=-0.268728214225331)
2026-08-13 11:27:01 | INFO | M07 | Pixel Pandas(_0=2, _1=42, Correlation=-0.34194356801551556)
2026-08-13 11:27:01 | INFO | M07 | Pixel Pandas(_0=2, _1=43, Correlation=-0.15746953118237408)
2026-08-13 11:27:01 | INFO | M07 | Pixel Pandas(_0=2, _1=44, Correlation=-0.20324672913346295)
2026-08-13 11:27:01 | INFO | M07 | Pixel Pandas(_0=2, _1=45, Correlation=-0.18997597930180654)
2026-08-13 11:27:01 | INFO | M07 | Pixel Pandas(_0=2, _1=46, Correlation=-0.06921541717295693)
2026-08-13 11:27:01 | INFO | M07 | Pixel Pandas(_0=2, _1=47, Correlation=-0.06478202583017795)
2026-08-13 11:27:01 | INFO | M07 | Pixel Pandas(_0=2, _1=48, Correlation=-0.03879718472999349)
2026-08-13 11:27:01 | INFO | M07 | Pixel Pandas(_0=2, _1=49, Correlation=0.20579604116825534)
2026-08-13 11:27:01 | INFO | M07 | Pixel Pandas(_0=2, _1=50, Correlation=0.2621760079598529)
2026-08-13 11:27:01 | INFO | M07 | Pixel Pandas(_0=2, _1=51, Correlation=-0.042531150733290016)
2026-08-13 11:27:01 | INFO | M07 | Pixel Pandas(_0=2, _1=52, Correlation=-0.05153039973615351)
2026-08-13 11:27:01 | INFO | M07 | Pixel Pandas(_0=2, _1=53, Correlation=0.08286487061131505)
2026-08-13 11:27:01 | INFO | M07 | Pixel Pandas(_0=2, _1=54, Correlation=0.050848829826862785)
2026-08-13 11:27:01 | INFO | M07 | Pixel Pandas(_0=2, _1=55, Correlation=-0.0038036849873319617)
2026-08-13 11:27:01 | INFO | M07 | Pixel Pandas(_0=2, _1=56, Correlation=-0.02583663224797712)
2026-08-13 11:27:01 | INFO | M07 | Pixel Pandas(_0=2, _1=57, Correlation=0.5152763016920694)
2026-08-13 11:27:01 | INFO | M07 | Pixel Pandas(_0=2, _1=58, Correlation=0.9376226224326414)
2026-08-13 11:27:01 | INFO | M07 | Pixel Pandas(_0=2, _1=59, Correlation=0.49983984404430354)
2026-08-13 11:27:01 | INFO | M07 | Pixel Pandas(_0=2, _1=60, Correlation=-0.13475392126828686)
2026-08-13 11:27:01 | INFO | M07 | Pixel Pandas(_0=2, _1=61, Correlation=-0.041182719082196735)
2026-08-13 11:27:01 | INFO | M07 | Pixel Pandas(_0=2, _1=62, Correlation=0.07259881625237993)
2026-08-13 11:27:01 | INFO | M07 | Pixel Pandas(_0=2, _1=63, Correlation=0.0825231355428785)
2026-08-13 11:27:01 | INFO | M07 | Pixel Pandas(_0=3, _1=0, Correlation=nan)
2026-08-13 11:27:01 | INFO | M07 | Pixel Pandas(_0=3, _1=1, Correlation=0.2078135102831523)
2026-08-13 11:27:01 | INFO | M07 | Pixel Pandas(_0=3, _1=2, Correlation=0.5601802526988869)
2026-08-13 11:27:01 | INFO | M07 | Pixel Pandas(_0=3, _1=3, Correlation=1.0)
2026-08-13 11:27:01 | INFO | M07 | Pixel Pandas(_0=3, _1=4, Correlation=0.02393833385129992)
2026-08-13 11:27:01 | INFO | M07 | Pixel Pandas(_0=3, _1=5, Correlation=-0.1713773150245205)
2026-08-13 11:27:01 | INFO | M07 | Pixel Pandas(_0=3, _1=6, Correlation=-0.11573198827147055)
2026-08-13 11:27:01 | INFO | M07 | Pixel Pandas(_0=3, _1=7, Correlation=-0.04013929905271567)
2026-08-13 11:27:01 | INFO | M07 | Pixel Pandas(_0=3, _1=8, Correlation=0.035663041464081925)
2026-08-13 11:27:01 | INFO | M07 | Pixel Pandas(_0=3, _1=9, Correlation=0.32834403533564877)
2026-08-13 11:27:01 | INFO | M07 | Pixel Pandas(_0=3, _1=10, Correlation=0.5964797125584264)
2026-08-13 11:27:01 | INFO | M07 | Pixel Pandas(_0=3, _1=11, Correlation=-0.0024404736821828123)
2026-08-13 11:27:01 | INFO | M07 | Pixel Pandas(_0=3, _1=12, Correlation=-0.06862596153076153)
2026-08-13 11:27:01 | INFO | M07 | Pixel Pandas(_0=3, _1=13, Correlation=0.023162662356878503)
2026-08-13 11:27:01 | INFO | M07 | Pixel Pandas(_0=3, _1=14, Correlation=-0.1788037314985237)
2026-08-13 11:27:01 | INFO | M07 | Pixel Pandas(_0=3, _1=15, Correlation=-0.11383041191785649)
2026-08-13 11:27:01 | INFO | M07 | Pixel Pandas(_0=3, _1=16, Correlation=0.022736264590545546)
2026-08-13 11:27:01 | INFO | M07 | Pixel Pandas(_0=3, _1=17, Correlation=0.18781134567551322)
2026-08-13 11:27:01 | INFO | M07 | Pixel Pandas(_0=3, _1=18, Correlation=0.04051592024004536)
2026-08-13 11:27:01 | INFO | M07 | Pixel Pandas(_0=3, _1=19, Correlation=-0.36043950531622443)
2026-08-13 11:27:01 | INFO | M07 | Pixel Pandas(_0=3, _1=20, Correlation=0.06794252232285448)
2026-08-13 11:27:01 | INFO | M07 | Pixel Pandas(_0=3, _1=21, Correlation=-0.018314767469344535)
2026-08-13 11:27:01 | INFO | M07 | Pixel Pandas(_0=3, _1=22, Correlation=-0.2248924928535101)
2026-08-13 11:27:01 | INFO | M07 | Pixel Pandas(_0=3, _1=23, Correlation=-0.1497579938679959)
2026-08-13 11:27:01 | INFO | M07 | Pixel Pandas(_0=3, _1=24, Correlation=-0.0026391390644131918)
2026-08-13 11:27:01 | INFO | M07 | Pixel Pandas(_0=3, _1=25, Correlation=-0.10926049303925262)
2026-08-13 11:27:01 | INFO | M07 | Pixel Pandas(_0=3, _1=26, Correlation=-0.2562928077275759)
2026-08-13 11:27:01 | INFO | M07 | Pixel Pandas(_0=3, _1=27, Correlation=-0.057107808499601405)
2026-08-13 11:27:01 | INFO | M07 | Pixel Pandas(_0=3, _1=28, Correlation=0.09017771848998463)
2026-08-13 11:27:01 | INFO | M07 | Pixel Pandas(_0=3, _1=29, Correlation=-0.18325741818670965)
2026-08-13 11:27:01 | INFO | M07 | Pixel Pandas(_0=3, _1=30, Correlation=-0.14177441536949772)
2026-08-13 11:27:01 | INFO | M07 | Pixel Pandas(_0=3, _1=31, Correlation=-0.06767223338944078)
2026-08-13 11:27:01 | INFO | M07 | Pixel Pandas(_0=3, _1=32, Correlation=nan)
2026-08-13 11:27:01 | INFO | M07 | Pixel Pandas(_0=3, _1=33, Correlation=-0.22745538868707643)
2026-08-13 11:27:01 | INFO | M07 | Pixel Pandas(_0=3, _1=34, Correlation=-0.2243774345747321)
2026-08-13 11:27:01 | INFO | M07 | Pixel Pandas(_0=3, _1=35, Correlation=0.01760639201185485)
2026-08-13 11:27:01 | INFO | M07 | Pixel Pandas(_0=3, _1=36, Correlation=-0.07796335542746768)
2026-08-13 11:27:01 | INFO | M07 | Pixel Pandas(_0=3, _1=37, Correlation=-0.22649258045697337)
2026-08-13 11:27:01 | INFO | M07 | Pixel Pandas(_0=3, _1=38, Correlation=-0.03722331197045493)
2026-08-13 11:27:01 | INFO | M07 | Pixel Pandas(_0=3, _1=39, Correlation=nan)
2026-08-13 11:27:01 | INFO | M07 | Pixel Pandas(_0=3, _1=40, Correlation=-0.09962411866594896)
2026-08-13 11:27:01 | INFO | M07 | Pixel Pandas(_0=3, _1=41, Correlation=-0.257835690191772)
2026-08-13 11:27:01 | INFO | M07 | Pixel Pandas(_0=3, _1=42, Correlation=-0.1022029342519395)
2026-08-13 11:27:01 | INFO | M07 | Pixel Pandas(_0=3, _1=43, Correlation=-0.025302164106096186)
2026-08-13 11:27:01 | INFO | M07 | Pixel Pandas(_0=3, _1=44, Correlation=-0.24382893615742954)
2026-08-13 11:27:01 | INFO | M07 | Pixel Pandas(_0=3, _1=45, Correlation=-0.21474409534830227)
2026-08-13 11:27:01 | INFO | M07 | Pixel Pandas(_0=3, _1=46, Correlation=0.08970318289336723)
2026-08-13 11:27:01 | INFO | M07 | Pixel Pandas(_0=3, _1=47, Correlation=0.046918895937478756)
2026-08-13 11:27:01 | INFO | M07 | Pixel Pandas(_0=3, _1=48, Correlation=-0.06279852400079128)
2026-08-13 11:27:01 | INFO | M07 | Pixel Pandas(_0=3, _1=49, Correlation=0.015447169646809141)
2026-08-13 11:27:01 | INFO | M07 | Pixel Pandas(_0=3, _1=50, Correlation=0.2997618616083874)
2026-08-13 11:27:01 | INFO | M07 | Pixel Pandas(_0=3, _1=51, Correlation=0.2794202534683463)
2026-08-13 11:27:01 | INFO | M07 | Pixel Pandas(_0=3, _1=52, Correlation=-0.18053127447690684)
2026-08-13 11:27:01 | INFO | M07 | Pixel Pandas(_0=3, _1=53, Correlation=0.022396361200116205)
2026-08-13 11:27:01 | INFO | M07 | Pixel Pandas(_0=3, _1=54, Correlation=0.1393969196854637)
2026-08-13 11:27:01 | INFO | M07 | Pixel Pandas(_0=3, _1=55, Correlation=0.07533452844438315)
2026-08-13 11:27:01 | INFO | M07 | Pixel Pandas(_0=3, _1=56, Correlation=-0.04908455530961558)
2026-08-13 11:27:01 | INFO | M07 | Pixel Pandas(_0=3, _1=57, Correlation=0.1758040694604899)
2026-08-13 11:27:01 | INFO | M07 | Pixel Pandas(_0=3, _1=58, Correlation=0.5603256408836211)
2026-08-13 11:27:01 | INFO | M07 | Pixel Pandas(_0=3, _1=59, Correlation=0.76794512777996)
2026-08-13 11:27:01 | INFO | M07 | Pixel Pandas(_0=3, _1=60, Correlation=-0.06595673240206529)
2026-08-13 11:27:01 | INFO | M07 | Pixel Pandas(_0=3, _1=61, Correlation=-0.05493581693497762)
2026-08-13 11:27:01 | INFO | M07 | Pixel Pandas(_0=3, _1=62, Correlation=0.05343734978487189)
2026-08-13 11:27:01 | INFO | M07 | Pixel Pandas(_0=3, _1=63, Correlation=0.08197057683454669)
2026-08-13 11:27:01 | INFO | M07 | Pixel Pandas(_0=4, _1=0, Correlation=nan)
2026-08-13 11:27:01 | INFO | M07 | Pixel Pandas(_0=4, _1=1, Correlation=-0.01876050202927096)
2026-08-13 11:27:01 | INFO | M07 | Pixel Pandas(_0=4, _1=2, Correlation=-0.08423522758018223)
2026-08-13 11:27:01 | INFO | M07 | Pixel Pandas(_0=4, _1=3, Correlation=0.02393833385129992)
2026-08-13 11:27:01 | INFO | M07 | Pixel Pandas(_0=4, _1=4, Correlation=1.0)
2026-08-13 11:27:01 | INFO | M07 | Pixel Pandas(_0=4, _1=5, Correlation=0.5077309176438551)
2026-08-13 11:27:01 | INFO | M07 | Pixel Pandas(_0=4, _1=6, Correlation=0.12776384987144032)
2026-08-13 11:27:01 | INFO | M07 | Pixel Pandas(_0=4, _1=7, Correlation=0.0100647602002756)
2026-08-13 11:27:01 | INFO | M07 | Pixel Pandas(_0=4, _1=8, Correlation=0.04206527559972301)
2026-08-13 11:27:01 | INFO | M07 | Pixel Pandas(_0=4, _1=9, Correlation=0.05165712417578223)
2026-08-13 11:27:01 | INFO | M07 | Pixel Pandas(_0=4, _1=10, Correlation=0.013998197030444463)
2026-08-13 11:27:01 | INFO | M07 | Pixel Pandas(_0=4, _1=11, Correlation=-0.13571456777602126)
2026-08-13 11:27:01 | INFO | M07 | Pixel Pandas(_0=4, _1=12, Correlation=0.16026847974492658)
2026-08-13 11:27:01 | INFO | M07 | Pixel Pandas(_0=4, _1=13, Correlation=0.3900346783451764)
2026-08-13 11:27:01 | INFO | M07 | Pixel Pandas(_0=4, _1=14, Correlation=0.13362457775363903)
2026-08-13 11:27:01 | INFO | M07 | Pixel Pandas(_0=4, _1=15, Correlation=0.014505325796321605)
2026-08-13 11:27:01 | INFO | M07 | Pixel Pandas(_0=4, _1=16, Correlation=0.009910770429698948)
2026-08-13 11:27:01 | INFO | M07 | Pixel Pandas(_0=4, _1=17, Correlation=0.03661208029107262)
2026-08-13 11:27:01 | INFO | M07 | Pixel Pandas(_0=4, _1=18, Correlation=-0.12445150255018667)
2026-08-13 11:27:01 | INFO | M07 | Pixel Pandas(_0=4, _1=19, Correlation=-0.15550052880528464)
2026-08-13 11:27:01 | INFO | M07 | Pixel Pandas(_0=4, _1=20, Correlation=-0.02902513489398626)
2026-08-13 11:27:01 | INFO | M07 | Pixel Pandas(_0=4, _1=21, Correlation=0.18267135481257862)
2026-08-13 11:27:01 | INFO | M07 | Pixel Pandas(_0=4, _1=22, Correlation=0.07833284317733033)
2026-08-13 11:27:01 | INFO | M07 | Pixel Pandas(_0=4, _1=23, Correlation=0.023887010855539695)
2026-08-13 11:27:01 | INFO | M07 | Pixel Pandas(_0=4, _1=24, Correlation=0.008970840257811502)
2026-08-13 11:27:01 | INFO | M07 | Pixel Pandas(_0=4, _1=25, Correlation=0.027043073654046353)
2026-08-13 11:27:01 | INFO | M07 | Pixel Pandas(_0=4, _1=26, Correlation=-0.06319441280350595)
2026-08-13 11:27:01 | INFO | M07 | Pixel Pandas(_0=4, _1=27, Correlation=0.03623073551843524)
2026-08-13 11:27:01 | INFO | M07 | Pixel Pandas(_0=4, _1=28, Correlation=0.08965413647978956)
2026-08-13 11:27:01 | INFO | M07 | Pixel Pandas(_0=4, _1=29, Correlation=0.12254771056327815)
2026-08-13 11:27:01 | INFO | M07 | Pixel Pandas(_0=4, _1=30, Correlation=0.07805699911936154)
2026-08-13 11:27:01 | INFO | M07 | Pixel Pandas(_0=4, _1=31, Correlation=0.012693757660706587)
2026-08-13 11:27:01 | INFO | M07 | Pixel Pandas(_0=4, _1=32, Correlation=nan)
2026-08-13 11:27:01 | INFO | M07 | Pixel Pandas(_0=4, _1=33, Correlation=-0.028072617468759643)
2026-08-13 11:27:01 | INFO | M07 | Pixel Pandas(_0=4, _1=34, Correlation=-0.01566389902042523)
2026-08-13 11:27:01 | INFO | M07 | Pixel Pandas(_0=4, _1=35, Correlation=0.02659339016424007)
2026-08-13 11:27:01 | INFO | M07 | Pixel Pandas(_0=4, _1=36, Correlation=0.0699152422962309)
2026-08-13 11:27:01 | INFO | M07 | Pixel Pandas(_0=4, _1=37, Correlation=0.08908592596953357)
2026-08-13 11:27:01 | INFO | M07 | Pixel Pandas(_0=4, _1=38, Correlation=0.05140823278878541)
2026-08-13 11:27:01 | INFO | M07 | Pixel Pandas(_0=4, _1=39, Correlation=nan)
2026-08-13 11:27:01 | INFO | M07 | Pixel Pandas(_0=4, _1=40, Correlation=0.02364214120899525)
2026-08-13 11:27:01 | INFO | M07 | Pixel Pandas(_0=4, _1=41, Correlation=-0.01836359691738543)
2026-08-13 11:27:01 | INFO | M07 | Pixel Pandas(_0=4, _1=42, Correlation=-0.09515399551814482)
2026-08-13 11:27:01 | INFO | M07 | Pixel Pandas(_0=4, _1=43, Correlation=-0.037575184712327285)
2026-08-13 11:27:01 | INFO | M07 | Pixel Pandas(_0=4, _1=44, Correlation=0.05171290717205604)
2026-08-13 11:27:01 | INFO | M07 | Pixel Pandas(_0=4, _1=45, Correlation=0.07457442378192332)
2026-08-13 11:27:01 | INFO | M07 | Pixel Pandas(_0=4, _1=46, Correlation=-0.09012049802767486)
2026-08-13 11:27:01 | INFO | M07 | Pixel Pandas(_0=4, _1=47, Correlation=-0.03953034881537463)
2026-08-13 11:27:01 | INFO | M07 | Pixel Pandas(_0=4, _1=48, Correlation=0.024148667924962442)
2026-08-13 11:27:01 | INFO | M07 | Pixel Pandas(_0=4, _1=49, Correlation=-0.020576894144745797)
2026-08-13 11:27:01 | INFO | M07 | Pixel Pandas(_0=4, _1=50, Correlation=-0.16560119735531778)
2026-08-13 11:27:01 | INFO | M07 | Pixel Pandas(_0=4, _1=51, Correlation=-0.04364881806556491)
2026-08-13 11:27:01 | INFO | M07 | Pixel Pandas(_0=4, _1=52, Correlation=0.030314481170920875)
2026-08-13 11:27:01 | INFO | M07 | Pixel Pandas(_0=4, _1=53, Correlation=-0.12056068837234325)
2026-08-13 11:27:01 | INFO | M07 | Pixel Pandas(_0=4, _1=54, Correlation=-0.2649684884699256)
2026-08-13 11:27:01 | INFO | M07 | Pixel Pandas(_0=4, _1=55, Correlation=-0.21222039549913613)
2026-08-13 11:27:01 | INFO | M07 | Pixel Pandas(_0=4, _1=56, Correlation=0.017352021815811264)
2026-08-13 11:27:01 | INFO | M07 | Pixel Pandas(_0=4, _1=57, Correlation=-0.047223215284320434)
2026-08-13 11:27:01 | INFO | M07 | Pixel Pandas(_0=4, _1=58, Correlation=-0.020175500497596772)
2026-08-13 11:27:01 | INFO | M07 | Pixel Pandas(_0=4, _1=59, Correlation=-0.008867026012577064)
2026-08-13 11:27:01 | INFO | M07 | Pixel Pandas(_0=4, _1=60, Correlation=-0.08212512930593316)
2026-08-13 11:27:01 | INFO | M07 | Pixel Pandas(_0=4, _1=61, Correlation=-0.21580870979853117)
2026-08-13 11:27:01 | INFO | M07 | Pixel Pandas(_0=4, _1=62, Correlation=-0.25069874224289934)
2026-08-13 11:27:01 | INFO | M07 | Pixel Pandas(_0=4, _1=63, Correlation=-0.21534918438071982)
2026-08-13 11:27:01 | INFO | M07 | Pixel Pandas(_0=5, _1=0, Correlation=nan)
2026-08-13 11:27:01 | INFO | M07 | Pixel Pandas(_0=5, _1=1, Correlation=0.060775717849916526)
2026-08-13 11:27:01 | INFO | M07 | Pixel Pandas(_0=5, _1=2, Correlation=0.04356902973248552)
2026-08-13 11:27:01 | INFO | M07 | Pixel Pandas(_0=5, _1=3, Correlation=-0.1713773150245205)
2026-08-13 11:27:01 | INFO | M07 | Pixel Pandas(_0=5, _1=4, Correlation=0.5077309176438551)
2026-08-13 11:27:01 | INFO | M07 | Pixel Pandas(_0=5, _1=5, Correlation=1.0)
2026-08-13 11:27:01 | INFO | M07 | Pixel Pandas(_0=5, _1=6, Correlation=0.6073092336316589)
2026-08-13 11:27:01 | INFO | M07 | Pixel Pandas(_0=5, _1=7, Correlation=0.15409458134609721)
2026-08-13 11:27:01 | INFO | M07 | Pixel Pandas(_0=5, _1=8, Correlation=0.00018919268321933316)
2026-08-13 11:27:01 | INFO | M07 | Pixel Pandas(_0=5, _1=9, Correlation=0.0385403496595801)
2026-08-13 11:27:01 | INFO | M07 | Pixel Pandas(_0=5, _1=10, Correlation=0.07216979934082575)
2026-08-13 11:27:01 | INFO | M07 | Pixel Pandas(_0=5, _1=11, Correlation=-0.19933969403105792)
2026-08-13 11:27:01 | INFO | M07 | Pixel Pandas(_0=5, _1=12, Correlation=-0.05219533802654754)
2026-08-13 11:27:01 | INFO | M07 | Pixel Pandas(_0=5, _1=13, Correlation=0.539509392666)
2026-08-13 11:27:01 | INFO | M07 | Pixel Pandas(_0=5, _1=14, Correlation=0.5345503151730566)
2026-08-13 11:27:01 | INFO | M07 | Pixel Pandas(_0=5, _1=15, Correlation=0.10911029767532714)
2026-08-13 11:27:01 | INFO | M07 | Pixel Pandas(_0=5, _1=16, Correlation=-0.025065254021818896)
2026-08-13 11:27:01 | INFO | M07 | Pixel Pandas(_0=5, _1=17, Correlation=0.06912401567194265)
2026-08-13 11:27:01 | INFO | M07 | Pixel Pandas(_0=5, _1=18, Correlation=-0.05183447308072135)
2026-08-13 11:27:01 | INFO | M07 | Pixel Pandas(_0=5, _1=19, Correlation=-0.19492371831669328)
2026-08-13 11:27:01 | INFO | M07 | Pixel Pandas(_0=5, _1=20, Correlation=-0.07911904411822426)
2026-08-13 11:27:01 | INFO | M07 | Pixel Pandas(_0=5, _1=21, Correlation=0.21211678898143632)
2026-08-13 11:27:01 | INFO | M07 | Pixel Pandas(_0=5, _1=22, Correlation=0.16009207418354535)
2026-08-13 11:27:01 | INFO | M07 | Pixel Pandas(_0=5, _1=23, Correlation=-0.00523512531970324)
2026-08-13 11:27:01 | INFO | M07 | Pixel Pandas(_0=5, _1=24, Correlation=-0.02228436941914781)
2026-08-13 11:27:01 | INFO | M07 | Pixel Pandas(_0=5, _1=25, Correlation=0.03510445020648181)
2026-08-13 11:27:01 | INFO | M07 | Pixel Pandas(_0=5, _1=26, Correlation=-0.042421592203789944)
2026-08-13 11:27:01 | INFO | M07 | Pixel Pandas(_0=5, _1=27, Correlation=0.10208750852694254)
2026-08-13 11:27:01 | INFO | M07 | Pixel Pandas(_0=5, _1=28, Correlation=0.1559584127656138)
2026-08-13 11:27:01 | INFO | M07 | Pixel Pandas(_0=5, _1=29, Correlation=0.1617884458368313)
2026-08-13 11:27:01 | INFO | M07 | Pixel Pandas(_0=5, _1=30, Correlation=0.0004413696876466556)
2026-08-13 11:27:01 | INFO | M07 | Pixel Pandas(_0=5, _1=31, Correlation=-0.031532429170389974)
2026-08-13 11:27:01 | INFO | M07 | Pixel Pandas(_0=5, _1=32, Correlation=nan)
2026-08-13 11:27:01 | INFO | M07 | Pixel Pandas(_0=5, _1=33, Correlation=-0.1898096149080383)
2026-08-13 11:27:01 | INFO | M07 | Pixel Pandas(_0=5, _1=34, Correlation=-0.14095176914119448)
2026-08-13 11:27:01 | INFO | M07 | Pixel Pandas(_0=5, _1=35, Correlation=-0.015156275026612534)
2026-08-13 11:27:01 | INFO | M07 | Pixel Pandas(_0=5, _1=36, Correlation=0.08389961682569357)
2026-08-13 11:27:01 | INFO | M07 | Pixel Pandas(_0=5, _1=37, Correlation=0.07096261039313378)
2026-08-13 11:27:01 | INFO | M07 | Pixel Pandas(_0=5, _1=38, Correlation=-0.08335222446840258)
2026-08-13 11:27:01 | INFO | M07 | Pixel Pandas(_0=5, _1=39, Correlation=nan)
2026-08-13 11:27:01 | INFO | M07 | Pixel Pandas(_0=5, _1=40, Correlation=-0.03283151945413475)
2026-08-13 11:27:01 | INFO | M07 | Pixel Pandas(_0=5, _1=41, Correlation=-0.16358776841098618)
2026-08-13 11:27:01 | INFO | M07 | Pixel Pandas(_0=5, _1=42, Correlation=-0.3345625992661873)
2026-08-13 11:27:01 | INFO | M07 | Pixel Pandas(_0=5, _1=43, Correlation=-0.16836047175070404)
2026-08-13 11:27:01 | INFO | M07 | Pixel Pandas(_0=5, _1=44, Correlation=0.11835538910452335)
2026-08-13 11:27:01 | INFO | M07 | Pixel Pandas(_0=5, _1=45, Correlation=0.02318231326401595)
2026-08-13 11:27:01 | INFO | M07 | Pixel Pandas(_0=5, _1=46, Correlation=-0.2540436118106551)
2026-08-13 11:27:01 | INFO | M07 | Pixel Pandas(_0=5, _1=47, Correlation=-0.08450042690589009)
2026-08-13 11:27:01 | INFO | M07 | Pixel Pandas(_0=5, _1=48, Correlation=-0.009701977520930605)
2026-08-13 11:27:01 | INFO | M07 | Pixel Pandas(_0=5, _1=49, Correlation=-0.04467165044801366)
2026-08-13 11:27:01 | INFO | M07 | Pixel Pandas(_0=5, _1=50, Correlation=-0.29890770642755904)
2026-08-13 11:27:01 | INFO | M07 | Pixel Pandas(_0=5, _1=51, Correlation=-0.16348859860314324)
2026-08-13 11:27:01 | INFO | M07 | Pixel Pandas(_0=5, _1=52, Correlation=0.029822444579394973)
2026-08-13 11:27:01 | INFO | M07 | Pixel Pandas(_0=5, _1=53, Correlation=-0.15926902216426533)
2026-08-13 11:27:01 | INFO | M07 | Pixel Pandas(_0=5, _1=54, Correlation=-0.34986575989479995)
2026-08-13 11:27:01 | INFO | M07 | Pixel Pandas(_0=5, _1=55, Correlation=-0.18866479068920577)
2026-08-13 11:27:01 | INFO | M07 | Pixel Pandas(_0=5, _1=56, Correlation=0.030066612537548727)
2026-08-13 11:27:01 | INFO | M07 | Pixel Pandas(_0=5, _1=57, Correlation=0.06336653513810796)
2026-08-13 11:27:01 | INFO | M07 | Pixel Pandas(_0=5, _1=58, Correlation=0.09707878274206892)
2026-08-13 11:27:01 | INFO | M07 | Pixel Pandas(_0=5, _1=59, Correlation=-0.06803785834329631)
2026-08-13 11:27:01 | INFO | M07 | Pixel Pandas(_0=5, _1=60, Correlation=-0.35114603891643714)
2026-08-13 11:27:01 | INFO | M07 | Pixel Pandas(_0=5, _1=61, Correlation=-0.26881766944673907)
2026-08-13 11:27:01 | INFO | M07 | Pixel Pandas(_0=5, _1=62, Correlation=-0.267658985673448)
2026-08-13 11:27:01 | INFO | M07 | Pixel Pandas(_0=5, _1=63, Correlation=-0.167727203514283)
2026-08-13 11:27:01 | INFO | M07 | Pixel Pandas(_0=6, _1=0, Correlation=nan)
2026-08-13 11:27:01 | INFO | M07 | Pixel Pandas(_0=6, _1=1, Correlation=0.04838767578015052)
2026-08-13 11:27:01 | INFO | M07 | Pixel Pandas(_0=6, _1=2, Correlation=0.0028409009493116644)
2026-08-13 11:27:01 | INFO | M07 | Pixel Pandas(_0=6, _1=3, Correlation=-0.11573198827147055)
2026-08-13 11:27:01 | INFO | M07 | Pixel Pandas(_0=6, _1=4, Correlation=0.12776384987144032)
2026-08-13 11:27:01 | INFO | M07 | Pixel Pandas(_0=6, _1=5, Correlation=0.6073092336316589)
2026-08-13 11:27:01 | INFO | M07 | Pixel Pandas(_0=6, _1=6, Correlation=1.0)
2026-08-13 11:27:01 | INFO | M07 | Pixel Pandas(_0=6, _1=7, Correlation=0.4879605968909977)
2026-08-13 11:27:01 | INFO | M07 | Pixel Pandas(_0=6, _1=8, Correlation=-0.024205488338950084)
2026-08-13 11:27:01 | INFO | M07 | Pixel Pandas(_0=6, _1=9, Correlation=-0.04237686247881061)
2026-08-13 11:27:01 | INFO | M07 | Pixel Pandas(_0=6, _1=10, Correlation=-0.004998935460766253)
2026-08-13 11:27:01 | INFO | M07 | Pixel Pandas(_0=6, _1=11, Correlation=0.0048153423783552154)
2026-08-13 11:27:01 | INFO | M07 | Pixel Pandas(_0=6, _1=12, Correlation=-0.07420557513628445)
2026-08-13 11:27:01 | INFO | M07 | Pixel Pandas(_0=6, _1=13, Correlation=0.1930173988241581)
2026-08-13 11:27:01 | INFO | M07 | Pixel Pandas(_0=6, _1=14, Correlation=0.7302962389243651)
2026-08-13 11:27:01 | INFO | M07 | Pixel Pandas(_0=6, _1=15, Correlation=0.3651449513705434)
2026-08-13 11:27:01 | INFO | M07 | Pixel Pandas(_0=6, _1=16, Correlation=-0.01828395998942574)
2026-08-13 11:27:01 | INFO | M07 | Pixel Pandas(_0=6, _1=17, Correlation=-0.03153392406027004)
2026-08-13 11:27:01 | INFO | M07 | Pixel Pandas(_0=6, _1=18, Correlation=0.02600755147805578)
2026-08-13 11:27:01 | INFO | M07 | Pixel Pandas(_0=6, _1=19, Correlation=-0.08238038623869923)
2026-08-13 11:27:01 | INFO | M07 | Pixel Pandas(_0=6, _1=20, Correlation=-0.15473132904008374)
2026-08-13 11:27:01 | INFO | M07 | Pixel Pandas(_0=6, _1=21, Correlation=0.06416130203599342)
2026-08-13 11:27:01 | INFO | M07 | Pixel Pandas(_0=6, _1=22, Correlation=0.2969294640007714)
2026-08-13 11:27:01 | INFO | M07 | Pixel Pandas(_0=6, _1=23, Correlation=0.12153511591008367)
2026-08-13 11:27:01 | INFO | M07 | Pixel Pandas(_0=6, _1=24, Correlation=-0.013676472339314601)
2026-08-13 11:27:01 | INFO | M07 | Pixel Pandas(_0=6, _1=25, Correlation=-0.0024345521700403347)
2026-08-13 11:27:01 | INFO | M07 | Pixel Pandas(_0=6, _1=26, Correlation=0.016022112333718683)
2026-08-13 11:27:01 | INFO | M07 | Pixel Pandas(_0=6, _1=27, Correlation=0.0211526223753325)
2026-08-13 11:27:01 | INFO | M07 | Pixel Pandas(_0=6, _1=28, Correlation=0.03751208961072237)
2026-08-13 11:27:01 | INFO | M07 | Pixel Pandas(_0=6, _1=29, Correlation=0.1377525568705773)
2026-08-13 11:27:01 | INFO | M07 | Pixel Pandas(_0=6, _1=30, Correlation=0.07212427997833286)
2026-08-13 11:27:01 | INFO | M07 | Pixel Pandas(_0=6, _1=31, Correlation=0.016162438017257776)
2026-08-13 11:27:01 | INFO | M07 | Pixel Pandas(_0=6, _1=32, Correlation=nan)
2026-08-13 11:27:01 | INFO | M07 | Pixel Pandas(_0=6, _1=33, Correlation=-0.1298782477809253)
2026-08-13 11:27:01 | INFO | M07 | Pixel Pandas(_0=6, _1=34, Correlation=-0.06067991574959124)
2026-08-13 11:27:01 | INFO | M07 | Pixel Pandas(_0=6, _1=35, Correlation=0.024445140909629175)
2026-08-13 11:27:01 | INFO | M07 | Pixel Pandas(_0=6, _1=36, Correlation=0.08379068320532725)
2026-08-13 11:27:01 | INFO | M07 | Pixel Pandas(_0=6, _1=37, Correlation=0.08608484915776345)
2026-08-13 11:27:01 | INFO | M07 | Pixel Pandas(_0=6, _1=38, Correlation=-0.05201264108102782)
2026-08-13 11:27:01 | INFO | M07 | Pixel Pandas(_0=6, _1=39, Correlation=nan)
2026-08-13 11:27:01 | INFO | M07 | Pixel Pandas(_0=6, _1=40, Correlation=-0.025133968546467073)
2026-08-13 11:27:01 | INFO | M07 | Pixel Pandas(_0=6, _1=41, Correlation=-0.1196486430788249)
2026-08-13 11:27:01 | INFO | M07 | Pixel Pandas(_0=6, _1=42, Correlation=-0.2308430070991479)
2026-08-13 11:27:01 | INFO | M07 | Pixel Pandas(_0=6, _1=43, Correlation=-0.046225693439996725)
2026-08-13 11:27:01 | INFO | M07 | Pixel Pandas(_0=6, _1=44, Correlation=0.1635089542961544)
2026-08-13 11:27:01 | INFO | M07 | Pixel Pandas(_0=6, _1=45, Correlation=-0.05346766582172711)
2026-08-13 11:27:01 | INFO | M07 | Pixel Pandas(_0=6, _1=46, Correlation=-0.22501926084092538)
2026-08-13 11:27:01 | INFO | M07 | Pixel Pandas(_0=6, _1=47, Correlation=-0.03635956333267847)
2026-08-13 11:27:01 | INFO | M07 | Pixel Pandas(_0=6, _1=48, Correlation=-0.012058524029910892)
2026-08-13 11:27:01 | INFO | M07 | Pixel Pandas(_0=6, _1=49, Correlation=-0.0450275596651717)
2026-08-13 11:27:01 | INFO | M07 | Pixel Pandas(_0=6, _1=50, Correlation=-0.272282436750303)
2026-08-13 11:27:01 | INFO | M07 | Pixel Pandas(_0=6, _1=51, Correlation=-0.06165842081473936)
2026-08-13 11:27:01 | INFO | M07 | Pixel Pandas(_0=6, _1=52, Correlation=0.04016535468485452)
2026-08-13 11:27:01 | INFO | M07 | Pixel Pandas(_0=6, _1=53, Correlation=-0.2709471682627125)
2026-08-13 11:27:01 | INFO | M07 | Pixel Pandas(_0=6, _1=54, Correlation=-0.2653491998384126)
2026-08-13 11:27:01 | INFO | M07 | Pixel Pandas(_0=6, _1=55, Correlation=-0.08578391434867234)
2026-08-13 11:27:01 | INFO | M07 | Pixel Pandas(_0=6, _1=56, Correlation=-0.0025710334619108792)
2026-08-13 11:27:01 | INFO | M07 | Pixel Pandas(_0=6, _1=57, Correlation=0.06238322330920286)
2026-08-13 11:27:01 | INFO | M07 | Pixel Pandas(_0=6, _1=58, Correlation=0.039566048000871136)
2026-08-13 11:27:01 | INFO | M07 | Pixel Pandas(_0=6, _1=59, Correlation=-0.0458454881041046)
2026-08-13 11:27:01 | INFO | M07 | Pixel Pandas(_0=6, _1=60, Correlation=-0.38352179811435966)
2026-08-13 11:27:01 | INFO | M07 | Pixel Pandas(_0=6, _1=61, Correlation=-0.30411145889543123)
2026-08-13 11:27:01 | INFO | M07 | Pixel Pandas(_0=6, _1=62, Correlation=-0.17894477384555518)
2026-08-13 11:27:01 | INFO | M07 | Pixel Pandas(_0=6, _1=63, Correlation=-0.08030896906820835)
2026-08-13 11:27:01 | INFO | M07 | Pixel Pandas(_0=7, _1=0, Correlation=nan)
2026-08-13 11:27:01 | INFO | M07 | Pixel Pandas(_0=7, _1=1, Correlation=-0.038926555472407115)
2026-08-13 11:27:01 | INFO | M07 | Pixel Pandas(_0=7, _1=2, Correlation=-0.06227801992875922)
2026-08-13 11:27:01 | INFO | M07 | Pixel Pandas(_0=7, _1=3, Correlation=-0.04013929905271567)
2026-08-13 11:27:01 | INFO | M07 | Pixel Pandas(_0=7, _1=4, Correlation=0.0100647602002756)
2026-08-13 11:27:01 | INFO | M07 | Pixel Pandas(_0=7, _1=5, Correlation=0.15409458134609721)
2026-08-13 11:27:01 | INFO | M07 | Pixel Pandas(_0=7, _1=6, Correlation=0.4879605968909977)
2026-08-13 11:27:01 | INFO | M07 | Pixel Pandas(_0=7, _1=7, Correlation=1.0)
2026-08-13 11:27:01 | INFO | M07 | Pixel Pandas(_0=7, _1=8, Correlation=-0.007386048892246114)
2026-08-13 11:27:01 | INFO | M07 | Pixel Pandas(_0=7, _1=9, Correlation=-0.058367754140057335)
2026-08-13 11:27:01 | INFO | M07 | Pixel Pandas(_0=7, _1=10, Correlation=-0.0433699520601783)
2026-08-13 11:27:01 | INFO | M07 | Pixel Pandas(_0=7, _1=11, Correlation=0.06164011214808978)
2026-08-13 11:27:01 | INFO | M07 | Pixel Pandas(_0=7, _1=12, Correlation=-0.028065891766713823)
2026-08-13 11:27:01 | INFO | M07 | Pixel Pandas(_0=7, _1=13, Correlation=0.0344958489812442)
2026-08-13 11:27:01 | INFO | M07 | Pixel Pandas(_0=7, _1=14, Correlation=0.41512458047130535)
2026-08-13 11:27:01 | INFO | M07 | Pixel Pandas(_0=7, _1=15, Correlation=0.7110733861228931)
2026-08-13 11:27:01 | INFO | M07 | Pixel Pandas(_0=7, _1=16, Correlation=-0.005579157112416593)
2026-08-13 11:27:01 | INFO | M07 | Pixel Pandas(_0=7, _1=17, Correlation=-0.0687607436450357)
2026-08-13 11:27:01 | INFO | M07 | Pixel Pandas(_0=7, _1=18, Correlation=-0.010793395758316447)
2026-08-13 11:27:01 | INFO | M07 | Pixel Pandas(_0=7, _1=19, Correlation=-0.020563402062031725)
2026-08-13 11:27:01 | INFO | M07 | Pixel Pandas(_0=7, _1=20, Correlation=-0.07976714399000749)
2026-08-13 11:27:01 | INFO | M07 | Pixel Pandas(_0=7, _1=21, Correlation=0.022961280757048015)
2026-08-13 11:27:01 | INFO | M07 | Pixel Pandas(_0=7, _1=22, Correlation=0.3085934803191144)
2026-08-13 11:27:01 | INFO | M07 | Pixel Pandas(_0=7, _1=23, Correlation=0.28308799655350336)
2026-08-13 11:27:01 | INFO | M07 | Pixel Pandas(_0=7, _1=24, Correlation=-0.004173230961388268)
2026-08-13 11:27:01 | INFO | M07 | Pixel Pandas(_0=7, _1=25, Correlation=-0.053976514806756096)
2026-08-13 11:27:01 | INFO | M07 | Pixel Pandas(_0=7, _1=26, Correlation=-0.0255069553021783)
2026-08-13 11:27:01 | INFO | M07 | Pixel Pandas(_0=7, _1=27, Correlation=-0.051673461629142)
2026-08-13 11:27:01 | INFO | M07 | Pixel Pandas(_0=7, _1=28, Correlation=-0.029314986523474452)
2026-08-13 11:27:01 | INFO | M07 | Pixel Pandas(_0=7, _1=29, Correlation=0.11749021759549633)
2026-08-13 11:27:01 | INFO | M07 | Pixel Pandas(_0=7, _1=30, Correlation=0.12243987215415586)
2026-08-13 11:27:01 | INFO | M07 | Pixel Pandas(_0=7, _1=31, Correlation=0.15349537733831464)
2026-08-13 11:27:01 | INFO | M07 | Pixel Pandas(_0=7, _1=32, Correlation=nan)
2026-08-13 11:27:01 | INFO | M07 | Pixel Pandas(_0=7, _1=33, Correlation=-0.05691996504152078)
2026-08-13 11:27:01 | INFO | M07 | Pixel Pandas(_0=7, _1=34, Correlation=-0.024309949995503604)
2026-08-13 11:27:01 | INFO | M07 | Pixel Pandas(_0=7, _1=35, Correlation=-0.0015177995096836453)
2026-08-13 11:27:01 | INFO | M07 | Pixel Pandas(_0=7, _1=36, Correlation=0.03597710001484543)
2026-08-13 11:27:01 | INFO | M07 | Pixel Pandas(_0=7, _1=37, Correlation=0.06954244354691522)
2026-08-13 11:27:01 | INFO | M07 | Pixel Pandas(_0=7, _1=38, Correlation=-0.0030142594857919137)
2026-08-13 11:27:01 | INFO | M07 | Pixel Pandas(_0=7, _1=39, Correlation=nan)
2026-08-13 11:27:01 | INFO | M07 | Pixel Pandas(_0=7, _1=40, Correlation=-0.007669364812675982)
2026-08-13 11:27:01 | INFO | M07 | Pixel Pandas(_0=7, _1=41, Correlation=-0.046802635828350585)
2026-08-13 11:27:01 | INFO | M07 | Pixel Pandas(_0=7, _1=42, Correlation=-0.0695652076370089)
2026-08-13 11:27:01 | INFO | M07 | Pixel Pandas(_0=7, _1=43, Correlation=0.003319603371457952)
2026-08-13 11:27:01 | INFO | M07 | Pixel Pandas(_0=7, _1=44, Correlation=0.07943258095436069)
2026-08-13 11:27:01 | INFO | M07 | Pixel Pandas(_0=7, _1=45, Correlation=-0.06550456814938857)
2026-08-13 11:27:01 | INFO | M07 | Pixel Pandas(_0=7, _1=46, Correlation=-0.09063161866952806)
2026-08-13 11:27:01 | INFO | M07 | Pixel Pandas(_0=7, _1=47, Correlation=-0.011094736396775825)
2026-08-13 11:27:01 | INFO | M07 | Pixel Pandas(_0=7, _1=48, Correlation=-0.004429970072831884)
2026-08-13 11:27:01 | INFO | M07 | Pixel Pandas(_0=7, _1=49, Correlation=-0.04891923605524755)
2026-08-13 11:27:01 | INFO | M07 | Pixel Pandas(_0=7, _1=50, Correlation=-0.13047333418219972)
2026-08-13 11:27:01 | INFO | M07 | Pixel Pandas(_0=7, _1=51, Correlation=0.004041566662625606)
2026-08-13 11:27:01 | INFO | M07 | Pixel Pandas(_0=7, _1=52, Correlation=0.0032407807823465295)
2026-08-13 11:27:01 | INFO | M07 | Pixel Pandas(_0=7, _1=53, Correlation=-0.15980653828973795)
2026-08-13 11:27:01 | INFO | M07 | Pixel Pandas(_0=7, _1=54, Correlation=-0.09469683915173531)
2026-08-13 11:27:01 | INFO | M07 | Pixel Pandas(_0=7, _1=55, Correlation=-0.02622794983728502)
2026-08-13 11:27:01 | INFO | M07 | Pixel Pandas(_0=7, _1=56, Correlation=-0.00295009827228051)
2026-08-13 11:27:01 | INFO | M07 | Pixel Pandas(_0=7, _1=57, Correlation=-0.03509414395185208)
2026-08-13 11:27:01 | INFO | M07 | Pixel Pandas(_0=7, _1=58, Correlation=-0.05016176365517511)
2026-08-13 11:27:01 | INFO | M07 | Pixel Pandas(_0=7, _1=59, Correlation=0.001012716390341777)
2026-08-13 11:27:01 | INFO | M07 | Pixel Pandas(_0=7, _1=60, Correlation=-0.17824343437186813)
2026-08-13 11:27:01 | INFO | M07 | Pixel Pandas(_0=7, _1=61, Correlation=-0.14117414527252084)
2026-08-13 11:27:01 | INFO | M07 | Pixel Pandas(_0=7, _1=62, Correlation=-0.06322031694169739)
2026-08-13 11:27:01 | INFO | M07 | Pixel Pandas(_0=7, _1=63, Correlation=-0.02450543297113243)
2026-08-13 11:27:01 | INFO | M07 | Pixel Pandas(_0=8, _1=0, Correlation=nan)
2026-08-13 11:27:01 | INFO | M07 | Pixel Pandas(_0=8, _1=1, Correlation=0.03231961111321711)
2026-08-13 11:27:01 | INFO | M07 | Pixel Pandas(_0=8, _1=2, Correlation=0.022311307779673297)
2026-08-13 11:27:01 | INFO | M07 | Pixel Pandas(_0=8, _1=3, Correlation=0.035663041464081925)
2026-08-13 11:27:01 | INFO | M07 | Pixel Pandas(_0=8, _1=4, Correlation=0.04206527559972301)
2026-08-13 11:27:01 | INFO | M07 | Pixel Pandas(_0=8, _1=5, Correlation=0.00018919268321933316)
2026-08-13 11:27:01 | INFO | M07 | Pixel Pandas(_0=8, _1=6, Correlation=-0.024205488338950084)
2026-08-13 11:27:01 | INFO | M07 | Pixel Pandas(_0=8, _1=7, Correlation=-0.007386048892246114)
2026-08-13 11:27:01 | INFO | M07 | Pixel Pandas(_0=8, _1=8, Correlation=1.0)
2026-08-13 11:27:01 | INFO | M07 | Pixel Pandas(_0=8, _1=9, Correlation=0.223830804341739)
2026-08-13 11:27:01 | INFO | M07 | Pixel Pandas(_0=8, _1=10, Correlation=0.04161298355604583)
2026-08-13 11:27:01 | INFO | M07 | Pixel Pandas(_0=8, _1=11, Correlation=-0.036836378770376155)
2026-08-13 11:27:01 | INFO | M07 | Pixel Pandas(_0=8, _1=12, Correlation=0.013846508759261642)
2026-08-13 11:27:01 | INFO | M07 | Pixel Pandas(_0=8, _1=13, Correlation=0.028547983999700845)
2026-08-13 11:27:01 | INFO | M07 | Pixel Pandas(_0=8, _1=14, Correlation=-0.028776676152133373)
2026-08-13 11:27:01 | INFO | M07 | Pixel Pandas(_0=8, _1=15, Correlation=-0.007705685494440929)
2026-08-13 11:27:01 | INFO | M07 | Pixel Pandas(_0=8, _1=16, Correlation=0.28161387244545)
2026-08-13 11:27:01 | INFO | M07 | Pixel Pandas(_0=8, _1=17, Correlation=0.14207872886327877)
2026-08-13 11:27:01 | INFO | M07 | Pixel Pandas(_0=8, _1=18, Correlation=-0.03741601999453519)
2026-08-13 11:27:01 | INFO | M07 | Pixel Pandas(_0=8, _1=19, Correlation=-0.022331010784159652)
2026-08-13 11:27:01 | INFO | M07 | Pixel Pandas(_0=8, _1=20, Correlation=0.04882032657950195)
2026-08-13 11:27:01 | INFO | M07 | Pixel Pandas(_0=8, _1=21, Correlation=-0.0048281965707375795)
2026-08-13 11:27:01 | INFO | M07 | Pixel Pandas(_0=8, _1=22, Correlation=-0.03242208611321987)
2026-08-13 11:27:01 | INFO | M07 | Pixel Pandas(_0=8, _1=23, Correlation=-0.006747947506385678)
2026-08-13 11:27:01 | INFO | M07 | Pixel Pandas(_0=8, _1=24, Correlation=-0.001971992687339336)
2026-08-13 11:27:01 | INFO | M07 | Pixel Pandas(_0=8, _1=25, Correlation=0.015594125952608532)
2026-08-13 11:27:01 | INFO | M07 | Pixel Pandas(_0=8, _1=26, Correlation=-0.0037340387624927147)
2026-08-13 11:27:01 | INFO | M07 | Pixel Pandas(_0=8, _1=27, Correlation=0.02389331039945948)
2026-08-13 11:27:01 | INFO | M07 | Pixel Pandas(_0=8, _1=28, Correlation=0.026635117406908288)
2026-08-13 11:27:01 | INFO | M07 | Pixel Pandas(_0=8, _1=29, Correlation=-0.052844226016601346)
2026-08-13 11:27:01 | INFO | M07 | Pixel Pandas(_0=8, _1=30, Correlation=-0.037153632419442105)
2026-08-13 11:27:01 | INFO | M07 | Pixel Pandas(_0=8, _1=31, Correlation=-0.002790373762365699)
2026-08-13 11:27:01 | INFO | M07 | Pixel Pandas(_0=8, _1=32, Correlation=nan)
2026-08-13 11:27:01 | INFO | M07 | Pixel Pandas(_0=8, _1=33, Correlation=-0.031232502253567506)
2026-08-13 11:27:01 | INFO | M07 | Pixel Pandas(_0=8, _1=34, Correlation=-0.02959259172874467)
2026-08-13 11:27:01 | INFO | M07 | Pixel Pandas(_0=8, _1=35, Correlation=0.028547877753852573)
2026-08-13 11:27:01 | INFO | M07 | Pixel Pandas(_0=8, _1=36, Correlation=-0.0030038924668514466)
2026-08-13 11:27:01 | INFO | M07 | Pixel Pandas(_0=8, _1=37, Correlation=-0.05983254693092681)
2026-08-13 11:27:01 | INFO | M07 | Pixel Pandas(_0=8, _1=38, Correlation=-0.03857915560212339)
2026-08-13 11:27:01 | INFO | M07 | Pixel Pandas(_0=8, _1=39, Correlation=nan)
2026-08-13 11:27:01 | INFO | M07 | Pixel Pandas(_0=8, _1=40, Correlation=-0.003624034103807053)
2026-08-13 11:27:01 | INFO | M07 | Pixel Pandas(_0=8, _1=41, Correlation=-0.03138696663927551)
2026-08-13 11:27:01 | INFO | M07 | Pixel Pandas(_0=8, _1=42, Correlation=-0.008871113456904042)
2026-08-13 11:27:01 | INFO | M07 | Pixel Pandas(_0=8, _1=43, Correlation=0.02084216174961783)
2026-08-13 11:27:01 | INFO | M07 | Pixel Pandas(_0=8, _1=44, Correlation=0.0021502879988740983)
2026-08-13 11:27:01 | INFO | M07 | Pixel Pandas(_0=8, _1=45, Correlation=-0.016979579516008998)
2026-08-13 11:27:01 | INFO | M07 | Pixel Pandas(_0=8, _1=46, Correlation=-0.01577744497052326)
2026-08-13 11:27:01 | INFO | M07 | Pixel Pandas(_0=8, _1=47, Correlation=-0.005242637957215121)
2026-08-13 11:27:01 | INFO | M07 | Pixel Pandas(_0=8, _1=48, Correlation=-0.0020933105954553935)
2026-08-13 11:27:01 | INFO | M07 | Pixel Pandas(_0=8, _1=49, Correlation=-0.023842224276349404)
2026-08-13 11:27:01 | INFO | M07 | Pixel Pandas(_0=8, _1=50, Correlation=0.020865803121117767)
2026-08-13 11:27:01 | INFO | M07 | Pixel Pandas(_0=8, _1=51, Correlation=-0.014010314510486477)
2026-08-13 11:27:01 | INFO | M07 | Pixel Pandas(_0=8, _1=52, Correlation=-0.016899362504839987)
2026-08-13 11:27:01 | INFO | M07 | Pixel Pandas(_0=8, _1=53, Correlation=0.016083754953517646)
2026-08-13 11:27:01 | INFO | M07 | Pixel Pandas(_0=8, _1=54, Correlation=0.01171094569387086)
2026-08-13 11:27:01 | INFO | M07 | Pixel Pandas(_0=8, _1=55, Correlation=0.011618575695713803)
2026-08-13 11:27:01 | INFO | M07 | Pixel Pandas(_0=8, _1=56, Correlation=-0.0013940211490078432)
2026-08-13 11:27:01 | INFO | M07 | Pixel Pandas(_0=8, _1=57, Correlation=0.007630753369746119)
2026-08-13 11:27:01 | INFO | M07 | Pixel Pandas(_0=8, _1=58, Correlation=0.025967494306211994)
2026-08-13 11:27:01 | INFO | M07 | Pixel Pandas(_0=8, _1=59, Correlation=0.04337415053553987)
2026-08-13 11:27:01 | INFO | M07 | Pixel Pandas(_0=8, _1=60, Correlation=0.048996488864960976)
2026-08-13 11:27:01 | INFO | M07 | Pixel Pandas(_0=8, _1=61, Correlation=0.033409111929791076)
2026-08-13 11:27:01 | INFO | M07 | Pixel Pandas(_0=8, _1=62, Correlation=0.02068892929401019)
2026-08-13 11:27:01 | INFO | M07 | Pixel Pandas(_0=8, _1=63, Correlation=-0.005225867441445798)
2026-08-13 11:27:01 | INFO | M07 | Pixel Pandas(_0=9, _1=0, Correlation=nan)
2026-08-13 11:27:01 | INFO | M07 | Pixel Pandas(_0=9, _1=1, Correlation=0.5563724803113811)
2026-08-13 11:27:01 | INFO | M07 | Pixel Pandas(_0=9, _1=2, Correlation=0.5822585854828459)
2026-08-13 11:27:01 | INFO | M07 | Pixel Pandas(_0=9, _1=3, Correlation=0.32834403533564877)
2026-08-13 11:27:01 | INFO | M07 | Pixel Pandas(_0=9, _1=4, Correlation=0.05165712417578223)
2026-08-13 11:27:01 | INFO | M07 | Pixel Pandas(_0=9, _1=5, Correlation=0.0385403496595801)
2026-08-13 11:27:01 | INFO | M07 | Pixel Pandas(_0=9, _1=6, Correlation=-0.04237686247881061)
2026-08-13 11:27:01 | INFO | M07 | Pixel Pandas(_0=9, _1=7, Correlation=-0.058367754140057335)
2026-08-13 11:27:01 | INFO | M07 | Pixel Pandas(_0=9, _1=8, Correlation=0.223830804341739)
2026-08-13 11:27:01 | INFO | M07 | Pixel Pandas(_0=9, _1=9, Correlation=1.0)
2026-08-13 11:27:01 | INFO | M07 | Pixel Pandas(_0=9, _1=10, Correlation=0.49819424284176345)
2026-08-13 11:27:01 | INFO | M07 | Pixel Pandas(_0=9, _1=11, Correlation=-0.2540797652666431)
2026-08-13 11:27:01 | INFO | M07 | Pixel Pandas(_0=9, _1=12, Correlation=0.058245447662417314)
2026-08-13 11:27:01 | INFO | M07 | Pixel Pandas(_0=9, _1=13, Correlation=0.024778061286191838)
2026-08-13 11:27:01 | INFO | M07 | Pixel Pandas(_0=9, _1=14, Correlation=-0.11773156769045576)
2026-08-13 11:27:01 | INFO | M07 | Pixel Pandas(_0=9, _1=15, Correlation=-0.07360623549632797)
2026-08-13 11:27:01 | INFO | M07 | Pixel Pandas(_0=9, _1=16, Correlation=0.08946772741094419)
2026-08-13 11:27:01 | INFO | M07 | Pixel Pandas(_0=9, _1=17, Correlation=0.6099947631308801)
2026-08-13 11:27:01 | INFO | M07 | Pixel Pandas(_0=9, _1=18, Correlation=-0.07025695292202105)
2026-08-13 11:27:01 | INFO | M07 | Pixel Pandas(_0=9, _1=19, Correlation=-0.2991703973811704)
2026-08-13 11:27:01 | INFO | M07 | Pixel Pandas(_0=9, _1=20, Correlation=0.20834868107528504)
2026-08-13 11:27:01 | INFO | M07 | Pixel Pandas(_0=9, _1=21, Correlation=-0.09495928607102652)
2026-08-13 11:27:01 | INFO | M07 | Pixel Pandas(_0=9, _1=22, Correlation=-0.20907394095463605)
2026-08-13 11:27:01 | INFO | M07 | Pixel Pandas(_0=9, _1=23, Correlation=-0.07127548854507253)
2026-08-13 11:27:01 | INFO | M07 | Pixel Pandas(_0=9, _1=24, Correlation=6.394692778822393e-05)
2026-08-13 11:27:01 | INFO | M07 | Pixel Pandas(_0=9, _1=25, Correlation=-0.035534919837519684)
2026-08-13 11:27:01 | INFO | M07 | Pixel Pandas(_0=9, _1=26, Correlation=-0.22434041528426127)
2026-08-13 11:27:01 | INFO | M07 | Pixel Pandas(_0=9, _1=27, Correlation=0.05208892988885589)
2026-08-13 11:27:01 | INFO | M07 | Pixel Pandas(_0=9, _1=28, Correlation=0.16568646140704169)
2026-08-13 11:27:01 | INFO | M07 | Pixel Pandas(_0=9, _1=29, Correlation=-0.21079442495431255)
2026-08-13 11:27:01 | INFO | M07 | Pixel Pandas(_0=9, _1=30, Correlation=-0.20242087666213052)
2026-08-13 11:27:01 | INFO | M07 | Pixel Pandas(_0=9, _1=31, Correlation=-0.029473444028389306)
2026-08-13 11:27:01 | INFO | M07 | Pixel Pandas(_0=9, _1=32, Correlation=nan)
2026-08-13 11:27:01 | INFO | M07 | Pixel Pandas(_0=9, _1=33, Correlation=-0.2830190248773428)
2026-08-13 11:27:01 | INFO | M07 | Pixel Pandas(_0=9, _1=34, Correlation=-0.3535170995452592)
2026-08-13 11:27:01 | INFO | M07 | Pixel Pandas(_0=9, _1=35, Correlation=-0.03277179969145036)
2026-08-13 11:27:01 | INFO | M07 | Pixel Pandas(_0=9, _1=36, Correlation=-0.0886869898891036)
2026-08-13 11:27:01 | INFO | M07 | Pixel Pandas(_0=9, _1=37, Correlation=-0.2431449670030093)
2026-08-13 11:27:01 | INFO | M07 | Pixel Pandas(_0=9, _1=38, Correlation=-0.15784217619283963)
2026-08-13 11:27:01 | INFO | M07 | Pixel Pandas(_0=9, _1=39, Correlation=nan)
2026-08-13 11:27:01 | INFO | M07 | Pixel Pandas(_0=9, _1=40, Correlation=-0.03827901758400084)
2026-08-13 11:27:01 | INFO | M07 | Pixel Pandas(_0=9, _1=41, Correlation=-0.23793247179222932)
2026-08-13 11:27:01 | INFO | M07 | Pixel Pandas(_0=9, _1=42, Correlation=-0.280398253999388)
2026-08-13 11:27:01 | INFO | M07 | Pixel Pandas(_0=9, _1=43, Correlation=-0.06559728731580461)
2026-08-13 11:27:01 | INFO | M07 | Pixel Pandas(_0=9, _1=44, Correlation=-0.19380225204974108)
2026-08-13 11:27:01 | INFO | M07 | Pixel Pandas(_0=9, _1=45, Correlation=-0.17744505934211816)
2026-08-13 11:27:01 | INFO | M07 | Pixel Pandas(_0=9, _1=46, Correlation=0.014038847956109398)
2026-08-13 11:27:01 | INFO | M07 | Pixel Pandas(_0=9, _1=47, Correlation=-0.050274464807028525)
2026-08-13 11:27:01 | INFO | M07 | Pixel Pandas(_0=9, _1=48, Correlation=-0.0221106840600743)
2026-08-13 11:27:01 | INFO | M07 | Pixel Pandas(_0=9, _1=49, Correlation=0.07300377583940691)
2026-08-13 11:27:01 | INFO | M07 | Pixel Pandas(_0=9, _1=50, Correlation=0.12547640438698468)
2026-08-13 11:27:01 | INFO | M07 | Pixel Pandas(_0=9, _1=51, Correlation=-0.027231739590678736)
2026-08-13 11:27:01 | INFO | M07 | Pixel Pandas(_0=9, _1=52, Correlation=-0.06858537355741492)
2026-08-13 11:27:01 | INFO | M07 | Pixel Pandas(_0=9, _1=53, Correlation=0.09229585217787625)
2026-08-13 11:27:01 | INFO | M07 | Pixel Pandas(_0=9, _1=54, Correlation=0.1667196068661084)
2026-08-13 11:27:01 | INFO | M07 | Pixel Pandas(_0=9, _1=55, Correlation=-0.039415754425988055)
2026-08-13 11:27:01 | INFO | M07 | Pixel Pandas(_0=9, _1=56, Correlation=-0.01472440891747781)
2026-08-13 11:27:01 | INFO | M07 | Pixel Pandas(_0=9, _1=57, Correlation=0.4092859754857565)
2026-08-13 11:27:01 | INFO | M07 | Pixel Pandas(_0=9, _1=58, Correlation=0.5901137683710078)
2026-08-13 11:27:01 | INFO | M07 | Pixel Pandas(_0=9, _1=59, Correlation=0.30519101818086875)
2026-08-13 11:27:01 | INFO | M07 | Pixel Pandas(_0=9, _1=60, Correlation=-0.0006037495307495652)
2026-08-13 11:27:01 | INFO | M07 | Pixel Pandas(_0=9, _1=61, Correlation=0.071488240842106)
2026-08-13 11:27:01 | INFO | M07 | Pixel Pandas(_0=9, _1=62, Correlation=0.1115688451278498)
2026-08-13 11:27:01 | INFO | M07 | Pixel Pandas(_0=9, _1=63, Correlation=-0.0014039156240667563)
2026-08-13 11:27:01 | INFO | M07 | Pixel Pandas(_0=10, _1=0, Correlation=nan)
2026-08-13 11:27:01 | INFO | M07 | Pixel Pandas(_0=10, _1=1, Correlation=0.22452185216509865)
2026-08-13 11:27:01 | INFO | M07 | Pixel Pandas(_0=10, _1=2, Correlation=0.6314672567250823)
2026-08-13 11:27:01 | INFO | M07 | Pixel Pandas(_0=10, _1=3, Correlation=0.5964797125584264)
2026-08-13 11:27:01 | INFO | M07 | Pixel Pandas(_0=10, _1=4, Correlation=0.013998197030444463)
2026-08-13 11:27:01 | INFO | M07 | Pixel Pandas(_0=10, _1=5, Correlation=0.07216979934082575)
2026-08-13 11:27:01 | INFO | M07 | Pixel Pandas(_0=10, _1=6, Correlation=-0.004998935460766253)
2026-08-13 11:27:01 | INFO | M07 | Pixel Pandas(_0=10, _1=7, Correlation=-0.0433699520601783)
2026-08-13 11:27:01 | INFO | M07 | Pixel Pandas(_0=10, _1=8, Correlation=0.04161298355604583)
2026-08-13 11:27:01 | INFO | M07 | Pixel Pandas(_0=10, _1=9, Correlation=0.49819424284176345)
2026-08-13 11:27:01 | INFO | M07 | Pixel Pandas(_0=10, _1=10, Correlation=1.0)
2026-08-13 11:27:01 | INFO | M07 | Pixel Pandas(_0=10, _1=11, Correlation=-0.11900246029657316)
2026-08-13 11:27:01 | INFO | M07 | Pixel Pandas(_0=10, _1=12, Correlation=-0.08101838490853437)
2026-08-13 11:27:01 | INFO | M07 | Pixel Pandas(_0=10, _1=13, Correlation=0.20109840783197855)
2026-08-13 11:27:01 | INFO | M07 | Pixel Pandas(_0=10, _1=14, Correlation=-0.0528492618664635)
2026-08-13 11:27:01 | INFO | M07 | Pixel Pandas(_0=10, _1=15, Correlation=-0.10161654039167278)
2026-08-13 11:27:01 | INFO | M07 | Pixel Pandas(_0=10, _1=16, Correlation=0.039666448111222954)
2026-08-13 11:27:01 | INFO | M07 | Pixel Pandas(_0=10, _1=17, Correlation=0.48709514155171374)
2026-08-13 11:27:01 | INFO | M07 | Pixel Pandas(_0=10, _1=18, Correlation=0.3419113434994714)
2026-08-13 11:27:01 | INFO | M07 | Pixel Pandas(_0=10, _1=19, Correlation=-0.5261585577046816)
2026-08-13 11:27:01 | INFO | M07 | Pixel Pandas(_0=10, _1=20, Correlation=-0.015886299236127506)
2026-08-13 11:27:01 | INFO | M07 | Pixel Pandas(_0=10, _1=21, Correlation=0.07112751744286389)
2026-08-13 11:27:01 | INFO | M07 | Pixel Pandas(_0=10, _1=22, Correlation=-0.13306783950029255)
2026-08-13 11:27:01 | INFO | M07 | Pixel Pandas(_0=10, _1=23, Correlation=-0.14199598856119636)
2026-08-13 11:27:01 | INFO | M07 | Pixel Pandas(_0=10, _1=24, Correlation=0.006883534529083994)
2026-08-13 11:27:01 | INFO | M07 | Pixel Pandas(_0=10, _1=25, Correlation=0.06933757717723224)
2026-08-13 11:27:01 | INFO | M07 | Pixel Pandas(_0=10, _1=26, Correlation=-0.1404460444045053)
2026-08-13 11:27:01 | INFO | M07 | Pixel Pandas(_0=10, _1=27, Correlation=-0.08294577467141577)
2026-08-13 11:27:01 | INFO | M07 | Pixel Pandas(_0=10, _1=28, Correlation=0.07101673748769453)
2026-08-13 11:27:01 | INFO | M07 | Pixel Pandas(_0=10, _1=29, Correlation=-0.10576758223066482)
2026-08-13 11:27:01 | INFO | M07 | Pixel Pandas(_0=10, _1=30, Correlation=-0.11565178985495285)
2026-08-13 11:27:01 | INFO | M07 | Pixel Pandas(_0=10, _1=31, Correlation=-0.05779752343521435)
2026-08-13 11:27:01 | INFO | M07 | Pixel Pandas(_0=10, _1=32, Correlation=nan)
2026-08-13 11:27:01 | INFO | M07 | Pixel Pandas(_0=10, _1=33, Correlation=-0.2720184945725937)
2026-08-13 11:27:01 | INFO | M07 | Pixel Pandas(_0=10, _1=34, Correlation=-0.341496192663618)
2026-08-13 11:27:01 | INFO | M07 | Pixel Pandas(_0=10, _1=35, Correlation=-0.1610277902750566)
2026-08-13 11:27:01 | INFO | M07 | Pixel Pandas(_0=10, _1=36, Correlation=-0.23131871968841483)
2026-08-13 11:27:01 | INFO | M07 | Pixel Pandas(_0=10, _1=37, Correlation=-0.19857804758035383)
2026-08-13 11:27:01 | INFO | M07 | Pixel Pandas(_0=10, _1=38, Correlation=-0.04598081308789367)
2026-08-13 11:27:01 | INFO | M07 | Pixel Pandas(_0=10, _1=39, Correlation=nan)
2026-08-13 11:27:01 | INFO | M07 | Pixel Pandas(_0=10, _1=40, Correlation=-0.09628677838263451)
2026-08-13 11:27:01 | INFO | M07 | Pixel Pandas(_0=10, _1=41, Correlation=-0.2850488515204099)
2026-08-13 11:27:01 | INFO | M07 | Pixel Pandas(_0=10, _1=42, Correlation=-0.23436466849095675)
2026-08-13 11:27:01 | INFO | M07 | Pixel Pandas(_0=10, _1=43, Correlation=-0.26543269015140003)
2026-08-13 11:27:01 | INFO | M07 | Pixel Pandas(_0=10, _1=44, Correlation=-0.36501047069936315)
2026-08-13 11:27:01 | INFO | M07 | Pixel Pandas(_0=10, _1=45, Correlation=-0.09932889087770655)
2026-08-13 11:27:01 | INFO | M07 | Pixel Pandas(_0=10, _1=46, Correlation=0.06655201251299973)
2026-08-13 11:27:01 | INFO | M07 | Pixel Pandas(_0=10, _1=47, Correlation=-0.07208627450897619)
2026-08-13 11:27:01 | INFO | M07 | Pixel Pandas(_0=10, _1=48, Correlation=-0.061337433623091436)
2026-08-13 11:27:01 | INFO | M07 | Pixel Pandas(_0=10, _1=49, Correlation=0.06863847060090024)
2026-08-13 11:27:01 | INFO | M07 | Pixel Pandas(_0=10, _1=50, Correlation=0.31553299945899077)
2026-08-13 11:27:01 | INFO | M07 | Pixel Pandas(_0=10, _1=51, Correlation=0.027243592931011987)
2026-08-13 11:27:01 | INFO | M07 | Pixel Pandas(_0=10, _1=52, Correlation=-0.20158494212592334)
2026-08-13 11:27:01 | INFO | M07 | Pixel Pandas(_0=10, _1=53, Correlation=0.14719330089102795)
2026-08-13 11:27:01 | INFO | M07 | Pixel Pandas(_0=10, _1=54, Correlation=0.08467356446260062)
2026-08-13 11:27:01 | INFO | M07 | Pixel Pandas(_0=10, _1=55, Correlation=-0.07353482145342667)
2026-08-13 11:27:01 | INFO | M07 | Pixel Pandas(_0=10, _1=56, Correlation=-0.03649347313473995)
2026-08-13 11:27:01 | INFO | M07 | Pixel Pandas(_0=10, _1=57, Correlation=0.1973218705453939)
2026-08-13 11:27:01 | INFO | M07 | Pixel Pandas(_0=10, _1=58, Correlation=0.6004885093626935)
2026-08-13 11:27:01 | INFO | M07 | Pixel Pandas(_0=10, _1=59, Correlation=0.634091529544509)
2026-08-13 11:27:01 | INFO | M07 | Pixel Pandas(_0=10, _1=60, Correlation=-0.07745112325673961)
2026-08-13 11:27:01 | INFO | M07 | Pixel Pandas(_0=10, _1=61, Correlation=-0.03106666075241153)
2026-08-13 11:27:01 | INFO | M07 | Pixel Pandas(_0=10, _1=62, Correlation=0.005105749816272118)
2026-08-13 11:27:01 | INFO | M07 | Pixel Pandas(_0=10, _1=63, Correlation=0.001909850287602231)
2026-08-13 11:27:01 | INFO | M07 | Pixel Pandas(_0=11, _1=0, Correlation=nan)
2026-08-13 11:27:01 | INFO | M07 | Pixel Pandas(_0=11, _1=1, Correlation=-0.10905617422250934)
2026-08-13 11:27:01 | INFO | M07 | Pixel Pandas(_0=11, _1=2, Correlation=-0.2860262396888065)
2026-08-13 11:27:01 | INFO | M07 | Pixel Pandas(_0=11, _1=3, Correlation=-0.0024404736821828123)
2026-08-13 11:27:01 | INFO | M07 | Pixel Pandas(_0=11, _1=4, Correlation=-0.13571456777602126)
2026-08-13 11:27:01 | INFO | M07 | Pixel Pandas(_0=11, _1=5, Correlation=-0.19933969403105792)
2026-08-13 11:27:01 | INFO | M07 | Pixel Pandas(_0=11, _1=6, Correlation=0.0048153423783552154)
2026-08-13 11:27:01 | INFO | M07 | Pixel Pandas(_0=11, _1=7, Correlation=0.06164011214808978)
2026-08-13 11:27:01 | INFO | M07 | Pixel Pandas(_0=11, _1=8, Correlation=-0.036836378770376155)
2026-08-13 11:27:01 | INFO | M07 | Pixel Pandas(_0=11, _1=9, Correlation=-0.2540797652666431)
2026-08-13 11:27:01 | INFO | M07 | Pixel Pandas(_0=11, _1=10, Correlation=-0.11900246029657316)
2026-08-13 11:27:01 | INFO | M07 | Pixel Pandas(_0=11, _1=11, Correlation=1.0)
2026-08-13 11:27:01 | INFO | M07 | Pixel Pandas(_0=11, _1=12, Correlation=0.11802232759402319)
2026-08-13 11:27:01 | INFO | M07 | Pixel Pandas(_0=11, _1=13, Correlation=-0.27984277973935456)
2026-08-13 11:27:01 | INFO | M07 | Pixel Pandas(_0=11, _1=14, Correlation=-0.03898138328493086)
2026-08-13 11:27:01 | INFO | M07 | Pixel Pandas(_0=11, _1=15, Correlation=0.07946680765609179)
2026-08-13 11:27:01 | INFO | M07 | Pixel Pandas(_0=11, _1=16, Correlation=0.00920897141579167)
2026-08-13 11:27:01 | INFO | M07 | Pixel Pandas(_0=11, _1=17, Correlation=-0.09412679699576376)
2026-08-13 11:27:01 | INFO | M07 | Pixel Pandas(_0=11, _1=18, Correlation=0.2891160376593422)
2026-08-13 11:27:01 | INFO | M07 | Pixel Pandas(_0=11, _1=19, Correlation=0.4013707366347878)
2026-08-13 11:27:01 | INFO | M07 | Pixel Pandas(_0=11, _1=20, Correlation=-0.19108983419273545)
2026-08-13 11:27:01 | INFO | M07 | Pixel Pandas(_0=11, _1=21, Correlation=-0.23966075810682172)
2026-08-13 11:27:01 | INFO | M07 | Pixel Pandas(_0=11, _1=22, Correlation=0.006448796595442719)
2026-08-13 11:27:01 | INFO | M07 | Pixel Pandas(_0=11, _1=23, Correlation=0.06155159139184848)
2026-08-13 11:27:01 | INFO | M07 | Pixel Pandas(_0=11, _1=24, Correlation=0.03375037293016682)
2026-08-13 11:27:01 | INFO | M07 | Pixel Pandas(_0=11, _1=25, Correlation=0.12818783788102128)
2026-08-13 11:27:01 | INFO | M07 | Pixel Pandas(_0=11, _1=26, Correlation=0.19840859571619487)
2026-08-13 11:27:01 | INFO | M07 | Pixel Pandas(_0=11, _1=27, Correlation=-0.08703260530345762)
2026-08-13 11:27:01 | INFO | M07 | Pixel Pandas(_0=11, _1=28, Correlation=-0.23954622635078565)
2026-08-13 11:27:01 | INFO | M07 | Pixel Pandas(_0=11, _1=29, Correlation=-0.16711159939499265)
2026-08-13 11:27:01 | INFO | M07 | Pixel Pandas(_0=11, _1=30, Correlation=0.01521775873257434)
2026-08-13 11:27:01 | INFO | M07 | Pixel Pandas(_0=11, _1=31, Correlation=0.029939742999616974)
2026-08-13 11:27:01 | INFO | M07 | Pixel Pandas(_0=11, _1=32, Correlation=nan)
2026-08-13 11:27:01 | INFO | M07 | Pixel Pandas(_0=11, _1=33, Correlation=0.20181139252805355)
2026-08-13 11:27:01 | INFO | M07 | Pixel Pandas(_0=11, _1=34, Correlation=0.29298938111864437)
2026-08-13 11:27:01 | INFO | M07 | Pixel Pandas(_0=11, _1=35, Correlation=0.18840528475880733)
2026-08-13 11:27:01 | INFO | M07 | Pixel Pandas(_0=11, _1=36, Correlation=0.0900552275772891)
2026-08-13 11:27:01 | INFO | M07 | Pixel Pandas(_0=11, _1=37, Correlation=-0.08601926004370643)
2026-08-13 11:27:01 | INFO | M07 | Pixel Pandas(_0=11, _1=38, Correlation=-0.012875617669889032)
2026-08-13 11:27:01 | INFO | M07 | Pixel Pandas(_0=11, _1=39, Correlation=nan)
2026-08-13 11:27:01 | INFO | M07 | Pixel Pandas(_0=11, _1=40, Correlation=0.01767278292029952)
2026-08-13 11:27:01 | INFO | M07 | Pixel Pandas(_0=11, _1=41, Correlation=0.12800271665668667)
2026-08-13 11:27:01 | INFO | M07 | Pixel Pandas(_0=11, _1=42, Correlation=0.3122711556015163)
2026-08-13 11:27:01 | INFO | M07 | Pixel Pandas(_0=11, _1=43, Correlation=0.2942176714507386)
2026-08-13 11:27:01 | INFO | M07 | Pixel Pandas(_0=11, _1=44, Correlation=0.20831248788524706)
2026-08-13 11:27:01 | INFO | M07 | Pixel Pandas(_0=11, _1=45, Correlation=-0.06565372399192367)
2026-08-13 11:27:01 | INFO | M07 | Pixel Pandas(_0=11, _1=46, Correlation=-0.047419839123689425)
2026-08-13 11:27:01 | INFO | M07 | Pixel Pandas(_0=11, _1=47, Correlation=0.08016262441710409)
2026-08-13 11:27:01 | INFO | M07 | Pixel Pandas(_0=11, _1=48, Correlation=0.01663419819506661)
2026-08-13 11:27:01 | INFO | M07 | Pixel Pandas(_0=11, _1=49, Correlation=-0.05346615047476758)
2026-08-13 11:27:01 | INFO | M07 | Pixel Pandas(_0=11, _1=50, Correlation=0.04942060709502752)
2026-08-13 11:27:01 | INFO | M07 | Pixel Pandas(_0=11, _1=51, Correlation=0.43463143685440053)
2026-08-13 11:27:01 | INFO | M07 | Pixel Pandas(_0=11, _1=52, Correlation=0.293916510069144)
2026-08-13 11:27:01 | INFO | M07 | Pixel Pandas(_0=11, _1=53, Correlation=-0.11173228758928794)
2026-08-13 11:27:01 | INFO | M07 | Pixel Pandas(_0=11, _1=54, Correlation=0.01678386530173416)
2026-08-13 11:27:01 | INFO | M07 | Pixel Pandas(_0=11, _1=55, Correlation=0.12921059125555565)
2026-08-13 11:27:01 | INFO | M07 | Pixel Pandas(_0=11, _1=56, Correlation=0.017924399957740866)
2026-08-13 11:27:01 | INFO | M07 | Pixel Pandas(_0=11, _1=57, Correlation=-0.05718375981406368)
2026-08-13 11:27:01 | INFO | M07 | Pixel Pandas(_0=11, _1=58, Correlation=-0.28892004429848883)
2026-08-13 11:27:01 | INFO | M07 | Pixel Pandas(_0=11, _1=59, Correlation=0.04826332704445775)
2026-08-13 11:27:01 | INFO | M07 | Pixel Pandas(_0=11, _1=60, Correlation=0.04666956595421289)
2026-08-13 11:27:01 | INFO | M07 | Pixel Pandas(_0=11, _1=61, Correlation=-0.09571840824562182)
2026-08-13 11:27:01 | INFO | M07 | Pixel Pandas(_0=11, _1=62, Correlation=0.02811326181610606)
2026-08-13 11:27:01 | INFO | M07 | Pixel Pandas(_0=11, _1=63, Correlation=0.054671995976924855)
2026-08-13 11:27:01 | INFO | M07 | Pixel Pandas(_0=12, _1=0, Correlation=nan)
2026-08-13 11:27:01 | INFO | M07 | Pixel Pandas(_0=12, _1=1, Correlation=0.02790790846275364)
2026-08-13 11:27:01 | INFO | M07 | Pixel Pandas(_0=12, _1=2, Correlation=0.028798369721905182)
2026-08-13 11:27:01 | INFO | M07 | Pixel Pandas(_0=12, _1=3, Correlation=-0.06862596153076153)
2026-08-13 11:27:01 | INFO | M07 | Pixel Pandas(_0=12, _1=4, Correlation=0.16026847974492658)
2026-08-13 11:27:01 | INFO | M07 | Pixel Pandas(_0=12, _1=5, Correlation=-0.05219533802654754)
2026-08-13 11:27:01 | INFO | M07 | Pixel Pandas(_0=12, _1=6, Correlation=-0.07420557513628445)
2026-08-13 11:27:01 | INFO | M07 | Pixel Pandas(_0=12, _1=7, Correlation=-0.028065891766713823)
2026-08-13 11:27:01 | INFO | M07 | Pixel Pandas(_0=12, _1=8, Correlation=0.013846508759261642)
2026-08-13 11:27:01 | INFO | M07 | Pixel Pandas(_0=12, _1=9, Correlation=0.058245447662417314)
2026-08-13 11:27:01 | INFO | M07 | Pixel Pandas(_0=12, _1=10, Correlation=-0.08101838490853437)
2026-08-13 11:27:01 | INFO | M07 | Pixel Pandas(_0=12, _1=11, Correlation=0.11802232759402319)
2026-08-13 11:27:01 | INFO | M07 | Pixel Pandas(_0=12, _1=12, Correlation=1.0)
2026-08-13 11:27:01 | INFO | M07 | Pixel Pandas(_0=12, _1=13, Correlation=0.20365642402970932)
2026-08-13 11:27:01 | INFO | M07 | Pixel Pandas(_0=12, _1=14, Correlation=-0.09335694765983409)
2026-08-13 11:27:01 | INFO | M07 | Pixel Pandas(_0=12, _1=15, Correlation=-0.017041993400237068)
2026-08-13 11:27:01 | INFO | M07 | Pixel Pandas(_0=12, _1=16, Correlation=0.027258834852456264)
2026-08-13 11:27:01 | INFO | M07 | Pixel Pandas(_0=12, _1=17, Correlation=-0.020117043551148153)
2026-08-13 11:27:01 | INFO | M07 | Pixel Pandas(_0=12, _1=18, Correlation=-0.23571876096185834)
2026-08-13 11:27:01 | INFO | M07 | Pixel Pandas(_0=12, _1=19, Correlation=0.19141332418524912)
2026-08-13 11:27:01 | INFO | M07 | Pixel Pandas(_0=12, _1=20, Correlation=0.5533675889456995)
2026-08-13 11:27:01 | INFO | M07 | Pixel Pandas(_0=12, _1=21, Correlation=0.15701162309115813)
2026-08-13 11:27:01 | INFO | M07 | Pixel Pandas(_0=12, _1=22, Correlation=-0.1029540386801497)
2026-08-13 11:27:01 | INFO | M07 | Pixel Pandas(_0=12, _1=23, Correlation=-0.039321861897476905)
2026-08-13 11:27:01 | INFO | M07 | Pixel Pandas(_0=12, _1=24, Correlation=0.018993466194080984)
2026-08-13 11:27:01 | INFO | M07 | Pixel Pandas(_0=12, _1=25, Correlation=-0.16138135295289313)
2026-08-13 11:27:01 | INFO | M07 | Pixel Pandas(_0=12, _1=26, Correlation=-0.22281112871344408)
2026-08-13 11:27:01 | INFO | M07 | Pixel Pandas(_0=12, _1=27, Correlation=0.12142002630111075)
2026-08-13 11:27:01 | INFO | M07 | Pixel Pandas(_0=12, _1=28, Correlation=0.2037028589089466)
2026-08-13 11:27:01 | INFO | M07 | Pixel Pandas(_0=12, _1=29, Correlation=0.05620470657934298)
2026-08-13 11:27:01 | INFO | M07 | Pixel Pandas(_0=12, _1=30, Correlation=-0.03238573351939714)
2026-08-13 11:27:01 | INFO | M07 | Pixel Pandas(_0=12, _1=31, Correlation=-0.015107670595878902)
2026-08-13 11:27:01 | INFO | M07 | Pixel Pandas(_0=12, _1=32, Correlation=nan)
2026-08-13 11:27:01 | INFO | M07 | Pixel Pandas(_0=12, _1=33, Correlation=-0.15615835539718256)
2026-08-13 11:27:01 | INFO | M07 | Pixel Pandas(_0=12, _1=34, Correlation=-0.1445676569142926)
2026-08-13 11:27:01 | INFO | M07 | Pixel Pandas(_0=12, _1=35, Correlation=0.005923888541297612)
2026-08-13 11:27:01 | INFO | M07 | Pixel Pandas(_0=12, _1=36, Correlation=0.008566150884450053)
2026-08-13 11:27:01 | INFO | M07 | Pixel Pandas(_0=12, _1=37, Correlation=-0.07645689233384649)
2026-08-13 11:27:01 | INFO | M07 | Pixel Pandas(_0=12, _1=38, Correlation=-0.021440936668494063)
2026-08-13 11:27:01 | INFO | M07 | Pixel Pandas(_0=12, _1=39, Correlation=nan)
2026-08-13 11:27:01 | INFO | M07 | Pixel Pandas(_0=12, _1=40, Correlation=0.0004252497673016223)
2026-08-13 11:27:01 | INFO | M07 | Pixel Pandas(_0=12, _1=41, Correlation=-0.06434427577561745)
2026-08-13 11:27:01 | INFO | M07 | Pixel Pandas(_0=12, _1=42, Correlation=-0.058556876398905715)
2026-08-13 11:27:01 | INFO | M07 | Pixel Pandas(_0=12, _1=43, Correlation=0.08914716139696997)
2026-08-13 11:27:01 | INFO | M07 | Pixel Pandas(_0=12, _1=44, Correlation=0.054931907497849604)
2026-08-13 11:27:01 | INFO | M07 | Pixel Pandas(_0=12, _1=45, Correlation=-0.014425282069653829)
2026-08-13 11:27:01 | INFO | M07 | Pixel Pandas(_0=12, _1=46, Correlation=-0.10335781637966752)
2026-08-13 11:27:01 | INFO | M07 | Pixel Pandas(_0=12, _1=47, Correlation=-0.043441031989479656)
2026-08-13 11:27:01 | INFO | M07 | Pixel Pandas(_0=12, _1=48, Correlation=0.017311674611253228)
2026-08-13 11:27:01 | INFO | M07 | Pixel Pandas(_0=12, _1=49, Correlation=0.027357786256027035)
2026-08-13 11:27:01 | INFO | M07 | Pixel Pandas(_0=12, _1=50, Correlation=-0.006197691177825074)
2026-08-13 11:27:01 | INFO | M07 | Pixel Pandas(_0=12, _1=51, Correlation=0.1090542625679509)
2026-08-13 11:27:01 | INFO | M07 | Pixel Pandas(_0=12, _1=52, Correlation=0.2206277197841831)
2026-08-13 11:27:01 | INFO | M07 | Pixel Pandas(_0=12, _1=53, Correlation=0.0838948946738507)
2026-08-13 11:27:01 | INFO | M07 | Pixel Pandas(_0=12, _1=54, Correlation=-0.12343749858454471)
2026-08-13 11:27:01 | INFO | M07 | Pixel Pandas(_0=12, _1=55, Correlation=-0.04655325689852088)
2026-08-13 11:27:01 | INFO | M07 | Pixel Pandas(_0=12, _1=56, Correlation=0.02823198196851619)
2026-08-13 11:27:01 | INFO | M07 | Pixel Pandas(_0=12, _1=57, Correlation=0.013926347977829037)
2026-08-13 11:27:01 | INFO | M07 | Pixel Pandas(_0=12, _1=58, Correlation=0.0300932056629084)
2026-08-13 11:27:01 | INFO | M07 | Pixel Pandas(_0=12, _1=59, Correlation=-0.16048782774222262)
2026-08-13 11:27:01 | INFO | M07 | Pixel Pandas(_0=12, _1=60, Correlation=0.01594622590890948)
2026-08-13 11:27:01 | INFO | M07 | Pixel Pandas(_0=12, _1=61, Correlation=-0.0028520271763060037)
2026-08-13 11:27:01 | INFO | M07 | Pixel Pandas(_0=12, _1=62, Correlation=-0.046563506443310455)
2026-08-13 11:27:01 | INFO | M07 | Pixel Pandas(_0=12, _1=63, Correlation=-0.039365504290386044)
2026-08-13 11:27:01 | INFO | M07 | Pixel Pandas(_0=13, _1=0, Correlation=nan)
2026-08-13 11:27:01 | INFO | M07 | Pixel Pandas(_0=13, _1=1, Correlation=-0.06398308200525935)
2026-08-13 11:27:01 | INFO | M07 | Pixel Pandas(_0=13, _1=2, Correlation=0.06324764258439045)
2026-08-13 11:27:01 | INFO | M07 | Pixel Pandas(_0=13, _1=3, Correlation=0.023162662356878503)
2026-08-13 11:27:01 | INFO | M07 | Pixel Pandas(_0=13, _1=4, Correlation=0.3900346783451764)
2026-08-13 11:27:01 | INFO | M07 | Pixel Pandas(_0=13, _1=5, Correlation=0.539509392666)
2026-08-13 11:27:01 | INFO | M07 | Pixel Pandas(_0=13, _1=6, Correlation=0.1930173988241581)
2026-08-13 11:27:01 | INFO | M07 | Pixel Pandas(_0=13, _1=7, Correlation=0.0344958489812442)
2026-08-13 11:27:01 | INFO | M07 | Pixel Pandas(_0=13, _1=8, Correlation=0.028547983999700845)
2026-08-13 11:27:01 | INFO | M07 | Pixel Pandas(_0=13, _1=9, Correlation=0.024778061286191838)
2026-08-13 11:27:01 | INFO | M07 | Pixel Pandas(_0=13, _1=10, Correlation=0.20109840783197855)
2026-08-13 11:27:01 | INFO | M07 | Pixel Pandas(_0=13, _1=11, Correlation=-0.27984277973935456)
2026-08-13 11:27:01 | INFO | M07 | Pixel Pandas(_0=13, _1=12, Correlation=0.20365642402970932)
2026-08-13 11:27:01 | INFO | M07 | Pixel Pandas(_0=13, _1=13, Correlation=1.0)
2026-08-13 11:27:01 | INFO | M07 | Pixel Pandas(_0=13, _1=14, Correlation=0.3503071549837249)
2026-08-13 11:27:01 | INFO | M07 | Pixel Pandas(_0=13, _1=15, Correlation=-0.019345295382802934)
2026-08-13 11:27:01 | INFO | M07 | Pixel Pandas(_0=13, _1=16, Correlation=-0.01899557078733797)
2026-08-13 11:27:01 | INFO | M07 | Pixel Pandas(_0=13, _1=17, Correlation=0.039068175252007245)
2026-08-13 11:27:01 | INFO | M07 | Pixel Pandas(_0=13, _1=18, Correlation=-0.10764412095369284)
2026-08-13 11:27:01 | INFO | M07 | Pixel Pandas(_0=13, _1=19, Correlation=-0.30896129314000825)
2026-08-13 11:27:01 | INFO | M07 | Pixel Pandas(_0=13, _1=20, Correlation=0.14503242021478396)
2026-08-13 11:27:01 | INFO | M07 | Pixel Pandas(_0=13, _1=21, Correlation=0.7325051661188714)
2026-08-13 11:27:01 | INFO | M07 | Pixel Pandas(_0=13, _1=22, Correlation=0.16831512485262723)
2026-08-13 11:27:01 | INFO | M07 | Pixel Pandas(_0=13, _1=23, Correlation=-0.09392244596381438)
2026-08-13 11:27:01 | INFO | M07 | Pixel Pandas(_0=13, _1=24, Correlation=-0.03958303654672861)
2026-08-13 11:27:01 | INFO | M07 | Pixel Pandas(_0=13, _1=25, Correlation=-0.12440438617666995)
2026-08-13 11:27:01 | INFO | M07 | Pixel Pandas(_0=13, _1=26, Correlation=-0.23944131003054198)
2026-08-13 11:27:01 | INFO | M07 | Pixel Pandas(_0=13, _1=27, Correlation=-0.04172606856394702)
2026-08-13 11:27:01 | INFO | M07 | Pixel Pandas(_0=13, _1=28, Correlation=0.2138159591875337)
2026-08-13 11:27:01 | INFO | M07 | Pixel Pandas(_0=13, _1=29, Correlation=0.33968224928353047)
2026-08-13 11:27:01 | INFO | M07 | Pixel Pandas(_0=13, _1=30, Correlation=0.08869647887291454)
2026-08-13 11:27:01 | INFO | M07 | Pixel Pandas(_0=13, _1=31, Correlation=-0.05015605949052865)
2026-08-13 11:27:01 | INFO | M07 | Pixel Pandas(_0=13, _1=32, Correlation=nan)
2026-08-13 11:27:01 | INFO | M07 | Pixel Pandas(_0=13, _1=33, Correlation=-0.25770135056187243)
2026-08-13 11:27:01 | INFO | M07 | Pixel Pandas(_0=13, _1=34, Correlation=-0.2849747709237419)
2026-08-13 11:27:01 | INFO | M07 | Pixel Pandas(_0=13, _1=35, Correlation=-0.1806558257076202)
2026-08-13 11:27:01 | INFO | M07 | Pixel Pandas(_0=13, _1=36, Correlation=-0.07090000571891726)
2026-08-13 11:27:01 | INFO | M07 | Pixel Pandas(_0=13, _1=37, Correlation=0.034391623888321676)
2026-08-13 11:27:01 | INFO | M07 | Pixel Pandas(_0=13, _1=38, Correlation=0.03907669066350688)
2026-08-13 11:27:01 | INFO | M07 | Pixel Pandas(_0=13, _1=39, Correlation=nan)
2026-08-13 11:27:01 | INFO | M07 | Pixel Pandas(_0=13, _1=40, Correlation=-0.07844605460459537)
2026-08-13 11:27:01 | INFO | M07 | Pixel Pandas(_0=13, _1=41, Correlation=-0.16974707286484492)
2026-08-13 11:27:01 | INFO | M07 | Pixel Pandas(_0=13, _1=42, Correlation=-0.21618815938166586)
2026-08-13 11:27:01 | INFO | M07 | Pixel Pandas(_0=13, _1=43, Correlation=-0.2807869772014925)
2026-08-13 11:27:01 | INFO | M07 | Pixel Pandas(_0=13, _1=44, Correlation=-0.07483591599715424)
2026-08-13 11:27:01 | INFO | M07 | Pixel Pandas(_0=13, _1=45, Correlation=0.07145506940953382)
2026-08-13 11:27:01 | INFO | M07 | Pixel Pandas(_0=13, _1=46, Correlation=-0.12181221052076316)
2026-08-13 11:27:01 | INFO | M07 | Pixel Pandas(_0=13, _1=47, Correlation=-0.1025398564238713)
2026-08-13 11:27:01 | INFO | M07 | Pixel Pandas(_0=13, _1=48, Correlation=-0.02084830783824549)
2026-08-13 11:27:01 | INFO | M07 | Pixel Pandas(_0=13, _1=49, Correlation=-0.030745178737174653)
2026-08-13 11:27:01 | INFO | M07 | Pixel Pandas(_0=13, _1=50, Correlation=-0.02381276295634942)
2026-08-13 11:27:01 | INFO | M07 | Pixel Pandas(_0=13, _1=51, Correlation=-0.1496829430615868)
2026-08-13 11:27:01 | INFO | M07 | Pixel Pandas(_0=13, _1=52, Correlation=-0.07690141307702329)
2026-08-13 11:27:01 | INFO | M07 | Pixel Pandas(_0=13, _1=53, Correlation=0.028495500138257763)
2026-08-13 11:27:01 | INFO | M07 | Pixel Pandas(_0=13, _1=54, Correlation=-0.25847563381517036)
2026-08-13 11:27:01 | INFO | M07 | Pixel Pandas(_0=13, _1=55, Correlation=-0.18971479403249347)
2026-08-13 11:27:01 | INFO | M07 | Pixel Pandas(_0=13, _1=56, Correlation=0.030509644271413835)
2026-08-13 11:27:01 | INFO | M07 | Pixel Pandas(_0=13, _1=57, Correlation=-0.07672377921426127)
2026-08-13 11:27:01 | INFO | M07 | Pixel Pandas(_0=13, _1=58, Correlation=0.08987387543437574)
2026-08-13 11:27:01 | INFO | M07 | Pixel Pandas(_0=13, _1=59, Correlation=0.07052184348545308)
2026-08-13 11:27:01 | INFO | M07 | Pixel Pandas(_0=13, _1=60, Correlation=-0.19951863748639795)
2026-08-13 11:27:01 | INFO | M07 | Pixel Pandas(_0=13, _1=61, Correlation=-0.13156538906931628)
2026-08-13 11:27:01 | INFO | M07 | Pixel Pandas(_0=13, _1=62, Correlation=-0.22463949374398606)
2026-08-13 11:27:01 | INFO | M07 | Pixel Pandas(_0=13, _1=63, Correlation=-0.14881022994408505)
2026-08-13 11:27:01 | INFO | M07 | Pixel Pandas(_0=14, _1=0, Correlation=nan)
2026-08-13 11:27:01 | INFO | M07 | Pixel Pandas(_0=14, _1=1, Correlation=-0.02997306694714501)
2026-08-13 11:27:01 | INFO | M07 | Pixel Pandas(_0=14, _1=2, Correlation=-0.089220922685301)
2026-08-13 11:27:01 | INFO | M07 | Pixel Pandas(_0=14, _1=3, Correlation=-0.1788037314985237)
2026-08-13 11:27:01 | INFO | M07 | Pixel Pandas(_0=14, _1=4, Correlation=0.13362457775363903)
2026-08-13 11:27:01 | INFO | M07 | Pixel Pandas(_0=14, _1=5, Correlation=0.5345503151730566)
2026-08-13 11:27:01 | INFO | M07 | Pixel Pandas(_0=14, _1=6, Correlation=0.7302962389243651)
2026-08-13 11:27:01 | INFO | M07 | Pixel Pandas(_0=14, _1=7, Correlation=0.41512458047130535)
2026-08-13 11:27:01 | INFO | M07 | Pixel Pandas(_0=14, _1=8, Correlation=-0.028776676152133373)
2026-08-13 11:27:01 | INFO | M07 | Pixel Pandas(_0=14, _1=9, Correlation=-0.11773156769045576)
2026-08-13 11:27:01 | INFO | M07 | Pixel Pandas(_0=14, _1=10, Correlation=-0.0528492618664635)
2026-08-13 11:27:01 | INFO | M07 | Pixel Pandas(_0=14, _1=11, Correlation=-0.03898138328493086)
2026-08-13 11:27:01 | INFO | M07 | Pixel Pandas(_0=14, _1=12, Correlation=-0.09335694765983409)
2026-08-13 11:27:01 | INFO | M07 | Pixel Pandas(_0=14, _1=13, Correlation=0.3503071549837249)
2026-08-13 11:27:01 | INFO | M07 | Pixel Pandas(_0=14, _1=14, Correlation=1.0)
2026-08-13 11:27:01 | INFO | M07 | Pixel Pandas(_0=14, _1=15, Correlation=0.42845600455722244)
2026-08-13 11:27:01 | INFO | M07 | Pixel Pandas(_0=14, _1=16, Correlation=-0.02049221193826676)
2026-08-13 11:27:01 | INFO | M07 | Pixel Pandas(_0=14, _1=17, Correlation=-0.10275504739192005)
2026-08-13 11:27:01 | INFO | M07 | Pixel Pandas(_0=14, _1=18, Correlation=-0.04768114766433563)
2026-08-13 11:27:01 | INFO | M07 | Pixel Pandas(_0=14, _1=19, Correlation=-0.10902962547407394)
2026-08-13 11:27:01 | INFO | M07 | Pixel Pandas(_0=14, _1=20, Correlation=-0.16672424533784896)
2026-08-13 11:27:01 | INFO | M07 | Pixel Pandas(_0=14, _1=21, Correlation=0.27190194759003505)
2026-08-13 11:27:01 | INFO | M07 | Pixel Pandas(_0=14, _1=22, Correlation=0.5894022696490411)
2026-08-13 11:27:01 | INFO | M07 | Pixel Pandas(_0=14, _1=23, Correlation=0.22400652027127782)
2026-08-13 11:27:01 | INFO | M07 | Pixel Pandas(_0=14, _1=24, Correlation=-0.0171902739116393)
2026-08-13 11:27:01 | INFO | M07 | Pixel Pandas(_0=14, _1=25, Correlation=-0.0770897011973644)
2026-08-13 11:27:01 | INFO | M07 | Pixel Pandas(_0=14, _1=26, Correlation=-0.049364531657930366)
2026-08-13 11:27:01 | INFO | M07 | Pixel Pandas(_0=14, _1=27, Correlation=-0.015077044959997237)
2026-08-13 11:27:01 | INFO | M07 | Pixel Pandas(_0=14, _1=28, Correlation=0.059074594606036875)
2026-08-13 11:27:01 | INFO | M07 | Pixel Pandas(_0=14, _1=29, Correlation=0.25946130306534493)
2026-08-13 11:27:01 | INFO | M07 | Pixel Pandas(_0=14, _1=30, Correlation=0.16524609509086052)
2026-08-13 11:27:01 | INFO | M07 | Pixel Pandas(_0=14, _1=31, Correlation=0.07777279552341897)
2026-08-13 11:27:01 | INFO | M07 | Pixel Pandas(_0=14, _1=32, Correlation=nan)
2026-08-13 11:27:01 | INFO | M07 | Pixel Pandas(_0=14, _1=33, Correlation=-0.11403349035413983)
2026-08-13 11:27:01 | INFO | M07 | Pixel Pandas(_0=14, _1=34, Correlation=-0.08063443041191788)
2026-08-13 11:27:01 | INFO | M07 | Pixel Pandas(_0=14, _1=35, Correlation=-0.0016145417322562749)
2026-08-13 11:27:01 | INFO | M07 | Pixel Pandas(_0=14, _1=36, Correlation=0.10516683686646325)
2026-08-13 11:27:01 | INFO | M07 | Pixel Pandas(_0=14, _1=37, Correlation=0.1049201493653765)
2026-08-13 11:27:01 | INFO | M07 | Pixel Pandas(_0=14, _1=38, Correlation=-0.05113446753953669)
2026-08-13 11:27:01 | INFO | M07 | Pixel Pandas(_0=14, _1=39, Correlation=nan)
2026-08-13 11:27:01 | INFO | M07 | Pixel Pandas(_0=14, _1=40, Correlation=-0.03159146548034098)
2026-08-13 11:27:01 | INFO | M07 | Pixel Pandas(_0=14, _1=41, Correlation=-0.08991393634087753)
2026-08-13 11:27:01 | INFO | M07 | Pixel Pandas(_0=14, _1=42, Correlation=-0.1950958139414826)
2026-08-13 11:27:01 | INFO | M07 | Pixel Pandas(_0=14, _1=43, Correlation=-0.09426635796029474)
2026-08-13 11:27:01 | INFO | M07 | Pixel Pandas(_0=14, _1=44, Correlation=0.17772673161872438)
2026-08-13 11:27:01 | INFO | M07 | Pixel Pandas(_0=14, _1=45, Correlation=0.002760672277649957)
2026-08-13 11:27:01 | INFO | M07 | Pixel Pandas(_0=14, _1=46, Correlation=-0.24301355205309225)
2026-08-13 11:27:01 | INFO | M07 | Pixel Pandas(_0=14, _1=47, Correlation=-0.04570117479780344)
2026-08-13 11:27:01 | INFO | M07 | Pixel Pandas(_0=14, _1=48, Correlation=-0.01368650524836499)
2026-08-13 11:27:01 | INFO | M07 | Pixel Pandas(_0=14, _1=49, Correlation=-0.042994110253581255)
2026-08-13 11:27:01 | INFO | M07 | Pixel Pandas(_0=14, _1=50, Correlation=-0.23968501956281954)
2026-08-13 11:27:01 | INFO | M07 | Pixel Pandas(_0=14, _1=51, Correlation=-0.09731124962246647)
2026-08-13 11:27:01 | INFO | M07 | Pixel Pandas(_0=14, _1=52, Correlation=0.0670231382362708)
2026-08-13 11:27:01 | INFO | M07 | Pixel Pandas(_0=14, _1=53, Correlation=-0.20590229327054596)
2026-08-13 11:27:01 | INFO | M07 | Pixel Pandas(_0=14, _1=54, Correlation=-0.298202900913887)
2026-08-13 11:27:01 | INFO | M07 | Pixel Pandas(_0=14, _1=55, Correlation=-0.10567182605961824)
2026-08-13 11:27:01 | INFO | M07 | Pixel Pandas(_0=14, _1=56, Correlation=0.0010108333446306348)
2026-08-13 11:27:01 | INFO | M07 | Pixel Pandas(_0=14, _1=57, Correlation=-0.008790183207969869)
2026-08-13 11:27:01 | INFO | M07 | Pixel Pandas(_0=14, _1=58, Correlation=-0.06255503521863047)
2026-08-13 11:27:01 | INFO | M07 | Pixel Pandas(_0=14, _1=59, Correlation=-0.06687685715110192)
2026-08-13 11:27:01 | INFO | M07 | Pixel Pandas(_0=14, _1=60, Correlation=-0.2981990620266759)
2026-08-13 11:27:01 | INFO | M07 | Pixel Pandas(_0=14, _1=61, Correlation=-0.2798003817668677)
2026-08-13 11:27:01 | INFO | M07 | Pixel Pandas(_0=14, _1=62, Correlation=-0.2071654946990134)
2026-08-13 11:27:01 | INFO | M07 | Pixel Pandas(_0=14, _1=63, Correlation=-0.09685242451659667)
2026-08-13 11:27:01 | INFO | M07 | Pixel Pandas(_0=15, _1=0, Correlation=nan)
2026-08-13 11:27:01 | INFO | M07 | Pixel Pandas(_0=15, _1=1, Correlation=-0.04369733299976157)
2026-08-13 11:27:01 | INFO | M07 | Pixel Pandas(_0=15, _1=2, Correlation=-0.10052565816614106)
2026-08-13 11:27:01 | INFO | M07 | Pixel Pandas(_0=15, _1=3, Correlation=-0.11383041191785649)
2026-08-13 11:27:01 | INFO | M07 | Pixel Pandas(_0=15, _1=4, Correlation=0.014505325796321605)
2026-08-13 11:27:01 | INFO | M07 | Pixel Pandas(_0=15, _1=5, Correlation=0.10911029767532714)
2026-08-13 11:27:01 | INFO | M07 | Pixel Pandas(_0=15, _1=6, Correlation=0.3651449513705434)
2026-08-13 11:27:01 | INFO | M07 | Pixel Pandas(_0=15, _1=7, Correlation=0.7110733861228931)
2026-08-13 11:27:01 | INFO | M07 | Pixel Pandas(_0=15, _1=8, Correlation=-0.007705685494440929)
2026-08-13 11:27:01 | INFO | M07 | Pixel Pandas(_0=15, _1=9, Correlation=-0.07360623549632797)
2026-08-13 11:27:01 | INFO | M07 | Pixel Pandas(_0=15, _1=10, Correlation=-0.10161654039167278)
2026-08-13 11:27:01 | INFO | M07 | Pixel Pandas(_0=15, _1=11, Correlation=0.07946680765609179)
2026-08-13 11:27:01 | INFO | M07 | Pixel Pandas(_0=15, _1=12, Correlation=-0.017041993400237068)
2026-08-13 11:27:01 | INFO | M07 | Pixel Pandas(_0=15, _1=13, Correlation=-0.019345295382802934)
2026-08-13 11:27:01 | INFO | M07 | Pixel Pandas(_0=15, _1=14, Correlation=0.42845600455722244)
2026-08-13 11:27:01 | INFO | M07 | Pixel Pandas(_0=15, _1=15, Correlation=1.0)
2026-08-13 11:27:01 | INFO | M07 | Pixel Pandas(_0=15, _1=16, Correlation=-0.005820599167369142)
2026-08-13 11:27:01 | INFO | M07 | Pixel Pandas(_0=15, _1=17, Correlation=-0.07666849503728232)
2026-08-13 11:27:01 | INFO | M07 | Pixel Pandas(_0=15, _1=18, Correlation=-0.009834235030474047)
2026-08-13 11:27:01 | INFO | M07 | Pixel Pandas(_0=15, _1=19, Correlation=0.01893833795236699)
2026-08-13 11:27:01 | INFO | M07 | Pixel Pandas(_0=15, _1=20, Correlation=-0.10878911079976349)
2026-08-13 11:27:01 | INFO | M07 | Pixel Pandas(_0=15, _1=21, Correlation=-0.017626740503647067)
2026-08-13 11:27:01 | INFO | M07 | Pixel Pandas(_0=15, _1=22, Correlation=0.4365442036848901)
2026-08-13 11:27:01 | INFO | M07 | Pixel Pandas(_0=15, _1=23, Correlation=0.6582430180039346)
2026-08-13 11:27:01 | INFO | M07 | Pixel Pandas(_0=15, _1=24, Correlation=-0.004353830546380558)
2026-08-13 11:27:01 | INFO | M07 | Pixel Pandas(_0=15, _1=25, Correlation=-0.01562751454934392)
2026-08-13 11:27:01 | INFO | M07 | Pixel Pandas(_0=15, _1=26, Correlation=0.022840368580358445)
2026-08-13 11:27:01 | INFO | M07 | Pixel Pandas(_0=15, _1=27, Correlation=-0.03353461122761405)
2026-08-13 11:27:01 | INFO | M07 | Pixel Pandas(_0=15, _1=28, Correlation=-0.04097804775330991)
2026-08-13 11:27:01 | INFO | M07 | Pixel Pandas(_0=15, _1=29, Correlation=0.1390286869422558)
2026-08-13 11:27:01 | INFO | M07 | Pixel Pandas(_0=15, _1=30, Correlation=0.19782026987798693)
2026-08-13 11:27:01 | INFO | M07 | Pixel Pandas(_0=15, _1=31, Correlation=0.25063485232108706)
2026-08-13 11:27:01 | INFO | M07 | Pixel Pandas(_0=15, _1=32, Correlation=nan)
2026-08-13 11:27:01 | INFO | M07 | Pixel Pandas(_0=15, _1=33, Correlation=0.001574040321465414)
2026-08-13 11:27:01 | INFO | M07 | Pixel Pandas(_0=15, _1=34, Correlation=0.008672397465368098)
2026-08-13 11:27:01 | INFO | M07 | Pixel Pandas(_0=15, _1=35, Correlation=-0.011042799667990379)
2026-08-13 11:27:01 | INFO | M07 | Pixel Pandas(_0=15, _1=36, Correlation=0.02827778905716568)
2026-08-13 11:27:01 | INFO | M07 | Pixel Pandas(_0=15, _1=37, Correlation=0.10168778725295906)
2026-08-13 11:27:01 | INFO | M07 | Pixel Pandas(_0=15, _1=38, Correlation=0.012281493542169302)
2026-08-13 11:27:01 | INFO | M07 | Pixel Pandas(_0=15, _1=39, Correlation=nan)
2026-08-13 11:27:01 | INFO | M07 | Pixel Pandas(_0=15, _1=40, Correlation=-0.008001262116021717)
2026-08-13 11:27:01 | INFO | M07 | Pixel Pandas(_0=15, _1=41, Correlation=-0.04200662460782388)
2026-08-13 11:27:01 | INFO | M07 | Pixel Pandas(_0=15, _1=42, Correlation=-0.08527527765974967)
2026-08-13 11:27:01 | INFO | M07 | Pixel Pandas(_0=15, _1=43, Correlation=-0.052439679658592406)
2026-08-13 11:27:01 | INFO | M07 | Pixel Pandas(_0=15, _1=44, Correlation=0.0802135857960578)
2026-08-13 11:27:01 | INFO | M07 | Pixel Pandas(_0=15, _1=45, Correlation=-0.009786656987429029)
2026-08-13 11:27:01 | INFO | M07 | Pixel Pandas(_0=15, _1=46, Correlation=-0.08828245696625003)
2026-08-13 11:27:01 | INFO | M07 | Pixel Pandas(_0=15, _1=47, Correlation=-0.011574869130237092)
2026-08-13 11:27:01 | INFO | M07 | Pixel Pandas(_0=15, _1=48, Correlation=-0.0046216802283646045)
2026-08-13 11:27:01 | INFO | M07 | Pixel Pandas(_0=15, _1=49, Correlation=-0.046092164111616735)
2026-08-13 11:27:01 | INFO | M07 | Pixel Pandas(_0=15, _1=50, Correlation=-0.1540985700698174)
2026-08-13 11:27:01 | INFO | M07 | Pixel Pandas(_0=15, _1=51, Correlation=-0.07496152829263249)
2026-08-13 11:27:01 | INFO | M07 | Pixel Pandas(_0=15, _1=52, Correlation=0.06941416322797508)
2026-08-13 11:27:01 | INFO | M07 | Pixel Pandas(_0=15, _1=53, Correlation=-0.13115015630702537)
2026-08-13 11:27:01 | INFO | M07 | Pixel Pandas(_0=15, _1=54, Correlation=-0.09852149646949153)
2026-08-13 11:27:01 | INFO | M07 | Pixel Pandas(_0=15, _1=55, Correlation=-0.027362983316054263)
2026-08-13 11:27:01 | INFO | M07 | Pixel Pandas(_0=15, _1=56, Correlation=-0.003077765906444495)
2026-08-13 11:27:01 | INFO | M07 | Pixel Pandas(_0=15, _1=57, Correlation=-0.03685074706265219)
2026-08-13 11:27:01 | INFO | M07 | Pixel Pandas(_0=15, _1=58, Correlation=-0.10031466019737924)
2026-08-13 11:27:01 | INFO | M07 | Pixel Pandas(_0=15, _1=59, Correlation=-0.05507754507609871)
2026-08-13 11:27:01 | INFO | M07 | Pixel Pandas(_0=15, _1=60, Correlation=-0.10031682827336737)
2026-08-13 11:27:01 | INFO | M07 | Pixel Pandas(_0=15, _1=61, Correlation=-0.1367958909919942)
2026-08-13 11:27:01 | INFO | M07 | Pixel Pandas(_0=15, _1=62, Correlation=-0.0659562218337077)
2026-08-13 11:27:01 | INFO | M07 | Pixel Pandas(_0=15, _1=63, Correlation=-0.025565923288009215)
2026-08-13 11:27:01 | INFO | M07 | Pixel Pandas(_0=16, _1=0, Correlation=nan)
2026-08-13 11:27:01 | INFO | M07 | Pixel Pandas(_0=16, _1=1, Correlation=-0.0051093319507583505)
2026-08-13 11:27:01 | INFO | M07 | Pixel Pandas(_0=16, _1=2, Correlation=-0.01694301943318476)
2026-08-13 11:27:01 | INFO | M07 | Pixel Pandas(_0=16, _1=3, Correlation=0.022736264590545546)
2026-08-13 11:27:01 | INFO | M07 | Pixel Pandas(_0=16, _1=4, Correlation=0.009910770429698948)
2026-08-13 11:27:01 | INFO | M07 | Pixel Pandas(_0=16, _1=5, Correlation=-0.025065254021818896)
2026-08-13 11:27:01 | INFO | M07 | Pixel Pandas(_0=16, _1=6, Correlation=-0.01828395998942574)
2026-08-13 11:27:01 | INFO | M07 | Pixel Pandas(_0=16, _1=7, Correlation=-0.005579157112416593)
2026-08-13 11:27:01 | INFO | M07 | Pixel Pandas(_0=16, _1=8, Correlation=0.28161387244545)
2026-08-13 11:27:01 | INFO | M07 | Pixel Pandas(_0=16, _1=9, Correlation=0.08946772741094419)
2026-08-13 11:27:01 | INFO | M07 | Pixel Pandas(_0=16, _1=10, Correlation=0.039666448111222954)
2026-08-13 11:27:01 | INFO | M07 | Pixel Pandas(_0=16, _1=11, Correlation=0.00920897141579167)
2026-08-13 11:27:01 | INFO | M07 | Pixel Pandas(_0=16, _1=12, Correlation=0.027258834852456264)
2026-08-13 11:27:01 | INFO | M07 | Pixel Pandas(_0=16, _1=13, Correlation=-0.01899557078733797)
2026-08-13 11:27:01 | INFO | M07 | Pixel Pandas(_0=16, _1=14, Correlation=-0.02049221193826676)
2026-08-13 11:27:01 | INFO | M07 | Pixel Pandas(_0=16, _1=15, Correlation=-0.005820599167369142)
2026-08-13 11:27:01 | INFO | M07 | Pixel Pandas(_0=16, _1=16, Correlation=1.0)
2026-08-13 11:27:01 | INFO | M07 | Pixel Pandas(_0=16, _1=17, Correlation=0.15974336088287772)
2026-08-13 11:27:01 | INFO | M07 | Pixel Pandas(_0=16, _1=18, Correlation=0.0007595042094677738)
2026-08-13 11:27:01 | INFO | M07 | Pixel Pandas(_0=16, _1=19, Correlation=0.004671204080598054)
2026-08-13 11:27:01 | INFO | M07 | Pixel Pandas(_0=16, _1=20, Correlation=0.016639032344594847)
2026-08-13 11:27:01 | INFO | M07 | Pixel Pandas(_0=16, _1=21, Correlation=-0.03029706411912451)
2026-08-13 11:27:01 | INFO | M07 | Pixel Pandas(_0=16, _1=22, Correlation=-0.024490484016136203)
2026-08-13 11:27:01 | INFO | M07 | Pixel Pandas(_0=16, _1=23, Correlation=-0.00509715815230905)
2026-08-13 11:27:01 | INFO | M07 | Pixel Pandas(_0=16, _1=24, Correlation=0.5338628671533684)
2026-08-13 11:27:01 | INFO | M07 | Pixel Pandas(_0=16, _1=25, Correlation=0.052919368836016674)
2026-08-13 11:27:01 | INFO | M07 | Pixel Pandas(_0=16, _1=26, Correlation=0.0007838675692243462)
2026-08-13 11:27:01 | INFO | M07 | Pixel Pandas(_0=16, _1=27, Correlation=0.008943006225906677)
2026-08-13 11:27:01 | INFO | M07 | Pixel Pandas(_0=16, _1=28, Correlation=-0.00817785984114946)
2026-08-13 11:27:01 | INFO | M07 | Pixel Pandas(_0=16, _1=29, Correlation=-0.046757568598161846)
2026-08-13 11:27:01 | INFO | M07 | Pixel Pandas(_0=16, _1=30, Correlation=-0.02806452483446882)
2026-08-13 11:27:01 | INFO | M07 | Pixel Pandas(_0=16, _1=31, Correlation=-0.0021077485201792356)
2026-08-13 11:27:01 | INFO | M07 | Pixel Pandas(_0=16, _1=32, Correlation=nan)
2026-08-13 11:27:01 | INFO | M07 | Pixel Pandas(_0=16, _1=33, Correlation=-0.030004662029443005)
2026-08-13 11:27:01 | INFO | M07 | Pixel Pandas(_0=16, _1=34, Correlation=-0.021647419144550668)
2026-08-13 11:27:01 | INFO | M07 | Pixel Pandas(_0=16, _1=35, Correlation=0.010882478281304267)
2026-08-13 11:27:01 | INFO | M07 | Pixel Pandas(_0=16, _1=36, Correlation=-0.035370120408559066)
2026-08-13 11:27:02 | INFO | M07 | Pixel Pandas(_0=16, _1=37, Correlation=-0.042153963803874366)
2026-08-13 11:27:02 | INFO | M07 | Pixel Pandas(_0=16, _1=38, Correlation=-0.024093654757016355)
2026-08-13 11:27:02 | INFO | M07 | Pixel Pandas(_0=16, _1=39, Correlation=nan)
2026-08-13 11:27:02 | INFO | M07 | Pixel Pandas(_0=16, _1=40, Correlation=-0.0027374657196111186)
2026-08-13 11:27:02 | INFO | M07 | Pixel Pandas(_0=16, _1=41, Correlation=-0.02370859179479979)
2026-08-13 11:27:02 | INFO | M07 | Pixel Pandas(_0=16, _1=42, Correlation=-0.019673058269683512)
2026-08-13 11:27:02 | INFO | M07 | Pixel Pandas(_0=16, _1=43, Correlation=0.02613813197918014)
2026-08-13 11:27:02 | INFO | M07 | Pixel Pandas(_0=16, _1=44, Correlation=-0.02048230445398775)
2026-08-13 11:27:02 | INFO | M07 | Pixel Pandas(_0=16, _1=45, Correlation=-0.033202721654378445)
2026-08-13 11:27:02 | INFO | M07 | Pixel Pandas(_0=16, _1=46, Correlation=-0.01500970535767953)
2026-08-13 11:27:02 | INFO | M07 | Pixel Pandas(_0=16, _1=47, Correlation=-0.00396010116823463)
2026-08-13 11:27:02 | INFO | M07 | Pixel Pandas(_0=16, _1=48, Correlation=-0.0015812119399036882)
2026-08-13 11:27:02 | INFO | M07 | Pixel Pandas(_0=16, _1=49, Correlation=-0.018009563311565734)
2026-08-13 11:27:02 | INFO | M07 | Pixel Pandas(_0=16, _1=50, Correlation=-0.04038655039881729)
2026-08-13 11:27:02 | INFO | M07 | Pixel Pandas(_0=16, _1=51, Correlation=0.017598706585627236)
2026-08-13 11:27:02 | INFO | M07 | Pixel Pandas(_0=16, _1=52, Correlation=-0.027077329265445683)
2026-08-13 11:27:02 | INFO | M07 | Pixel Pandas(_0=16, _1=53, Correlation=-0.014495056734800773)
2026-08-13 11:27:02 | INFO | M07 | Pixel Pandas(_0=16, _1=54, Correlation=-0.0011351032699174807)
2026-08-13 11:27:02 | INFO | M07 | Pixel Pandas(_0=16, _1=55, Correlation=-0.009361676661485626)
2026-08-13 11:27:02 | INFO | M07 | Pixel Pandas(_0=16, _1=56, Correlation=-0.0010529937077063014)
2026-08-13 11:27:02 | INFO | M07 | Pixel Pandas(_0=16, _1=57, Correlation=-0.013346527014303038)
2026-08-13 11:27:02 | INFO | M07 | Pixel Pandas(_0=16, _1=58, Correlation=-0.020622531826492332)
2026-08-13 11:27:02 | INFO | M07 | Pixel Pandas(_0=16, _1=59, Correlation=0.021539355084740287)
2026-08-13 11:27:02 | INFO | M07 | Pixel Pandas(_0=16, _1=60, Correlation=0.021630269685345756)
2026-08-13 11:27:02 | INFO | M07 | Pixel Pandas(_0=16, _1=61, Correlation=0.012375754239125406)
2026-08-13 11:27:02 | INFO | M07 | Pixel Pandas(_0=16, _1=62, Correlation=0.01890138243383397)
2026-08-13 11:27:02 | INFO | M07 | Pixel Pandas(_0=16, _1=63, Correlation=0.015250232923112119)
2026-08-13 11:27:02 | INFO | M07 | Pixel Pandas(_0=17, _1=0, Correlation=nan)
2026-08-13 11:27:02 | INFO | M07 | Pixel Pandas(_0=17, _1=1, Correlation=0.2135858122528726)
2026-08-13 11:27:02 | INFO | M07 | Pixel Pandas(_0=17, _1=2, Correlation=0.27886404190214004)
2026-08-13 11:27:02 | INFO | M07 | Pixel Pandas(_0=17, _1=3, Correlation=0.18781134567551322)
2026-08-13 11:27:02 | INFO | M07 | Pixel Pandas(_0=17, _1=4, Correlation=0.03661208029107262)
2026-08-13 11:27:02 | INFO | M07 | Pixel Pandas(_0=17, _1=5, Correlation=0.06912401567194265)
2026-08-13 11:27:02 | INFO | M07 | Pixel Pandas(_0=17, _1=6, Correlation=-0.03153392406027004)
2026-08-13 11:27:02 | INFO | M07 | Pixel Pandas(_0=17, _1=7, Correlation=-0.0687607436450357)
2026-08-13 11:27:02 | INFO | M07 | Pixel Pandas(_0=17, _1=8, Correlation=0.14207872886327877)
2026-08-13 11:27:02 | INFO | M07 | Pixel Pandas(_0=17, _1=9, Correlation=0.6099947631308801)
2026-08-13 11:27:02 | INFO | M07 | Pixel Pandas(_0=17, _1=10, Correlation=0.48709514155171374)
2026-08-13 11:27:02 | INFO | M07 | Pixel Pandas(_0=17, _1=11, Correlation=-0.09412679699576376)
2026-08-13 11:27:02 | INFO | M07 | Pixel Pandas(_0=17, _1=12, Correlation=-0.020117043551148153)
2026-08-13 11:27:02 | INFO | M07 | Pixel Pandas(_0=17, _1=13, Correlation=0.039068175252007245)
2026-08-13 11:27:02 | INFO | M07 | Pixel Pandas(_0=17, _1=14, Correlation=-0.10275504739192005)
2026-08-13 11:27:02 | INFO | M07 | Pixel Pandas(_0=17, _1=15, Correlation=-0.07666849503728232)
2026-08-13 11:27:02 | INFO | M07 | Pixel Pandas(_0=17, _1=16, Correlation=0.15974336088287772)
2026-08-13 11:27:02 | INFO | M07 | Pixel Pandas(_0=17, _1=17, Correlation=1.0)
2026-08-13 11:27:02 | INFO | M07 | Pixel Pandas(_0=17, _1=18, Correlation=0.31409140094393134)
2026-08-13 11:27:02 | INFO | M07 | Pixel Pandas(_0=17, _1=19, Correlation=-0.30182358556833944)
2026-08-13 11:27:02 | INFO | M07 | Pixel Pandas(_0=17, _1=20, Correlation=-0.028635292477561424)
2026-08-13 11:27:02 | INFO | M07 | Pixel Pandas(_0=17, _1=21, Correlation=-0.04920554919232441)
2026-08-13 11:27:02 | INFO | M07 | Pixel Pandas(_0=17, _1=22, Correlation=-0.1137347349632426)
2026-08-13 11:27:02 | INFO | M07 | Pixel Pandas(_0=17, _1=23, Correlation=-0.06323469829975752)
2026-08-13 11:27:02 | INFO | M07 | Pixel Pandas(_0=17, _1=24, Correlation=0.11575417300585501)
2026-08-13 11:27:02 | INFO | M07 | Pixel Pandas(_0=17, _1=25, Correlation=0.4295971464291564)
2026-08-13 11:27:02 | INFO | M07 | Pixel Pandas(_0=17, _1=26, Correlation=0.12014437020231261)
2026-08-13 11:27:02 | INFO | M07 | Pixel Pandas(_0=17, _1=27, Correlation=-0.07483925113969875)
2026-08-13 11:27:02 | INFO | M07 | Pixel Pandas(_0=17, _1=28, Correlation=-0.011013401404502942)
2026-08-13 11:27:02 | INFO | M07 | Pixel Pandas(_0=17, _1=29, Correlation=-0.12792125922746453)
2026-08-13 11:27:02 | INFO | M07 | Pixel Pandas(_0=17, _1=30, Correlation=-0.09778975898663482)
2026-08-13 11:27:02 | INFO | M07 | Pixel Pandas(_0=17, _1=31, Correlation=-0.024460424135379445)
2026-08-13 11:27:02 | INFO | M07 | Pixel Pandas(_0=17, _1=32, Correlation=nan)
2026-08-13 11:27:02 | INFO | M07 | Pixel Pandas(_0=17, _1=33, Correlation=-0.10682162508240292)
2026-08-13 11:27:02 | INFO | M07 | Pixel Pandas(_0=17, _1=34, Correlation=-0.21261647608291814)
2026-08-13 11:27:02 | INFO | M07 | Pixel Pandas(_0=17, _1=35, Correlation=-0.1237789357522063)
2026-08-13 11:27:02 | INFO | M07 | Pixel Pandas(_0=17, _1=36, Correlation=-0.2089433175139481)
2026-08-13 11:27:02 | INFO | M07 | Pixel Pandas(_0=17, _1=37, Correlation=-0.19148192874674821)
2026-08-13 11:27:02 | INFO | M07 | Pixel Pandas(_0=17, _1=38, Correlation=-0.05052557510949897)
2026-08-13 11:27:02 | INFO | M07 | Pixel Pandas(_0=17, _1=39, Correlation=nan)
2026-08-13 11:27:02 | INFO | M07 | Pixel Pandas(_0=17, _1=40, Correlation=-0.044636492530289305)
2026-08-13 11:27:02 | INFO | M07 | Pixel Pandas(_0=17, _1=41, Correlation=-0.18635001985916838)
2026-08-13 11:27:02 | INFO | M07 | Pixel Pandas(_0=17, _1=42, Correlation=-0.21505382216102253)
2026-08-13 11:27:02 | INFO | M07 | Pixel Pandas(_0=17, _1=43, Correlation=-0.12826269095090545)
2026-08-13 11:27:02 | INFO | M07 | Pixel Pandas(_0=17, _1=44, Correlation=-0.19223151372433364)
2026-08-13 11:27:02 | INFO | M07 | Pixel Pandas(_0=17, _1=45, Correlation=-0.10452139750601251)
2026-08-13 11:27:02 | INFO | M07 | Pixel Pandas(_0=17, _1=46, Correlation=0.027813868726812577)
2026-08-13 11:27:02 | INFO | M07 | Pixel Pandas(_0=17, _1=47, Correlation=-0.06203978267483336)
2026-08-13 11:27:02 | INFO | M07 | Pixel Pandas(_0=17, _1=48, Correlation=-0.025020531466408157)
2026-08-13 11:27:02 | INFO | M07 | Pixel Pandas(_0=17, _1=49, Correlation=-0.04427515405038855)
2026-08-13 11:27:02 | INFO | M07 | Pixel Pandas(_0=17, _1=50, Correlation=0.07513432598394962)
2026-08-13 11:27:02 | INFO | M07 | Pixel Pandas(_0=17, _1=51, Correlation=0.014985016689473376)
2026-08-13 11:27:02 | INFO | M07 | Pixel Pandas(_0=17, _1=52, Correlation=-0.05258999103546079)
2026-08-13 11:27:02 | INFO | M07 | Pixel Pandas(_0=17, _1=53, Correlation=0.08929337895661535)
2026-08-13 11:27:02 | INFO | M07 | Pixel Pandas(_0=17, _1=54, Correlation=0.08871484453732362)
2026-08-13 11:27:02 | INFO | M07 | Pixel Pandas(_0=17, _1=55, Correlation=-0.053485124155703265)
2026-08-13 11:27:02 | INFO | M07 | Pixel Pandas(_0=17, _1=56, Correlation=-0.0171698755647435)
2026-08-13 11:27:02 | INFO | M07 | Pixel Pandas(_0=17, _1=57, Correlation=0.1648073201204938)
2026-08-13 11:27:02 | INFO | M07 | Pixel Pandas(_0=17, _1=58, Correlation=0.2585431577165239)
2026-08-13 11:27:02 | INFO | M07 | Pixel Pandas(_0=17, _1=59, Correlation=0.22743838641035738)
2026-08-13 11:27:02 | INFO | M07 | Pixel Pandas(_0=17, _1=60, Correlation=0.03639320661652891)
2026-08-13 11:27:02 | INFO | M07 | Pixel Pandas(_0=17, _1=61, Correlation=0.052270842194989724)
2026-08-13 11:27:02 | INFO | M07 | Pixel Pandas(_0=17, _1=62, Correlation=0.08029347347183528)
2026-08-13 11:27:02 | INFO | M07 | Pixel Pandas(_0=17, _1=63, Correlation=0.008117041096372254)
2026-08-13 11:27:02 | INFO | M07 | Pixel Pandas(_0=18, _1=0, Correlation=nan)
2026-08-13 11:27:02 | INFO | M07 | Pixel Pandas(_0=18, _1=1, Correlation=-0.11358117893947141)
2026-08-13 11:27:02 | INFO | M07 | Pixel Pandas(_0=18, _1=2, Correlation=-0.08425098850689602)
2026-08-13 11:27:02 | INFO | M07 | Pixel Pandas(_0=18, _1=3, Correlation=0.04051592024004536)
2026-08-13 11:27:02 | INFO | M07 | Pixel Pandas(_0=18, _1=4, Correlation=-0.12445150255018667)
2026-08-13 11:27:02 | INFO | M07 | Pixel Pandas(_0=18, _1=5, Correlation=-0.05183447308072135)
2026-08-13 11:27:02 | INFO | M07 | Pixel Pandas(_0=18, _1=6, Correlation=0.02600755147805578)
2026-08-13 11:27:02 | INFO | M07 | Pixel Pandas(_0=18, _1=7, Correlation=-0.010793395758316447)
2026-08-13 11:27:02 | INFO | M07 | Pixel Pandas(_0=18, _1=8, Correlation=-0.03741601999453519)
2026-08-13 11:27:02 | INFO | M07 | Pixel Pandas(_0=18, _1=9, Correlation=-0.07025695292202105)
2026-08-13 11:27:02 | INFO | M07 | Pixel Pandas(_0=18, _1=10, Correlation=0.3419113434994714)
2026-08-13 11:27:02 | INFO | M07 | Pixel Pandas(_0=18, _1=11, Correlation=0.2891160376593422)
2026-08-13 11:27:02 | INFO | M07 | Pixel Pandas(_0=18, _1=12, Correlation=-0.23571876096185834)
2026-08-13 11:27:02 | INFO | M07 | Pixel Pandas(_0=18, _1=13, Correlation=-0.10764412095369284)
2026-08-13 11:27:02 | INFO | M07 | Pixel Pandas(_0=18, _1=14, Correlation=-0.04768114766433563)
2026-08-13 11:27:02 | INFO | M07 | Pixel Pandas(_0=18, _1=15, Correlation=-0.009834235030474047)
2026-08-13 11:27:02 | INFO | M07 | Pixel Pandas(_0=18, _1=16, Correlation=0.0007595042094677738)
2026-08-13 11:27:02 | INFO | M07 | Pixel Pandas(_0=18, _1=17, Correlation=0.31409140094393134)
2026-08-13 11:27:02 | INFO | M07 | Pixel Pandas(_0=18, _1=18, Correlation=1.0)
2026-08-13 11:27:02 | INFO | M07 | Pixel Pandas(_0=18, _1=19, Correlation=0.03515181635519121)
2026-08-13 11:27:02 | INFO | M07 | Pixel Pandas(_0=18, _1=20, Correlation=-0.4062271282734937)
2026-08-13 11:27:02 | INFO | M07 | Pixel Pandas(_0=18, _1=21, Correlation=-0.08559610381024389)
2026-08-13 11:27:02 | INFO | M07 | Pixel Pandas(_0=18, _1=22, Correlation=0.05274060903045811)
2026-08-13 11:27:02 | INFO | M07 | Pixel Pandas(_0=18, _1=23, Correlation=0.00551326646567466)
2026-08-13 11:27:02 | INFO | M07 | Pixel Pandas(_0=18, _1=24, Correlation=0.03577147018361455)
2026-08-13 11:27:02 | INFO | M07 | Pixel Pandas(_0=18, _1=25, Correlation=0.46868641402587535)
2026-08-13 11:27:02 | INFO | M07 | Pixel Pandas(_0=18, _1=26, Correlation=0.6118352347322459)
2026-08-13 11:27:02 | INFO | M07 | Pixel Pandas(_0=18, _1=27, Correlation=-0.10953573521744926)
2026-08-13 11:27:02 | INFO | M07 | Pixel Pandas(_0=18, _1=28, Correlation=-0.32355710862434817)
2026-08-13 11:27:02 | INFO | M07 | Pixel Pandas(_0=18, _1=29, Correlation=-0.02475866515956114)
2026-08-13 11:27:02 | INFO | M07 | Pixel Pandas(_0=18, _1=30, Correlation=0.03374100726491602)
2026-08-13 11:27:02 | INFO | M07 | Pixel Pandas(_0=18, _1=31, Correlation=0.015332620413921047)
2026-08-13 11:27:02 | INFO | M07 | Pixel Pandas(_0=18, _1=32, Correlation=nan)
2026-08-13 11:27:02 | INFO | M07 | Pixel Pandas(_0=18, _1=33, Correlation=0.22627814094378607)
2026-08-13 11:27:02 | INFO | M07 | Pixel Pandas(_0=18, _1=34, Correlation=0.1585356821161952)
2026-08-13 11:27:02 | INFO | M07 | Pixel Pandas(_0=18, _1=35, Correlation=-0.17098566417995506)
2026-08-13 11:27:02 | INFO | M07 | Pixel Pandas(_0=18, _1=36, Correlation=-0.25703344657646143)
2026-08-13 11:27:02 | INFO | M07 | Pixel Pandas(_0=18, _1=37, Correlation=0.010524030051555298)
2026-08-13 11:27:02 | INFO | M07 | Pixel Pandas(_0=18, _1=38, Correlation=0.10976111522425828)
2026-08-13 11:27:02 | INFO | M07 | Pixel Pandas(_0=18, _1=39, Correlation=nan)
2026-08-13 11:27:02 | INFO | M07 | Pixel Pandas(_0=18, _1=40, Correlation=-0.02860784978870945)
2026-08-13 11:27:02 | INFO | M07 | Pixel Pandas(_0=18, _1=41, Correlation=0.04290499064136846)
2026-08-13 11:27:02 | INFO | M07 | Pixel Pandas(_0=18, _1=42, Correlation=0.1359190784355995)
2026-08-13 11:27:02 | INFO | M07 | Pixel Pandas(_0=18, _1=43, Correlation=-0.12193085881539999)
2026-08-13 11:27:02 | INFO | M07 | Pixel Pandas(_0=18, _1=44, Correlation=-0.10613392675876929)
2026-08-13 11:27:02 | INFO | M07 | Pixel Pandas(_0=18, _1=45, Correlation=0.13655568389514677)
2026-08-13 11:27:02 | INFO | M07 | Pixel Pandas(_0=18, _1=46, Correlation=0.11788996975770596)
2026-08-13 11:27:02 | INFO | M07 | Pixel Pandas(_0=18, _1=47, Correlation=0.0005553551437144535)
2026-08-13 11:27:02 | INFO | M07 | Pixel Pandas(_0=18, _1=48, Correlation=-0.01903966163022947)
2026-08-13 11:27:02 | INFO | M07 | Pixel Pandas(_0=18, _1=49, Correlation=-0.030841210383660923)
2026-08-13 11:27:02 | INFO | M07 | Pixel Pandas(_0=18, _1=50, Correlation=0.14436083280288997)
2026-08-13 11:27:02 | INFO | M07 | Pixel Pandas(_0=18, _1=51, Correlation=0.01652532514175682)
2026-08-13 11:27:02 | INFO | M07 | Pixel Pandas(_0=18, _1=52, Correlation=0.0331134979839447)
2026-08-13 11:27:02 | INFO | M07 | Pixel Pandas(_0=18, _1=53, Correlation=0.09292309292802114)
2026-08-13 11:27:02 | INFO | M07 | Pixel Pandas(_0=18, _1=54, Correlation=0.027827855145199327)
2026-08-13 11:27:02 | INFO | M07 | Pixel Pandas(_0=18, _1=55, Correlation=-0.051890188375571585)
2026-08-13 11:27:02 | INFO | M07 | Pixel Pandas(_0=18, _1=56, Correlation=0.012844405187061404)
2026-08-13 11:27:02 | INFO | M07 | Pixel Pandas(_0=18, _1=57, Correlation=-0.07188000494432122)
2026-08-13 11:27:02 | INFO | M07 | Pixel Pandas(_0=18, _1=58, Correlation=-0.12036922390278916)
2026-08-13 11:27:02 | INFO | M07 | Pixel Pandas(_0=18, _1=59, Correlation=0.14037578535806847)
2026-08-13 11:27:02 | INFO | M07 | Pixel Pandas(_0=18, _1=60, Correlation=0.11907649252966648)
2026-08-13 11:27:02 | INFO | M07 | Pixel Pandas(_0=18, _1=61, Correlation=-0.016897508901965903)
2026-08-13 11:27:02 | INFO | M07 | Pixel Pandas(_0=18, _1=62, Correlation=-0.042269186406308265)
2026-08-13 11:27:02 | INFO | M07 | Pixel Pandas(_0=18, _1=63, Correlation=-0.05099928522672857)
2026-08-13 11:27:02 | INFO | M07 | Pixel Pandas(_0=19, _1=0, Correlation=nan)
2026-08-13 11:27:02 | INFO | M07 | Pixel Pandas(_0=19, _1=1, Correlation=-0.10588220168806062)
2026-08-13 11:27:02 | INFO | M07 | Pixel Pandas(_0=19, _1=2, Correlation=-0.31072585525948054)
2026-08-13 11:27:02 | INFO | M07 | Pixel Pandas(_0=19, _1=3, Correlation=-0.36043950531622443)
2026-08-13 11:27:02 | INFO | M07 | Pixel Pandas(_0=19, _1=4, Correlation=-0.15550052880528464)
2026-08-13 11:27:02 | INFO | M07 | Pixel Pandas(_0=19, _1=5, Correlation=-0.19492371831669328)
2026-08-13 11:27:02 | INFO | M07 | Pixel Pandas(_0=19, _1=6, Correlation=-0.08238038623869923)
2026-08-13 11:27:02 | INFO | M07 | Pixel Pandas(_0=19, _1=7, Correlation=-0.020563402062031725)
2026-08-13 11:27:02 | INFO | M07 | Pixel Pandas(_0=19, _1=8, Correlation=-0.022331010784159652)
2026-08-13 11:27:02 | INFO | M07 | Pixel Pandas(_0=19, _1=9, Correlation=-0.2991703973811704)
2026-08-13 11:27:02 | INFO | M07 | Pixel Pandas(_0=19, _1=10, Correlation=-0.5261585577046816)
2026-08-13 11:27:02 | INFO | M07 | Pixel Pandas(_0=19, _1=11, Correlation=0.4013707366347878)
2026-08-13 11:27:02 | INFO | M07 | Pixel Pandas(_0=19, _1=12, Correlation=0.19141332418524912)
2026-08-13 11:27:02 | INFO | M07 | Pixel Pandas(_0=19, _1=13, Correlation=-0.30896129314000825)
2026-08-13 11:27:02 | INFO | M07 | Pixel Pandas(_0=19, _1=14, Correlation=-0.10902962547407394)
2026-08-13 11:27:02 | INFO | M07 | Pixel Pandas(_0=19, _1=15, Correlation=0.01893833795236699)
2026-08-13 11:27:02 | INFO | M07 | Pixel Pandas(_0=19, _1=16, Correlation=0.004671204080598054)
2026-08-13 11:27:02 | INFO | M07 | Pixel Pandas(_0=19, _1=17, Correlation=-0.30182358556833944)
2026-08-13 11:27:02 | INFO | M07 | Pixel Pandas(_0=19, _1=18, Correlation=0.03515181635519121)
2026-08-13 11:27:02 | INFO | M07 | Pixel Pandas(_0=19, _1=19, Correlation=1.0)
2026-08-13 11:27:02 | INFO | M07 | Pixel Pandas(_0=19, _1=20, Correlation=0.1683985368105397)
2026-08-13 11:27:02 | INFO | M07 | Pixel Pandas(_0=19, _1=21, Correlation=-0.24348225525842038)
2026-08-13 11:27:02 | INFO | M07 | Pixel Pandas(_0=19, _1=22, Correlation=-0.032253530983962844)
2026-08-13 11:27:02 | INFO | M07 | Pixel Pandas(_0=19, _1=23, Correlation=0.05199242550015066)
2026-08-13 11:27:02 | INFO | M07 | Pixel Pandas(_0=19, _1=24, Correlation=0.04607431913143367)
2026-08-13 11:27:02 | INFO | M07 | Pixel Pandas(_0=19, _1=25, Correlation=-0.04424558716337695)
2026-08-13 11:27:02 | INFO | M07 | Pixel Pandas(_0=19, _1=26, Correlation=0.2252286018533283)
2026-08-13 11:27:02 | INFO | M07 | Pixel Pandas(_0=19, _1=27, Correlation=0.4068811431453738)
2026-08-13 11:27:02 | INFO | M07 | Pixel Pandas(_0=19, _1=28, Correlation=-0.04329670160273665)
2026-08-13 11:27:02 | INFO | M07 | Pixel Pandas(_0=19, _1=29, Correlation=-0.1205338705993636)
2026-08-13 11:27:02 | INFO | M07 | Pixel Pandas(_0=19, _1=30, Correlation=-0.07607934232313257)
2026-08-13 11:27:02 | INFO | M07 | Pixel Pandas(_0=19, _1=31, Correlation=0.03873361306211898)
2026-08-13 11:27:02 | INFO | M07 | Pixel Pandas(_0=19, _1=32, Correlation=nan)
2026-08-13 11:27:02 | INFO | M07 | Pixel Pandas(_0=19, _1=33, Correlation=0.12802005620224852)
2026-08-13 11:27:02 | INFO | M07 | Pixel Pandas(_0=19, _1=34, Correlation=0.2125623671012626)
2026-08-13 11:27:02 | INFO | M07 | Pixel Pandas(_0=19, _1=35, Correlation=0.1398808630989883)
2026-08-13 11:27:02 | INFO | M07 | Pixel Pandas(_0=19, _1=36, Correlation=0.07641009425207931)
2026-08-13 11:27:02 | INFO | M07 | Pixel Pandas(_0=19, _1=37, Correlation=-0.044234466664766194)
2026-08-13 11:27:02 | INFO | M07 | Pixel Pandas(_0=19, _1=38, Correlation=-0.10200117702335959)
2026-08-13 11:27:02 | INFO | M07 | Pixel Pandas(_0=19, _1=39, Correlation=nan)
2026-08-13 11:27:02 | INFO | M07 | Pixel Pandas(_0=19, _1=40, Correlation=0.06418492608100129)
2026-08-13 11:27:02 | INFO | M07 | Pixel Pandas(_0=19, _1=41, Correlation=0.14943051449171468)
2026-08-13 11:27:02 | INFO | M07 | Pixel Pandas(_0=19, _1=42, Correlation=0.22432340235062814)
2026-08-13 11:27:02 | INFO | M07 | Pixel Pandas(_0=19, _1=43, Correlation=0.23602149794153907)
2026-08-13 11:27:02 | INFO | M07 | Pixel Pandas(_0=19, _1=44, Correlation=0.29749422681412696)
2026-08-13 11:27:02 | INFO | M07 | Pixel Pandas(_0=19, _1=45, Correlation=0.09092659969584933)
2026-08-13 11:27:02 | INFO | M07 | Pixel Pandas(_0=19, _1=46, Correlation=-0.0917699160587943)
2026-08-13 11:27:02 | INFO | M07 | Pixel Pandas(_0=19, _1=47, Correlation=0.0878372463248656)
2026-08-13 11:27:02 | INFO | M07 | Pixel Pandas(_0=19, _1=48, Correlation=0.039981637909113285)
2026-08-13 11:27:02 | INFO | M07 | Pixel Pandas(_0=19, _1=49, Correlation=0.013526927515808895)
2026-08-13 11:27:02 | INFO | M07 | Pixel Pandas(_0=19, _1=50, Correlation=-0.07609761681260149)
2026-08-13 11:27:02 | INFO | M07 | Pixel Pandas(_0=19, _1=51, Correlation=0.06465600201720503)
2026-08-13 11:27:02 | INFO | M07 | Pixel Pandas(_0=19, _1=52, Correlation=0.3391035289483936)
2026-08-13 11:27:02 | INFO | M07 | Pixel Pandas(_0=19, _1=53, Correlation=0.0014296638670912261)
2026-08-13 11:27:02 | INFO | M07 | Pixel Pandas(_0=19, _1=54, Correlation=-0.031473320238226334)
2026-08-13 11:27:02 | INFO | M07 | Pixel Pandas(_0=19, _1=55, Correlation=0.12200821596631867)
2026-08-13 11:27:02 | INFO | M07 | Pixel Pandas(_0=19, _1=56, Correlation=0.012232288525577574)
2026-08-13 11:27:02 | INFO | M07 | Pixel Pandas(_0=19, _1=57, Correlation=-0.08045356146484166)
2026-08-13 11:27:02 | INFO | M07 | Pixel Pandas(_0=19, _1=58, Correlation=-0.32909456103155815)
2026-08-13 11:27:02 | INFO | M07 | Pixel Pandas(_0=19, _1=59, Correlation=-0.3400181135864655)
2026-08-13 11:27:02 | INFO | M07 | Pixel Pandas(_0=19, _1=60, Correlation=0.20769382355334517)
2026-08-13 11:27:02 | INFO | M07 | Pixel Pandas(_0=19, _1=61, Correlation=0.0774863735407245)
2026-08-13 11:27:02 | INFO | M07 | Pixel Pandas(_0=19, _1=62, Correlation=0.04170498875699314)
2026-08-13 11:27:02 | INFO | M07 | Pixel Pandas(_0=19, _1=63, Correlation=0.06596396842104682)
2026-08-13 11:27:02 | INFO | M07 | Pixel Pandas(_0=20, _1=0, Correlation=nan)
2026-08-13 11:27:02 | INFO | M07 | Pixel Pandas(_0=20, _1=1, Correlation=0.09625353622373103)
2026-08-13 11:27:02 | INFO | M07 | Pixel Pandas(_0=20, _1=2, Correlation=0.20872648708797636)
2026-08-13 11:27:02 | INFO | M07 | Pixel Pandas(_0=20, _1=3, Correlation=0.06794252232285448)
2026-08-13 11:27:02 | INFO | M07 | Pixel Pandas(_0=20, _1=4, Correlation=-0.02902513489398626)
2026-08-13 11:27:02 | INFO | M07 | Pixel Pandas(_0=20, _1=5, Correlation=-0.07911904411822426)
2026-08-13 11:27:02 | INFO | M07 | Pixel Pandas(_0=20, _1=6, Correlation=-0.15473132904008374)
2026-08-13 11:27:02 | INFO | M07 | Pixel Pandas(_0=20, _1=7, Correlation=-0.07976714399000749)
2026-08-13 11:27:02 | INFO | M07 | Pixel Pandas(_0=20, _1=8, Correlation=0.04882032657950195)
2026-08-13 11:27:02 | INFO | M07 | Pixel Pandas(_0=20, _1=9, Correlation=0.20834868107528504)
2026-08-13 11:27:02 | INFO | M07 | Pixel Pandas(_0=20, _1=10, Correlation=-0.015886299236127506)
2026-08-13 11:27:02 | INFO | M07 | Pixel Pandas(_0=20, _1=11, Correlation=-0.19108983419273545)
2026-08-13 11:27:02 | INFO | M07 | Pixel Pandas(_0=20, _1=12, Correlation=0.5533675889456995)
2026-08-13 11:27:02 | INFO | M07 | Pixel Pandas(_0=20, _1=13, Correlation=0.14503242021478396)
2026-08-13 11:27:02 | INFO | M07 | Pixel Pandas(_0=20, _1=14, Correlation=-0.16672424533784896)
2026-08-13 11:27:02 | INFO | M07 | Pixel Pandas(_0=20, _1=15, Correlation=-0.10878911079976349)
2026-08-13 11:27:02 | INFO | M07 | Pixel Pandas(_0=20, _1=16, Correlation=0.016639032344594847)
2026-08-13 11:27:02 | INFO | M07 | Pixel Pandas(_0=20, _1=17, Correlation=-0.028635292477561424)
2026-08-13 11:27:02 | INFO | M07 | Pixel Pandas(_0=20, _1=18, Correlation=-0.4062271282734937)
2026-08-13 11:27:02 | INFO | M07 | Pixel Pandas(_0=20, _1=19, Correlation=0.1683985368105397)
2026-08-13 11:27:02 | INFO | M07 | Pixel Pandas(_0=20, _1=20, Correlation=1.0)
2026-08-13 11:27:02 | INFO | M07 | Pixel Pandas(_0=20, _1=21, Correlation=0.15281274950045518)
2026-08-13 11:27:02 | INFO | M07 | Pixel Pandas(_0=20, _1=22, Correlation=-0.28936927999191575)
2026-08-13 11:27:02 | INFO | M07 | Pixel Pandas(_0=20, _1=23, Correlation=-0.10479768271304718)
2026-08-13 11:27:02 | INFO | M07 | Pixel Pandas(_0=20, _1=24, Correlation=-0.003232762429831944)
2026-08-13 11:27:02 | INFO | M07 | Pixel Pandas(_0=20, _1=25, Correlation=-0.3299893196040538)
2026-08-13 11:27:02 | INFO | M07 | Pixel Pandas(_0=20, _1=26, Correlation=-0.4502943504836111)
2026-08-13 11:27:02 | INFO | M07 | Pixel Pandas(_0=20, _1=27, Correlation=0.3017941530923645)
2026-08-13 11:27:02 | INFO | M07 | Pixel Pandas(_0=20, _1=28, Correlation=0.6273440847215153)
2026-08-13 11:27:02 | INFO | M07 | Pixel Pandas(_0=20, _1=29, Correlation=-0.06653853112989086)
2026-08-13 11:27:02 | INFO | M07 | Pixel Pandas(_0=20, _1=30, Correlation=-0.2417518300170286)
2026-08-13 11:27:02 | INFO | M07 | Pixel Pandas(_0=20, _1=31, Correlation=-0.040912793645649224)
2026-08-13 11:27:02 | INFO | M07 | Pixel Pandas(_0=20, _1=32, Correlation=nan)
2026-08-13 11:27:02 | INFO | M07 | Pixel Pandas(_0=20, _1=33, Correlation=-0.33372454010142066)
2026-08-13 11:27:02 | INFO | M07 | Pixel Pandas(_0=20, _1=34, Correlation=-0.37334389979423876)
2026-08-13 11:27:02 | INFO | M07 | Pixel Pandas(_0=20, _1=35, Correlation=0.07220790189604306)
2026-08-13 11:27:02 | INFO | M07 | Pixel Pandas(_0=20, _1=36, Correlation=0.15215953956609718)
2026-08-13 11:27:02 | INFO | M07 | Pixel Pandas(_0=20, _1=37, Correlation=-0.1864848531176219)
2026-08-13 11:27:02 | INFO | M07 | Pixel Pandas(_0=20, _1=38, Correlation=-0.19618201682857495)
2026-08-13 11:27:02 | INFO | M07 | Pixel Pandas(_0=20, _1=39, Correlation=nan)
2026-08-13 11:27:02 | INFO | M07 | Pixel Pandas(_0=20, _1=40, Correlation=-0.035748387940962086)
2026-08-13 11:27:02 | INFO | M07 | Pixel Pandas(_0=20, _1=41, Correlation=-0.15939643004294768)
2026-08-13 11:27:02 | INFO | M07 | Pixel Pandas(_0=20, _1=42, Correlation=-0.21775944980098752)
2026-08-13 11:27:02 | INFO | M07 | Pixel Pandas(_0=20, _1=43, Correlation=0.11941795545547139)
2026-08-13 11:27:02 | INFO | M07 | Pixel Pandas(_0=20, _1=44, Correlation=0.06347128099057982)
2026-08-13 11:27:02 | INFO | M07 | Pixel Pandas(_0=20, _1=45, Correlation=-0.17244237957277234)
2026-08-13 11:27:02 | INFO | M07 | Pixel Pandas(_0=20, _1=46, Correlation=-0.1709156456343234)
2026-08-13 11:27:02 | INFO | M07 | Pixel Pandas(_0=20, _1=47, Correlation=-0.07004814486415738)
2026-08-13 11:27:02 | INFO | M07 | Pixel Pandas(_0=20, _1=48, Correlation=-0.010274416980777648)
2026-08-13 11:27:02 | INFO | M07 | Pixel Pandas(_0=20, _1=49, Correlation=0.051787749078464146)
2026-08-13 11:27:02 | INFO | M07 | Pixel Pandas(_0=20, _1=50, Correlation=0.004436848567804018)
2026-08-13 11:27:02 | INFO | M07 | Pixel Pandas(_0=20, _1=51, Correlation=0.023494422048016703)
2026-08-13 11:27:02 | INFO | M07 | Pixel Pandas(_0=20, _1=52, Correlation=0.0694586293372126)
2026-08-13 11:27:02 | INFO | M07 | Pixel Pandas(_0=20, _1=53, Correlation=0.023656500434207132)
2026-08-13 11:27:02 | INFO | M07 | Pixel Pandas(_0=20, _1=54, Correlation=-0.02596242732478459)
2026-08-13 11:27:02 | INFO | M07 | Pixel Pandas(_0=20, _1=55, Correlation=0.007112996072347161)
2026-08-13 11:27:02 | INFO | M07 | Pixel Pandas(_0=20, _1=56, Correlation=-0.008018124272324682)
2026-08-13 11:27:02 | INFO | M07 | Pixel Pandas(_0=20, _1=57, Correlation=0.06434810604497104)
2026-08-13 11:27:02 | INFO | M07 | Pixel Pandas(_0=20, _1=58, Correlation=0.2163023550718441)
2026-08-13 11:27:02 | INFO | M07 | Pixel Pandas(_0=20, _1=59, Correlation=-0.06324235840327576)
2026-08-13 11:27:02 | INFO | M07 | Pixel Pandas(_0=20, _1=60, Correlation=0.002642168640590077)
2026-08-13 11:27:02 | INFO | M07 | Pixel Pandas(_0=20, _1=61, Correlation=0.10384717116360412)
2026-08-13 11:27:02 | INFO | M07 | Pixel Pandas(_0=20, _1=62, Correlation=0.07418988661092564)
2026-08-13 11:27:02 | INFO | M07 | Pixel Pandas(_0=20, _1=63, Correlation=0.05815546991213296)
2026-08-13 11:27:02 | INFO | M07 | Pixel Pandas(_0=21, _1=0, Correlation=nan)
2026-08-13 11:27:02 | INFO | M07 | Pixel Pandas(_0=21, _1=1, Correlation=-0.17006986724668202)
2026-08-13 11:27:02 | INFO | M07 | Pixel Pandas(_0=21, _1=2, Correlation=-0.08663016835410943)
2026-08-13 11:27:02 | INFO | M07 | Pixel Pandas(_0=21, _1=3, Correlation=-0.018314767469344535)
2026-08-13 11:27:02 | INFO | M07 | Pixel Pandas(_0=21, _1=4, Correlation=0.18267135481257862)
2026-08-13 11:27:02 | INFO | M07 | Pixel Pandas(_0=21, _1=5, Correlation=0.21211678898143632)
2026-08-13 11:27:02 | INFO | M07 | Pixel Pandas(_0=21, _1=6, Correlation=0.06416130203599342)
2026-08-13 11:27:02 | INFO | M07 | Pixel Pandas(_0=21, _1=7, Correlation=0.022961280757048015)
2026-08-13 11:27:02 | INFO | M07 | Pixel Pandas(_0=21, _1=8, Correlation=-0.0048281965707375795)
2026-08-13 11:27:02 | INFO | M07 | Pixel Pandas(_0=21, _1=9, Correlation=-0.09495928607102652)
2026-08-13 11:27:02 | INFO | M07 | Pixel Pandas(_0=21, _1=10, Correlation=0.07112751744286389)
2026-08-13 11:27:02 | INFO | M07 | Pixel Pandas(_0=21, _1=11, Correlation=-0.23966075810682172)
2026-08-13 11:27:02 | INFO | M07 | Pixel Pandas(_0=21, _1=12, Correlation=0.15701162309115813)
2026-08-13 11:27:02 | INFO | M07 | Pixel Pandas(_0=21, _1=13, Correlation=0.7325051661188714)
2026-08-13 11:27:02 | INFO | M07 | Pixel Pandas(_0=21, _1=14, Correlation=0.27190194759003505)
2026-08-13 11:27:02 | INFO | M07 | Pixel Pandas(_0=21, _1=15, Correlation=-0.017626740503647067)
2026-08-13 11:27:02 | INFO | M07 | Pixel Pandas(_0=21, _1=16, Correlation=-0.03029706411912451)
2026-08-13 11:27:02 | INFO | M07 | Pixel Pandas(_0=21, _1=17, Correlation=-0.04920554919232441)
2026-08-13 11:27:02 | INFO | M07 | Pixel Pandas(_0=21, _1=18, Correlation=-0.08559610381024389)
2026-08-13 11:27:02 | INFO | M07 | Pixel Pandas(_0=21, _1=19, Correlation=-0.24348225525842038)
2026-08-13 11:27:02 | INFO | M07 | Pixel Pandas(_0=21, _1=20, Correlation=0.15281274950045518)
2026-08-13 11:27:02 | INFO | M07 | Pixel Pandas(_0=21, _1=21, Correlation=1.0)
2026-08-13 11:27:02 | INFO | M07 | Pixel Pandas(_0=21, _1=22, Correlation=0.30670617855354465)
2026-08-13 11:27:02 | INFO | M07 | Pixel Pandas(_0=21, _1=23, Correlation=-0.044977816459075705)
2026-08-13 11:27:02 | INFO | M07 | Pixel Pandas(_0=21, _1=24, Correlation=-0.04205787036497977)
2026-08-13 11:27:02 | INFO | M07 | Pixel Pandas(_0=21, _1=25, Correlation=-0.11642792399532143)
2026-08-13 11:27:02 | INFO | M07 | Pixel Pandas(_0=21, _1=26, Correlation=-0.20744751725641117)
2026-08-13 11:27:02 | INFO | M07 | Pixel Pandas(_0=21, _1=27, Correlation=-0.14366605251663503)
2026-08-13 11:27:02 | INFO | M07 | Pixel Pandas(_0=21, _1=28, Correlation=0.21852631045565307)
2026-08-13 11:27:02 | INFO | M07 | Pixel Pandas(_0=21, _1=29, Correlation=0.6255280805721358)
2026-08-13 11:27:02 | INFO | M07 | Pixel Pandas(_0=21, _1=30, Correlation=0.24633587102144397)
2026-08-13 11:27:02 | INFO | M07 | Pixel Pandas(_0=21, _1=31, Correlation=-0.009958964890021734)
2026-08-13 11:27:02 | INFO | M07 | Pixel Pandas(_0=21, _1=32, Correlation=nan)
2026-08-13 11:27:02 | INFO | M07 | Pixel Pandas(_0=21, _1=33, Correlation=-0.11835617515488275)
2026-08-13 11:27:02 | INFO | M07 | Pixel Pandas(_0=21, _1=34, Correlation=-0.2097669866747844)
2026-08-13 11:27:02 | INFO | M07 | Pixel Pandas(_0=21, _1=35, Correlation=-0.22567149302689407)
2026-08-13 11:27:02 | INFO | M07 | Pixel Pandas(_0=21, _1=36, Correlation=-0.09877097207981404)
2026-08-13 11:27:02 | INFO | M07 | Pixel Pandas(_0=21, _1=37, Correlation=0.13908106838722714)
2026-08-13 11:27:02 | INFO | M07 | Pixel Pandas(_0=21, _1=38, Correlation=0.1809294477448904)
2026-08-13 11:27:02 | INFO | M07 | Pixel Pandas(_0=21, _1=39, Correlation=nan)
2026-08-13 11:27:02 | INFO | M07 | Pixel Pandas(_0=21, _1=40, Correlation=-0.05068255031204366)
2026-08-13 11:27:02 | INFO | M07 | Pixel Pandas(_0=21, _1=41, Correlation=-0.05552644331378449)
2026-08-13 11:27:02 | INFO | M07 | Pixel Pandas(_0=21, _1=42, Correlation=-0.09581215084524279)
2026-08-13 11:27:02 | INFO | M07 | Pixel Pandas(_0=21, _1=43, Correlation=-0.22628622805706078)
2026-08-13 11:27:02 | INFO | M07 | Pixel Pandas(_0=21, _1=44, Correlation=-0.0407640405846245)
2026-08-13 11:27:02 | INFO | M07 | Pixel Pandas(_0=21, _1=45, Correlation=0.09443097966877455)
2026-08-13 11:27:02 | INFO | M07 | Pixel Pandas(_0=21, _1=46, Correlation=-0.07464347847446486)
2026-08-13 11:27:02 | INFO | M07 | Pixel Pandas(_0=21, _1=47, Correlation=-0.08755090647735782)
2026-08-13 11:27:02 | INFO | M07 | Pixel Pandas(_0=21, _1=48, Correlation=-0.017809495958462294)
2026-08-13 11:27:02 | INFO | M07 | Pixel Pandas(_0=21, _1=49, Correlation=-0.03873513533418073)
2026-08-13 11:27:02 | INFO | M07 | Pixel Pandas(_0=21, _1=50, Correlation=-0.051119088045333)
2026-08-13 11:27:02 | INFO | M07 | Pixel Pandas(_0=21, _1=51, Correlation=-0.16680451257308723)
2026-08-13 11:27:02 | INFO | M07 | Pixel Pandas(_0=21, _1=52, Correlation=-0.05358308843212582)
2026-08-13 11:27:02 | INFO | M07 | Pixel Pandas(_0=21, _1=53, Correlation=0.049128518734465255)
2026-08-13 11:27:02 | INFO | M07 | Pixel Pandas(_0=21, _1=54, Correlation=-0.21356380084790663)
2026-08-13 11:27:02 | INFO | M07 | Pixel Pandas(_0=21, _1=55, Correlation=-0.14503856194452489)
2026-08-13 11:27:02 | INFO | M07 | Pixel Pandas(_0=21, _1=56, Correlation=0.0273976511838981)
2026-08-13 11:27:02 | INFO | M07 | Pixel Pandas(_0=21, _1=57, Correlation=-0.17287814859455788)
2026-08-13 11:27:02 | INFO | M07 | Pixel Pandas(_0=21, _1=58, Correlation=-0.08081109352334839)
2026-08-13 11:27:02 | INFO | M07 | Pixel Pandas(_0=21, _1=59, Correlation=-0.015588068780545113)
2026-08-13 11:27:02 | INFO | M07 | Pixel Pandas(_0=21, _1=60, Correlation=-0.12051738494344204)
2026-08-13 11:27:02 | INFO | M07 | Pixel Pandas(_0=21, _1=61, Correlation=-0.0789952478805149)
2026-08-13 11:27:02 | INFO | M07 | Pixel Pandas(_0=21, _1=62, Correlation=-0.1725560886172129)
2026-08-13 11:27:02 | INFO | M07 | Pixel Pandas(_0=21, _1=63, Correlation=-0.09994045825838434)
2026-08-13 11:27:02 | INFO | M07 | Pixel Pandas(_0=22, _1=0, Correlation=nan)
2026-08-13 11:27:02 | INFO | M07 | Pixel Pandas(_0=22, _1=1, Correlation=-0.1313299706063642)
2026-08-13 11:27:02 | INFO | M07 | Pixel Pandas(_0=22, _1=2, Correlation=-0.21765704157377713)
2026-08-13 11:27:02 | INFO | M07 | Pixel Pandas(_0=22, _1=3, Correlation=-0.2248924928535101)
2026-08-13 11:27:02 | INFO | M07 | Pixel Pandas(_0=22, _1=4, Correlation=0.07833284317733033)
2026-08-13 11:27:02 | INFO | M07 | Pixel Pandas(_0=22, _1=5, Correlation=0.16009207418354535)
2026-08-13 11:27:02 | INFO | M07 | Pixel Pandas(_0=22, _1=6, Correlation=0.2969294640007714)
2026-08-13 11:27:02 | INFO | M07 | Pixel Pandas(_0=22, _1=7, Correlation=0.3085934803191144)
2026-08-13 11:27:02 | INFO | M07 | Pixel Pandas(_0=22, _1=8, Correlation=-0.03242208611321987)
2026-08-13 11:27:02 | INFO | M07 | Pixel Pandas(_0=22, _1=9, Correlation=-0.20907394095463605)
2026-08-13 11:27:02 | INFO | M07 | Pixel Pandas(_0=22, _1=10, Correlation=-0.13306783950029255)
2026-08-13 11:27:02 | INFO | M07 | Pixel Pandas(_0=22, _1=11, Correlation=0.006448796595442719)
2026-08-13 11:27:02 | INFO | M07 | Pixel Pandas(_0=22, _1=12, Correlation=-0.1029540386801497)
2026-08-13 11:27:02 | INFO | M07 | Pixel Pandas(_0=22, _1=13, Correlation=0.16831512485262723)
2026-08-13 11:27:02 | INFO | M07 | Pixel Pandas(_0=22, _1=14, Correlation=0.5894022696490411)
2026-08-13 11:27:02 | INFO | M07 | Pixel Pandas(_0=22, _1=15, Correlation=0.4365442036848901)
2026-08-13 11:27:02 | INFO | M07 | Pixel Pandas(_0=22, _1=16, Correlation=-0.024490484016136203)
2026-08-13 11:27:02 | INFO | M07 | Pixel Pandas(_0=22, _1=17, Correlation=-0.1137347349632426)
2026-08-13 11:27:02 | INFO | M07 | Pixel Pandas(_0=22, _1=18, Correlation=0.05274060903045811)
2026-08-13 11:27:02 | INFO | M07 | Pixel Pandas(_0=22, _1=19, Correlation=-0.032253530983962844)
2026-08-13 11:27:02 | INFO | M07 | Pixel Pandas(_0=22, _1=20, Correlation=-0.28936927999191575)
2026-08-13 11:27:02 | INFO | M07 | Pixel Pandas(_0=22, _1=21, Correlation=0.30670617855354465)
2026-08-13 11:27:02 | INFO | M07 | Pixel Pandas(_0=22, _1=22, Correlation=1.0)
2026-08-13 11:27:02 | INFO | M07 | Pixel Pandas(_0=22, _1=23, Correlation=0.45486437578413924)
2026-08-13 11:27:02 | INFO | M07 | Pixel Pandas(_0=22, _1=24, Correlation=-0.018318976163633212)
2026-08-13 11:27:02 | INFO | M07 | Pixel Pandas(_0=22, _1=25, Correlation=0.07281885896103991)
2026-08-13 11:27:02 | INFO | M07 | Pixel Pandas(_0=22, _1=26, Correlation=0.11438270177102636)
2026-08-13 11:27:02 | INFO | M07 | Pixel Pandas(_0=22, _1=27, Correlation=-0.13741202537008818)
2026-08-13 11:27:02 | INFO | M07 | Pixel Pandas(_0=22, _1=28, Correlation=-0.18522822623052815)
2026-08-13 11:27:02 | INFO | M07 | Pixel Pandas(_0=22, _1=29, Correlation=0.44641002348352377)
2026-08-13 11:27:02 | INFO | M07 | Pixel Pandas(_0=22, _1=30, Correlation=0.5783550061275893)
2026-08-13 11:27:02 | INFO | M07 | Pixel Pandas(_0=22, _1=31, Correlation=0.16611182870334884)
2026-08-13 11:27:02 | INFO | M07 | Pixel Pandas(_0=22, _1=32, Correlation=nan)
2026-08-13 11:27:02 | INFO | M07 | Pixel Pandas(_0=22, _1=33, Correlation=0.16116469563310118)
2026-08-13 11:27:02 | INFO | M07 | Pixel Pandas(_0=22, _1=34, Correlation=0.08454234445733777)
2026-08-13 11:27:02 | INFO | M07 | Pixel Pandas(_0=22, _1=35, Correlation=-0.12064729857827829)
2026-08-13 11:27:02 | INFO | M07 | Pixel Pandas(_0=22, _1=36, Correlation=-0.0940266153708016)
2026-08-13 11:27:02 | INFO | M07 | Pixel Pandas(_0=22, _1=37, Correlation=0.21846089797495016)
2026-08-13 11:27:02 | INFO | M07 | Pixel Pandas(_0=22, _1=38, Correlation=0.16357125596514022)
2026-08-13 11:27:02 | INFO | M07 | Pixel Pandas(_0=22, _1=39, Correlation=nan)
2026-08-13 11:27:02 | INFO | M07 | Pixel Pandas(_0=22, _1=40, Correlation=0.05103805889480454)
2026-08-13 11:27:02 | INFO | M07 | Pixel Pandas(_0=22, _1=41, Correlation=0.12440488468694814)
2026-08-13 11:27:02 | INFO | M07 | Pixel Pandas(_0=22, _1=42, Correlation=-0.022912463267667504)
2026-08-13 11:27:02 | INFO | M07 | Pixel Pandas(_0=22, _1=43, Correlation=-0.15260987373604018)
2026-08-13 11:27:02 | INFO | M07 | Pixel Pandas(_0=22, _1=44, Correlation=0.0814361062408005)
2026-08-13 11:27:02 | INFO | M07 | Pixel Pandas(_0=22, _1=45, Correlation=0.1437926085773546)
2026-08-13 11:27:02 | INFO | M07 | Pixel Pandas(_0=22, _1=46, Correlation=-0.15233154846870536)
2026-08-13 11:27:02 | INFO | M07 | Pixel Pandas(_0=22, _1=47, Correlation=-0.0442561666910685)
2026-08-13 11:27:02 | INFO | M07 | Pixel Pandas(_0=22, _1=48, Correlation=0.047462087391898194)
2026-08-13 11:27:02 | INFO | M07 | Pixel Pandas(_0=22, _1=49, Correlation=-0.02428652620484297)
2026-08-13 11:27:02 | INFO | M07 | Pixel Pandas(_0=22, _1=50, Correlation=-0.15945048726670683)
2026-08-13 11:27:02 | INFO | M07 | Pixel Pandas(_0=22, _1=51, Correlation=-0.19858254384166593)
2026-08-13 11:27:02 | INFO | M07 | Pixel Pandas(_0=22, _1=52, Correlation=0.10792379083814228)
2026-08-13 11:27:02 | INFO | M07 | Pixel Pandas(_0=22, _1=53, Correlation=-0.06643231174841281)
2026-08-13 11:27:02 | INFO | M07 | Pixel Pandas(_0=22, _1=54, Correlation=-0.27208264672633176)
2026-08-13 11:27:02 | INFO | M07 | Pixel Pandas(_0=22, _1=55, Correlation=-0.10437368045348608)
2026-08-13 11:27:02 | INFO | M07 | Pixel Pandas(_0=22, _1=56, Correlation=-0.012949865567062775)
2026-08-13 11:27:02 | INFO | M07 | Pixel Pandas(_0=22, _1=57, Correlation=-0.11276712280795236)
2026-08-13 11:27:02 | INFO | M07 | Pixel Pandas(_0=22, _1=58, Correlation=-0.21575663440855025)
2026-08-13 11:27:02 | INFO | M07 | Pixel Pandas(_0=22, _1=59, Correlation=-0.13025469154728464)
2026-08-13 11:27:02 | INFO | M07 | Pixel Pandas(_0=22, _1=60, Correlation=-0.07991619787648252)
2026-08-13 11:27:02 | INFO | M07 | Pixel Pandas(_0=22, _1=61, Correlation=-0.22447003341126814)
2026-08-13 11:27:02 | INFO | M07 | Pixel Pandas(_0=22, _1=62, Correlation=-0.20369092273655692)
2026-08-13 11:27:02 | INFO | M07 | Pixel Pandas(_0=22, _1=63, Correlation=-0.09324558985533013)
2026-08-13 11:27:02 | INFO | M07 | Pixel Pandas(_0=23, _1=0, Correlation=nan)
2026-08-13 11:27:02 | INFO | M07 | Pixel Pandas(_0=23, _1=1, Correlation=-0.03826620090635278)
2026-08-13 11:27:02 | INFO | M07 | Pixel Pandas(_0=23, _1=2, Correlation=-0.11892496531641716)
2026-08-13 11:27:02 | INFO | M07 | Pixel Pandas(_0=23, _1=3, Correlation=-0.1497579938679959)
2026-08-13 11:27:02 | INFO | M07 | Pixel Pandas(_0=23, _1=4, Correlation=0.023887010855539695)
2026-08-13 11:27:02 | INFO | M07 | Pixel Pandas(_0=23, _1=5, Correlation=-0.00523512531970324)
2026-08-13 11:27:02 | INFO | M07 | Pixel Pandas(_0=23, _1=6, Correlation=0.12153511591008367)
2026-08-13 11:27:02 | INFO | M07 | Pixel Pandas(_0=23, _1=7, Correlation=0.28308799655350336)
2026-08-13 11:27:02 | INFO | M07 | Pixel Pandas(_0=23, _1=8, Correlation=-0.006747947506385678)
2026-08-13 11:27:02 | INFO | M07 | Pixel Pandas(_0=23, _1=9, Correlation=-0.07127548854507253)
2026-08-13 11:27:02 | INFO | M07 | Pixel Pandas(_0=23, _1=10, Correlation=-0.14199598856119636)
2026-08-13 11:27:02 | INFO | M07 | Pixel Pandas(_0=23, _1=11, Correlation=0.06155159139184848)
2026-08-13 11:27:02 | INFO | M07 | Pixel Pandas(_0=23, _1=12, Correlation=-0.039321861897476905)
2026-08-13 11:27:02 | INFO | M07 | Pixel Pandas(_0=23, _1=13, Correlation=-0.09392244596381438)
2026-08-13 11:27:02 | INFO | M07 | Pixel Pandas(_0=23, _1=14, Correlation=0.22400652027127782)
2026-08-13 11:27:02 | INFO | M07 | Pixel Pandas(_0=23, _1=15, Correlation=0.6582430180039346)
2026-08-13 11:27:02 | INFO | M07 | Pixel Pandas(_0=23, _1=16, Correlation=-0.00509715815230905)
2026-08-13 11:27:02 | INFO | M07 | Pixel Pandas(_0=23, _1=17, Correlation=-0.06323469829975752)
2026-08-13 11:27:02 | INFO | M07 | Pixel Pandas(_0=23, _1=18, Correlation=0.00551326646567466)
2026-08-13 11:27:02 | INFO | M07 | Pixel Pandas(_0=23, _1=19, Correlation=0.05199242550015066)
2026-08-13 11:27:02 | INFO | M07 | Pixel Pandas(_0=23, _1=20, Correlation=-0.10479768271304718)
2026-08-13 11:27:02 | INFO | M07 | Pixel Pandas(_0=23, _1=21, Correlation=-0.044977816459075705)
2026-08-13 11:27:02 | INFO | M07 | Pixel Pandas(_0=23, _1=22, Correlation=0.45486437578413924)
2026-08-13 11:27:02 | INFO | M07 | Pixel Pandas(_0=23, _1=23, Correlation=1.0)
2026-08-13 11:27:02 | INFO | M07 | Pixel Pandas(_0=23, _1=24, Correlation=-0.0038126938868539885)
2026-08-13 11:27:02 | INFO | M07 | Pixel Pandas(_0=23, _1=25, Correlation=0.04951587433652577)
2026-08-13 11:27:02 | INFO | M07 | Pixel Pandas(_0=23, _1=26, Correlation=0.0639220909253417)
2026-08-13 11:27:02 | INFO | M07 | Pixel Pandas(_0=23, _1=27, Correlation=0.007569257326844005)
2026-08-13 11:27:02 | INFO | M07 | Pixel Pandas(_0=23, _1=28, Correlation=-0.026503411846121077)
2026-08-13 11:27:02 | INFO | M07 | Pixel Pandas(_0=23, _1=29, Correlation=0.11681253182994378)
2026-08-13 11:27:02 | INFO | M07 | Pixel Pandas(_0=23, _1=30, Correlation=0.300080103132023)
2026-08-13 11:27:02 | INFO | M07 | Pixel Pandas(_0=23, _1=31, Correlation=0.4524131754626639)
2026-08-13 11:27:02 | INFO | M07 | Pixel Pandas(_0=23, _1=32, Correlation=nan)
2026-08-13 11:27:02 | INFO | M07 | Pixel Pandas(_0=23, _1=33, Correlation=0.08551658712421135)
2026-08-13 11:27:02 | INFO | M07 | Pixel Pandas(_0=23, _1=34, Correlation=0.09232068374488075)
2026-08-13 11:27:02 | INFO | M07 | Pixel Pandas(_0=23, _1=35, Correlation=0.06491613138973215)
2026-08-13 11:27:02 | INFO | M07 | Pixel Pandas(_0=23, _1=36, Correlation=0.04853613536974739)
2026-08-13 11:27:02 | INFO | M07 | Pixel Pandas(_0=23, _1=37, Correlation=0.11807683406083172)
2026-08-13 11:27:02 | INFO | M07 | Pixel Pandas(_0=23, _1=38, Correlation=0.04743180334387225)
2026-08-13 11:27:02 | INFO | M07 | Pixel Pandas(_0=23, _1=39, Correlation=nan)
2026-08-13 11:27:02 | INFO | M07 | Pixel Pandas(_0=23, _1=40, Correlation=0.010480985514412546)
2026-08-13 11:27:02 | INFO | M07 | Pixel Pandas(_0=23, _1=41, Correlation=0.0018998477201523382)
2026-08-13 11:27:02 | INFO | M07 | Pixel Pandas(_0=23, _1=42, Correlation=-0.059675177297541876)
2026-08-13 11:27:02 | INFO | M07 | Pixel Pandas(_0=23, _1=43, Correlation=-0.0590330503612197)
2026-08-13 11:27:02 | INFO | M07 | Pixel Pandas(_0=23, _1=44, Correlation=0.06581133126430118)
2026-08-13 11:27:02 | INFO | M07 | Pixel Pandas(_0=23, _1=45, Correlation=0.05008697353400569)
2026-08-13 11:27:02 | INFO | M07 | Pixel Pandas(_0=23, _1=46, Correlation=-0.07388609653865519)
2026-08-13 11:27:02 | INFO | M07 | Pixel Pandas(_0=23, _1=47, Correlation=-0.010136231142637715)
2026-08-13 11:27:02 | INFO | M07 | Pixel Pandas(_0=23, _1=48, Correlation=0.04568206640918556)
2026-08-13 11:27:02 | INFO | M07 | Pixel Pandas(_0=23, _1=49, Correlation=-0.034464788205081004)
2026-08-13 11:27:02 | INFO | M07 | Pixel Pandas(_0=23, _1=50, Correlation=-0.14722977030793125)
2026-08-13 11:27:02 | INFO | M07 | Pixel Pandas(_0=23, _1=51, Correlation=-0.12375133382087675)
2026-08-13 11:27:02 | INFO | M07 | Pixel Pandas(_0=23, _1=52, Correlation=0.09566243951665383)
2026-08-13 11:27:02 | INFO | M07 | Pixel Pandas(_0=23, _1=53, Correlation=-0.0794094495881537)
2026-08-13 11:27:02 | INFO | M07 | Pixel Pandas(_0=23, _1=54, Correlation=-0.08651571482113925)
2026-08-13 11:27:02 | INFO | M07 | Pixel Pandas(_0=23, _1=55, Correlation=-0.02396204402165739)
2026-08-13 11:27:02 | INFO | M07 | Pixel Pandas(_0=23, _1=56, Correlation=-0.002695231045779625)
2026-08-13 11:27:02 | INFO | M07 | Pixel Pandas(_0=23, _1=57, Correlation=-0.03416162290337189)
2026-08-13 11:27:02 | INFO | M07 | Pixel Pandas(_0=23, _1=58, Correlation=-0.11846083315525675)
2026-08-13 11:27:02 | INFO | M07 | Pixel Pandas(_0=23, _1=59, Correlation=-0.1108557934447939)
2026-08-13 11:27:02 | INFO | M07 | Pixel Pandas(_0=23, _1=60, Correlation=-0.0027842948419321495)
2026-08-13 11:27:02 | INFO | M07 | Pixel Pandas(_0=23, _1=61, Correlation=-0.10730632251583223)
2026-08-13 11:27:02 | INFO | M07 | Pixel Pandas(_0=23, _1=62, Correlation=-0.057758537248174806)
2026-08-13 11:27:02 | INFO | M07 | Pixel Pandas(_0=23, _1=63, Correlation=-0.02238834019688808)
2026-08-13 11:27:02 | INFO | M07 | Pixel Pandas(_0=24, _1=0, Correlation=nan)
2026-08-13 11:27:02 | INFO | M07 | Pixel Pandas(_0=24, _1=1, Correlation=-0.011182758651897594)
2026-08-13 11:27:02 | INFO | M07 | Pixel Pandas(_0=24, _1=2, Correlation=-0.03654869217353598)
2026-08-13 11:27:02 | INFO | M07 | Pixel Pandas(_0=24, _1=3, Correlation=-0.0026391390644131918)
2026-08-13 11:27:02 | INFO | M07 | Pixel Pandas(_0=24, _1=4, Correlation=0.008970840257811502)
2026-08-13 11:27:02 | INFO | M07 | Pixel Pandas(_0=24, _1=5, Correlation=-0.02228436941914781)
2026-08-13 11:27:02 | INFO | M07 | Pixel Pandas(_0=24, _1=6, Correlation=-0.013676472339314601)
2026-08-13 11:27:02 | INFO | M07 | Pixel Pandas(_0=24, _1=7, Correlation=-0.004173230961388268)
2026-08-13 11:27:02 | INFO | M07 | Pixel Pandas(_0=24, _1=8, Correlation=-0.001971992687339336)
2026-08-13 11:27:02 | INFO | M07 | Pixel Pandas(_0=24, _1=9, Correlation=6.394692778822393e-05)
2026-08-13 11:27:02 | INFO | M07 | Pixel Pandas(_0=24, _1=10, Correlation=0.006883534529083994)
2026-08-13 11:27:02 | INFO | M07 | Pixel Pandas(_0=24, _1=11, Correlation=0.03375037293016682)
2026-08-13 11:27:02 | INFO | M07 | Pixel Pandas(_0=24, _1=12, Correlation=0.018993466194080984)
2026-08-13 11:27:02 | INFO | M07 | Pixel Pandas(_0=24, _1=13, Correlation=-0.03958303654672861)
2026-08-13 11:27:02 | INFO | M07 | Pixel Pandas(_0=24, _1=14, Correlation=-0.0171902739116393)
2026-08-13 11:27:02 | INFO | M07 | Pixel Pandas(_0=24, _1=15, Correlation=-0.004353830546380558)
2026-08-13 11:27:02 | INFO | M07 | Pixel Pandas(_0=24, _1=16, Correlation=0.5338628671533684)
2026-08-13 11:27:02 | INFO | M07 | Pixel Pandas(_0=24, _1=17, Correlation=0.11575417300585501)
2026-08-13 11:27:02 | INFO | M07 | Pixel Pandas(_0=24, _1=18, Correlation=0.03577147018361455)
2026-08-13 11:27:02 | INFO | M07 | Pixel Pandas(_0=24, _1=19, Correlation=0.04607431913143367)
2026-08-13 11:27:02 | INFO | M07 | Pixel Pandas(_0=24, _1=20, Correlation=-0.003232762429831944)
2026-08-13 11:27:02 | INFO | M07 | Pixel Pandas(_0=24, _1=21, Correlation=-0.04205787036497977)
2026-08-13 11:27:02 | INFO | M07 | Pixel Pandas(_0=24, _1=22, Correlation=-0.018318976163633212)
2026-08-13 11:27:02 | INFO | M07 | Pixel Pandas(_0=24, _1=23, Correlation=-0.0038126938868539885)
2026-08-13 11:27:02 | INFO | M07 | Pixel Pandas(_0=24, _1=24, Correlation=1.0)
2026-08-13 11:27:02 | INFO | M07 | Pixel Pandas(_0=24, _1=25, Correlation=0.11174120213500492)
2026-08-13 11:27:02 | INFO | M07 | Pixel Pandas(_0=24, _1=26, Correlation=0.02916526257676346)
2026-08-13 11:27:02 | INFO | M07 | Pixel Pandas(_0=24, _1=27, Correlation=0.006689403025912645)
2026-08-13 11:27:02 | INFO | M07 | Pixel Pandas(_0=24, _1=28, Correlation=-0.007745249099912959)
2026-08-13 11:27:02 | INFO | M07 | Pixel Pandas(_0=24, _1=29, Correlation=-0.01734947265792565)
2026-08-13 11:27:02 | INFO | M07 | Pixel Pandas(_0=24, _1=30, Correlation=-0.02099237243116918)
2026-08-13 11:27:02 | INFO | M07 | Pixel Pandas(_0=24, _1=31, Correlation=-0.0015766039933982632)
2026-08-13 11:27:02 | INFO | M07 | Pixel Pandas(_0=24, _1=32, Correlation=nan)
2026-08-13 11:27:02 | INFO | M07 | Pixel Pandas(_0=24, _1=33, Correlation=0.001540194891506752)
2026-08-13 11:27:02 | INFO | M07 | Pixel Pandas(_0=24, _1=34, Correlation=0.0228734094537502)
2026-08-13 11:27:02 | INFO | M07 | Pixel Pandas(_0=24, _1=35, Correlation=0.03690360787015659)
2026-08-13 11:27:02 | INFO | M07 | Pixel Pandas(_0=24, _1=36, Correlation=-0.010138066017016424)
2026-08-13 11:27:02 | INFO | M07 | Pixel Pandas(_0=24, _1=37, Correlation=-0.02698136651647685)
2026-08-13 11:27:02 | INFO | M07 | Pixel Pandas(_0=24, _1=38, Correlation=-0.02746131773016566)
2026-08-13 11:27:02 | INFO | M07 | Pixel Pandas(_0=24, _1=39, Correlation=nan)
2026-08-13 11:27:02 | INFO | M07 | Pixel Pandas(_0=24, _1=40, Correlation=-0.0020476348786442103)
2026-08-13 11:27:02 | INFO | M07 | Pixel Pandas(_0=24, _1=41, Correlation=-0.017734117777177687)
2026-08-13 11:27:02 | INFO | M07 | Pixel Pandas(_0=24, _1=42, Correlation=-0.012162047411665242)
2026-08-13 11:27:02 | INFO | M07 | Pixel Pandas(_0=24, _1=43, Correlation=0.03769374775761796)
2026-08-13 11:27:02 | INFO | M07 | Pixel Pandas(_0=24, _1=44, Correlation=0.004415420843246108)
2026-08-13 11:27:02 | INFO | M07 | Pixel Pandas(_0=24, _1=45, Correlation=-0.04535389474005645)
2026-08-13 11:27:02 | INFO | M07 | Pixel Pandas(_0=24, _1=46, Correlation=-0.02664610916974868)
2026-08-13 11:27:02 | INFO | M07 | Pixel Pandas(_0=24, _1=47, Correlation=-0.00296217089293409)
2026-08-13 11:27:02 | INFO | M07 | Pixel Pandas(_0=24, _1=48, Correlation=-0.0011827526078154553)
2026-08-13 11:27:02 | INFO | M07 | Pixel Pandas(_0=24, _1=49, Correlation=-0.013471222569739379)
2026-08-13 11:27:02 | INFO | M07 | Pixel Pandas(_0=24, _1=50, Correlation=-0.04144840875607312)
2026-08-13 11:27:02 | INFO | M07 | Pixel Pandas(_0=24, _1=51, Correlation=0.022106906214521087)
2026-08-13 11:27:02 | INFO | M07 | Pixel Pandas(_0=24, _1=52, Correlation=-0.0026212803431080903)
2026-08-13 11:27:02 | INFO | M07 | Pixel Pandas(_0=24, _1=53, Correlation=-0.04848777485468437)
2026-08-13 11:27:02 | INFO | M07 | Pixel Pandas(_0=24, _1=54, Correlation=-0.02528300002419596)
2026-08-13 11:27:02 | INFO | M07 | Pixel Pandas(_0=24, _1=55, Correlation=-0.007002570120721242)
2026-08-13 11:27:02 | INFO | M07 | Pixel Pandas(_0=24, _1=56, Correlation=-0.0007876433401323533)
2026-08-13 11:27:02 | INFO | M07 | Pixel Pandas(_0=24, _1=57, Correlation=-0.00998325349883702)
2026-08-13 11:27:02 | INFO | M07 | Pixel Pandas(_0=24, _1=58, Correlation=-0.0363633092759391)
2026-08-13 11:27:02 | INFO | M07 | Pixel Pandas(_0=24, _1=59, Correlation=-0.0006795600941189967)
2026-08-13 11:27:02 | INFO | M07 | Pixel Pandas(_0=24, _1=60, Correlation=0.008058882595539133)
2026-08-13 11:27:02 | INFO | M07 | Pixel Pandas(_0=24, _1=61, Correlation=-0.03827477825196734)
2026-08-13 11:27:02 | INFO | M07 | Pixel Pandas(_0=24, _1=62, Correlation=-0.016879119610375224)
2026-08-13 11:27:02 | INFO | M07 | Pixel Pandas(_0=24, _1=63, Correlation=-0.006542677326423924)
2026-08-13 11:27:02 | INFO | M07 | Pixel Pandas(_0=25, _1=0, Correlation=nan)
2026-08-13 11:27:02 | INFO | M07 | Pixel Pandas(_0=25, _1=1, Correlation=-0.0859111775595869)
2026-08-13 11:27:02 | INFO | M07 | Pixel Pandas(_0=25, _1=2, Correlation=-0.15309961577052245)
2026-08-13 11:27:02 | INFO | M07 | Pixel Pandas(_0=25, _1=3, Correlation=-0.10926049303925262)
2026-08-13 11:27:02 | INFO | M07 | Pixel Pandas(_0=25, _1=4, Correlation=0.027043073654046353)
2026-08-13 11:27:02 | INFO | M07 | Pixel Pandas(_0=25, _1=5, Correlation=0.03510445020648181)
2026-08-13 11:27:02 | INFO | M07 | Pixel Pandas(_0=25, _1=6, Correlation=-0.0024345521700403347)
2026-08-13 11:27:02 | INFO | M07 | Pixel Pandas(_0=25, _1=7, Correlation=-0.053976514806756096)
2026-08-13 11:27:02 | INFO | M07 | Pixel Pandas(_0=25, _1=8, Correlation=0.015594125952608532)
2026-08-13 11:27:02 | INFO | M07 | Pixel Pandas(_0=25, _1=9, Correlation=-0.035534919837519684)
2026-08-13 11:27:02 | INFO | M07 | Pixel Pandas(_0=25, _1=10, Correlation=0.06933757717723224)
2026-08-13 11:27:02 | INFO | M07 | Pixel Pandas(_0=25, _1=11, Correlation=0.12818783788102128)
2026-08-13 11:27:02 | INFO | M07 | Pixel Pandas(_0=25, _1=12, Correlation=-0.16138135295289313)
2026-08-13 11:27:02 | INFO | M07 | Pixel Pandas(_0=25, _1=13, Correlation=-0.12440438617666995)
2026-08-13 11:27:02 | INFO | M07 | Pixel Pandas(_0=25, _1=14, Correlation=-0.0770897011973644)
2026-08-13 11:27:02 | INFO | M07 | Pixel Pandas(_0=25, _1=15, Correlation=-0.01562751454934392)
2026-08-13 11:27:02 | INFO | M07 | Pixel Pandas(_0=25, _1=16, Correlation=0.052919368836016674)
2026-08-13 11:27:02 | INFO | M07 | Pixel Pandas(_0=25, _1=17, Correlation=0.4295971464291564)
2026-08-13 11:27:02 | INFO | M07 | Pixel Pandas(_0=25, _1=18, Correlation=0.46868641402587535)
2026-08-13 11:27:02 | INFO | M07 | Pixel Pandas(_0=25, _1=19, Correlation=-0.04424558716337695)
2026-08-13 11:27:02 | INFO | M07 | Pixel Pandas(_0=25, _1=20, Correlation=-0.3299893196040538)
2026-08-13 11:27:02 | INFO | M07 | Pixel Pandas(_0=25, _1=21, Correlation=-0.11642792399532143)
2026-08-13 11:27:02 | INFO | M07 | Pixel Pandas(_0=25, _1=22, Correlation=0.07281885896103991)
2026-08-13 11:27:02 | INFO | M07 | Pixel Pandas(_0=25, _1=23, Correlation=0.04951587433652577)
2026-08-13 11:27:02 | INFO | M07 | Pixel Pandas(_0=25, _1=24, Correlation=0.11174120213500492)
2026-08-13 11:27:02 | INFO | M07 | Pixel Pandas(_0=25, _1=25, Correlation=1.0)
2026-08-13 11:27:02 | INFO | M07 | Pixel Pandas(_0=25, _1=26, Correlation=0.5839281739490672)
2026-08-13 11:27:02 | INFO | M07 | Pixel Pandas(_0=25, _1=27, Correlation=-0.22298470828588268)
2026-08-13 11:27:02 | INFO | M07 | Pixel Pandas(_0=25, _1=28, Correlation=-0.3018843414166854)
2026-08-13 11:27:02 | INFO | M07 | Pixel Pandas(_0=25, _1=29, Correlation=0.019241232031942196)
2026-08-13 11:27:02 | INFO | M07 | Pixel Pandas(_0=25, _1=30, Correlation=0.16698753120905713)
2026-08-13 11:27:02 | INFO | M07 | Pixel Pandas(_0=25, _1=31, Correlation=0.03423937971811135)
2026-08-13 11:27:02 | INFO | M07 | Pixel Pandas(_0=25, _1=32, Correlation=nan)
2026-08-13 11:27:02 | INFO | M07 | Pixel Pandas(_0=25, _1=33, Correlation=0.503630658482792)
2026-08-13 11:27:02 | INFO | M07 | Pixel Pandas(_0=25, _1=34, Correlation=0.2999802547839138)
2026-08-13 11:27:02 | INFO | M07 | Pixel Pandas(_0=25, _1=35, Correlation=-0.16013511446387743)
2026-08-13 11:27:02 | INFO | M07 | Pixel Pandas(_0=25, _1=36, Correlation=-0.17209542978975534)
2026-08-13 11:27:02 | INFO | M07 | Pixel Pandas(_0=25, _1=37, Correlation=0.08180749935290824)
2026-08-13 11:27:02 | INFO | M07 | Pixel Pandas(_0=25, _1=38, Correlation=0.16441172231398984)
2026-08-13 11:27:02 | INFO | M07 | Pixel Pandas(_0=25, _1=39, Correlation=nan)
2026-08-13 11:27:02 | INFO | M07 | Pixel Pandas(_0=25, _1=40, Correlation=0.016436052710060982)
2026-08-13 11:27:02 | INFO | M07 | Pixel Pandas(_0=25, _1=41, Correlation=0.15751899861218946)
2026-08-13 11:27:02 | INFO | M07 | Pixel Pandas(_0=25, _1=42, Correlation=0.04842165316951273)
2026-08-13 11:27:02 | INFO | M07 | Pixel Pandas(_0=25, _1=43, Correlation=-0.12652188334307904)
2026-08-13 11:27:02 | INFO | M07 | Pixel Pandas(_0=25, _1=44, Correlation=0.002166493229685349)
2026-08-13 11:27:02 | INFO | M07 | Pixel Pandas(_0=25, _1=45, Correlation=0.11182950906261312)
2026-08-13 11:27:02 | INFO | M07 | Pixel Pandas(_0=25, _1=46, Correlation=-0.008585543976785983)
2026-08-13 11:27:02 | INFO | M07 | Pixel Pandas(_0=25, _1=47, Correlation=-0.06103553775843996)
2026-08-13 11:27:02 | INFO | M07 | Pixel Pandas(_0=25, _1=48, Correlation=-0.017421130366983038)
2026-08-13 11:27:02 | INFO | M07 | Pixel Pandas(_0=25, _1=49, Correlation=-0.09015214894390247)
2026-08-13 11:27:02 | INFO | M07 | Pixel Pandas(_0=25, _1=50, Correlation=-0.10492409612553814)
2026-08-13 11:27:02 | INFO | M07 | Pixel Pandas(_0=25, _1=51, Correlation=-0.0743138824438137)
2026-08-13 11:27:02 | INFO | M07 | Pixel Pandas(_0=25, _1=52, Correlation=0.10705563945690948)
2026-08-13 11:27:02 | INFO | M07 | Pixel Pandas(_0=25, _1=53, Correlation=-0.013090434487167362)
2026-08-13 11:27:02 | INFO | M07 | Pixel Pandas(_0=25, _1=54, Correlation=-0.14478139092703565)
2026-08-13 11:27:02 | INFO | M07 | Pixel Pandas(_0=25, _1=55, Correlation=-0.1055628553724267)
2026-08-13 11:27:02 | INFO | M07 | Pixel Pandas(_0=25, _1=56, Correlation=-0.018525703554930682)
2026-08-13 11:27:02 | INFO | M07 | Pixel Pandas(_0=25, _1=57, Correlation=-0.07495883396479316)
2026-08-13 11:27:02 | INFO | M07 | Pixel Pandas(_0=25, _1=58, Correlation=-0.16348582414121965)
2026-08-13 11:27:02 | INFO | M07 | Pixel Pandas(_0=25, _1=59, Correlation=-0.023911653192400975)
2026-08-13 11:27:02 | INFO | M07 | Pixel Pandas(_0=25, _1=60, Correlation=0.02923320548956681)
2026-08-13 11:27:02 | INFO | M07 | Pixel Pandas(_0=25, _1=61, Correlation=-0.1506010976604235)
2026-08-13 11:27:02 | INFO | M07 | Pixel Pandas(_0=25, _1=62, Correlation=-0.15328084541885878)
2026-08-13 11:27:02 | INFO | M07 | Pixel Pandas(_0=25, _1=63, Correlation=-0.08234834356344882)
2026-08-13 11:27:02 | INFO | M07 | Pixel Pandas(_0=26, _1=0, Correlation=nan)
2026-08-13 11:27:02 | INFO | M07 | Pixel Pandas(_0=26, _1=1, Correlation=-0.14638319864801458)
2026-08-13 11:27:02 | INFO | M07 | Pixel Pandas(_0=26, _1=2, Correlation=-0.3105185721511174)
2026-08-13 11:27:02 | INFO | M07 | Pixel Pandas(_0=26, _1=3, Correlation=-0.2562928077275759)
2026-08-13 11:27:02 | INFO | M07 | Pixel Pandas(_0=26, _1=4, Correlation=-0.06319441280350595)
2026-08-13 11:27:02 | INFO | M07 | Pixel Pandas(_0=26, _1=5, Correlation=-0.042421592203789944)
2026-08-13 11:27:02 | INFO | M07 | Pixel Pandas(_0=26, _1=6, Correlation=0.016022112333718683)
2026-08-13 11:27:02 | INFO | M07 | Pixel Pandas(_0=26, _1=7, Correlation=-0.0255069553021783)
2026-08-13 11:27:02 | INFO | M07 | Pixel Pandas(_0=26, _1=8, Correlation=-0.0037340387624927147)
2026-08-13 11:27:02 | INFO | M07 | Pixel Pandas(_0=26, _1=9, Correlation=-0.22434041528426127)
2026-08-13 11:27:02 | INFO | M07 | Pixel Pandas(_0=26, _1=10, Correlation=-0.1404460444045053)
2026-08-13 11:27:02 | INFO | M07 | Pixel Pandas(_0=26, _1=11, Correlation=0.19840859571619487)
2026-08-13 11:27:02 | INFO | M07 | Pixel Pandas(_0=26, _1=12, Correlation=-0.22281112871344408)
2026-08-13 11:27:02 | INFO | M07 | Pixel Pandas(_0=26, _1=13, Correlation=-0.23944131003054198)
2026-08-13 11:27:02 | INFO | M07 | Pixel Pandas(_0=26, _1=14, Correlation=-0.049364531657930366)
2026-08-13 11:27:02 | INFO | M07 | Pixel Pandas(_0=26, _1=15, Correlation=0.022840368580358445)
2026-08-13 11:27:02 | INFO | M07 | Pixel Pandas(_0=26, _1=16, Correlation=0.0007838675692243462)
2026-08-13 11:27:02 | INFO | M07 | Pixel Pandas(_0=26, _1=17, Correlation=0.12014437020231261)
2026-08-13 11:27:02 | INFO | M07 | Pixel Pandas(_0=26, _1=18, Correlation=0.6118352347322459)
2026-08-13 11:27:02 | INFO | M07 | Pixel Pandas(_0=26, _1=19, Correlation=0.2252286018533283)
2026-08-13 11:27:02 | INFO | M07 | Pixel Pandas(_0=26, _1=20, Correlation=-0.4502943504836111)
2026-08-13 11:27:02 | INFO | M07 | Pixel Pandas(_0=26, _1=21, Correlation=-0.20744751725641117)
2026-08-13 11:27:02 | INFO | M07 | Pixel Pandas(_0=26, _1=22, Correlation=0.11438270177102636)
2026-08-13 11:27:02 | INFO | M07 | Pixel Pandas(_0=26, _1=23, Correlation=0.0639220909253417)
2026-08-13 11:27:02 | INFO | M07 | Pixel Pandas(_0=26, _1=24, Correlation=0.02916526257676346)
2026-08-13 11:27:02 | INFO | M07 | Pixel Pandas(_0=26, _1=25, Correlation=0.5839281739490672)
2026-08-13 11:27:02 | INFO | M07 | Pixel Pandas(_0=26, _1=26, Correlation=1.0)
2026-08-13 11:27:02 | INFO | M07 | Pixel Pandas(_0=26, _1=27, Correlation=0.09198974498701744)
2026-08-13 11:27:02 | INFO | M07 | Pixel Pandas(_0=26, _1=28, Correlation=-0.39502053730186776)
2026-08-13 11:27:02 | INFO | M07 | Pixel Pandas(_0=26, _1=29, Correlation=0.029377030859128204)
2026-08-13 11:27:02 | INFO | M07 | Pixel Pandas(_0=26, _1=30, Correlation=0.17213305873467286)
2026-08-13 11:27:02 | INFO | M07 | Pixel Pandas(_0=26, _1=31, Correlation=0.045083930039227775)
2026-08-13 11:27:02 | INFO | M07 | Pixel Pandas(_0=26, _1=32, Correlation=nan)
2026-08-13 11:27:02 | INFO | M07 | Pixel Pandas(_0=26, _1=33, Correlation=0.471370357210625)
2026-08-13 11:27:02 | INFO | M07 | Pixel Pandas(_0=26, _1=34, Correlation=0.5495970374858493)
2026-08-13 11:27:02 | INFO | M07 | Pixel Pandas(_0=26, _1=35, Correlation=-0.021241855505444808)
2026-08-13 11:27:02 | INFO | M07 | Pixel Pandas(_0=26, _1=36, Correlation=-0.1806824133678806)
2026-08-13 11:27:02 | INFO | M07 | Pixel Pandas(_0=26, _1=37, Correlation=0.1412991466183281)
2026-08-13 11:27:02 | INFO | M07 | Pixel Pandas(_0=26, _1=38, Correlation=0.1548099028346087)
2026-08-13 11:27:02 | INFO | M07 | Pixel Pandas(_0=26, _1=39, Correlation=nan)
2026-08-13 11:27:02 | INFO | M07 | Pixel Pandas(_0=26, _1=40, Correlation=0.04740501572156143)
2026-08-13 11:27:02 | INFO | M07 | Pixel Pandas(_0=26, _1=41, Correlation=0.20516183474988609)
2026-08-13 11:27:02 | INFO | M07 | Pixel Pandas(_0=26, _1=42, Correlation=0.21841409836518208)
2026-08-13 11:27:02 | INFO | M07 | Pixel Pandas(_0=26, _1=43, Correlation=-0.028735242466061395)
2026-08-13 11:27:02 | INFO | M07 | Pixel Pandas(_0=26, _1=44, Correlation=0.038021847341061774)
2026-08-13 11:27:02 | INFO | M07 | Pixel Pandas(_0=26, _1=45, Correlation=0.21962976128307202)
2026-08-13 11:27:02 | INFO | M07 | Pixel Pandas(_0=26, _1=46, Correlation=0.09420224821912061)
2026-08-13 11:27:02 | INFO | M07 | Pixel Pandas(_0=26, _1=47, Correlation=0.02853305708990359)
2026-08-13 11:27:02 | INFO | M07 | Pixel Pandas(_0=26, _1=48, Correlation=0.011365885380143341)
2026-08-13 11:27:02 | INFO | M07 | Pixel Pandas(_0=26, _1=49, Correlation=-0.06867261792936015)
2026-08-13 11:27:02 | INFO | M07 | Pixel Pandas(_0=26, _1=50, Correlation=-0.055010954315807575)
2026-08-13 11:27:02 | INFO | M07 | Pixel Pandas(_0=26, _1=51, Correlation=-0.07976199358802753)
2026-08-13 11:27:02 | INFO | M07 | Pixel Pandas(_0=26, _1=52, Correlation=0.07471963753053702)
2026-08-13 11:27:02 | INFO | M07 | Pixel Pandas(_0=26, _1=53, Correlation=-0.008712919605242527)
2026-08-13 11:27:02 | INFO | M07 | Pixel Pandas(_0=26, _1=54, Correlation=-0.09967269552583331)
2026-08-13 11:27:02 | INFO | M07 | Pixel Pandas(_0=26, _1=55, Correlation=-0.06730886166683905)
2026-08-13 11:27:02 | INFO | M07 | Pixel Pandas(_0=26, _1=56, Correlation=-0.011783385670994084)
2026-08-13 11:27:02 | INFO | M07 | Pixel Pandas(_0=26, _1=57, Correlation=-0.13337605556462043)
2026-08-13 11:27:02 | INFO | M07 | Pixel Pandas(_0=26, _1=58, Correlation=-0.32344302212118575)
2026-08-13 11:27:02 | INFO | M07 | Pixel Pandas(_0=26, _1=59, Correlation=-0.18958891729147742)
2026-08-13 11:27:02 | INFO | M07 | Pixel Pandas(_0=26, _1=60, Correlation=0.08320227292261276)
2026-08-13 11:27:02 | INFO | M07 | Pixel Pandas(_0=26, _1=61, Correlation=-0.11408530369548478)
2026-08-13 11:27:02 | INFO | M07 | Pixel Pandas(_0=26, _1=62, Correlation=-0.19325177514076947)
2026-08-13 11:27:02 | INFO | M07 | Pixel Pandas(_0=26, _1=63, Correlation=-0.12867389211264452)
2026-08-13 11:27:02 | INFO | M07 | Pixel Pandas(_0=27, _1=0, Correlation=nan)
2026-08-13 11:27:02 | INFO | M07 | Pixel Pandas(_0=27, _1=1, Correlation=0.07298072616024123)
2026-08-13 11:27:02 | INFO | M07 | Pixel Pandas(_0=27, _1=2, Correlation=0.1083781398408849)
2026-08-13 11:27:02 | INFO | M07 | Pixel Pandas(_0=27, _1=3, Correlation=-0.057107808499601405)
2026-08-13 11:27:02 | INFO | M07 | Pixel Pandas(_0=27, _1=4, Correlation=0.03623073551843524)
2026-08-13 11:27:02 | INFO | M07 | Pixel Pandas(_0=27, _1=5, Correlation=0.10208750852694254)
2026-08-13 11:27:02 | INFO | M07 | Pixel Pandas(_0=27, _1=6, Correlation=0.0211526223753325)
2026-08-13 11:27:02 | INFO | M07 | Pixel Pandas(_0=27, _1=7, Correlation=-0.051673461629142)
2026-08-13 11:27:02 | INFO | M07 | Pixel Pandas(_0=27, _1=8, Correlation=0.02389331039945948)
2026-08-13 11:27:02 | INFO | M07 | Pixel Pandas(_0=27, _1=9, Correlation=0.05208892988885589)
2026-08-13 11:27:02 | INFO | M07 | Pixel Pandas(_0=27, _1=10, Correlation=-0.08294577467141577)
2026-08-13 11:27:02 | INFO | M07 | Pixel Pandas(_0=27, _1=11, Correlation=-0.08703260530345762)
2026-08-13 11:27:02 | INFO | M07 | Pixel Pandas(_0=27, _1=12, Correlation=0.12142002630111075)
2026-08-13 11:27:02 | INFO | M07 | Pixel Pandas(_0=27, _1=13, Correlation=-0.04172606856394702)
2026-08-13 11:27:02 | INFO | M07 | Pixel Pandas(_0=27, _1=14, Correlation=-0.015077044959997237)
2026-08-13 11:27:02 | INFO | M07 | Pixel Pandas(_0=27, _1=15, Correlation=-0.03353461122761405)
2026-08-13 11:27:02 | INFO | M07 | Pixel Pandas(_0=27, _1=16, Correlation=0.008943006225906677)
2026-08-13 11:27:02 | INFO | M07 | Pixel Pandas(_0=27, _1=17, Correlation=-0.07483925113969875)
2026-08-13 11:27:02 | INFO | M07 | Pixel Pandas(_0=27, _1=18, Correlation=-0.10953573521744926)
2026-08-13 11:27:02 | INFO | M07 | Pixel Pandas(_0=27, _1=19, Correlation=0.4068811431453738)
2026-08-13 11:27:02 | INFO | M07 | Pixel Pandas(_0=27, _1=20, Correlation=0.3017941530923645)
2026-08-13 11:27:02 | INFO | M07 | Pixel Pandas(_0=27, _1=21, Correlation=-0.14366605251663503)
2026-08-13 11:27:02 | INFO | M07 | Pixel Pandas(_0=27, _1=22, Correlation=-0.13741202537008818)
2026-08-13 11:27:02 | INFO | M07 | Pixel Pandas(_0=27, _1=23, Correlation=0.007569257326844005)
2026-08-13 11:27:02 | INFO | M07 | Pixel Pandas(_0=27, _1=24, Correlation=0.006689403025912645)
2026-08-13 11:27:02 | INFO | M07 | Pixel Pandas(_0=27, _1=25, Correlation=-0.22298470828588268)
2026-08-13 11:27:02 | INFO | M07 | Pixel Pandas(_0=27, _1=26, Correlation=0.09198974498701744)
2026-08-13 11:27:02 | INFO | M07 | Pixel Pandas(_0=27, _1=27, Correlation=1.0)
2026-08-13 11:27:02 | INFO | M07 | Pixel Pandas(_0=27, _1=28, Correlation=0.4376452810130325)
2026-08-13 11:27:02 | INFO | M07 | Pixel Pandas(_0=27, _1=29, Correlation=-0.11626449319574299)
2026-08-13 11:27:02 | INFO | M07 | Pixel Pandas(_0=27, _1=30, Correlation=-0.19329821842348893)
2026-08-13 11:27:02 | INFO | M07 | Pixel Pandas(_0=27, _1=31, Correlation=0.019504198427039647)
2026-08-13 11:27:02 | INFO | M07 | Pixel Pandas(_0=27, _1=32, Correlation=nan)
2026-08-13 11:27:02 | INFO | M07 | Pixel Pandas(_0=27, _1=33, Correlation=-0.31708351086250697)
2026-08-13 11:27:02 | INFO | M07 | Pixel Pandas(_0=27, _1=34, Correlation=-0.08101480066257642)
2026-08-13 11:27:02 | INFO | M07 | Pixel Pandas(_0=27, _1=35, Correlation=0.33631208849355954)
2026-08-13 11:27:02 | INFO | M07 | Pixel Pandas(_0=27, _1=36, Correlation=0.10568875526135106)
2026-08-13 11:27:02 | INFO | M07 | Pixel Pandas(_0=27, _1=37, Correlation=-0.15739986617719406)
2026-08-13 11:27:02 | INFO | M07 | Pixel Pandas(_0=27, _1=38, Correlation=-0.2597554871489827)
2026-08-13 11:27:02 | INFO | M07 | Pixel Pandas(_0=27, _1=39, Correlation=nan)
2026-08-13 11:27:02 | INFO | M07 | Pixel Pandas(_0=27, _1=40, Correlation=-0.014434156973872089)
2026-08-13 11:27:02 | INFO | M07 | Pixel Pandas(_0=27, _1=41, Correlation=-0.24582074136529758)
2026-08-13 11:27:02 | INFO | M07 | Pixel Pandas(_0=27, _1=42, Correlation=-0.20012108478719887)
2026-08-13 11:27:02 | INFO | M07 | Pixel Pandas(_0=27, _1=43, Correlation=-0.019523951167425974)
2026-08-13 11:27:02 | INFO | M07 | Pixel Pandas(_0=27, _1=44, Correlation=0.028150680814340086)
2026-08-13 11:27:02 | INFO | M07 | Pixel Pandas(_0=27, _1=45, Correlation=-0.03242209719382032)
2026-08-13 11:27:02 | INFO | M07 | Pixel Pandas(_0=27, _1=46, Correlation=-0.08703109680192568)
2026-08-13 11:27:02 | INFO | M07 | Pixel Pandas(_0=27, _1=47, Correlation=0.05843142021143902)
2026-08-13 11:27:02 | INFO | M07 | Pixel Pandas(_0=27, _1=48, Correlation=-0.004021647073086536)
2026-08-13 11:27:02 | INFO | M07 | Pixel Pandas(_0=27, _1=49, Correlation=0.03350494817007387)
2026-08-13 11:27:02 | INFO | M07 | Pixel Pandas(_0=27, _1=50, Correlation=-0.049452521586692125)
2026-08-13 11:27:02 | INFO | M07 | Pixel Pandas(_0=27, _1=51, Correlation=-0.0984109514860569)
2026-08-13 11:27:02 | INFO | M07 | Pixel Pandas(_0=27, _1=52, Correlation=-0.00878940997614667)
2026-08-13 11:27:02 | INFO | M07 | Pixel Pandas(_0=27, _1=53, Correlation=0.012922573666596028)
2026-08-13 11:27:02 | INFO | M07 | Pixel Pandas(_0=27, _1=54, Correlation=-0.05756835303355043)
2026-08-13 11:27:02 | INFO | M07 | Pixel Pandas(_0=27, _1=55, Correlation=0.0098329709704305)
2026-08-13 11:27:02 | INFO | M07 | Pixel Pandas(_0=27, _1=56, Correlation=-0.027368127598751048)
2026-08-13 11:27:02 | INFO | M07 | Pixel Pandas(_0=27, _1=57, Correlation=0.04859117536144671)
2026-08-13 11:27:02 | INFO | M07 | Pixel Pandas(_0=27, _1=58, Correlation=0.10681161654814592)
2026-08-13 11:27:02 | INFO | M07 | Pixel Pandas(_0=27, _1=59, Correlation=-0.05357669985757843)
2026-08-13 11:27:02 | INFO | M07 | Pixel Pandas(_0=27, _1=60, Correlation=0.06673069723951447)
2026-08-13 11:27:02 | INFO | M07 | Pixel Pandas(_0=27, _1=61, Correlation=0.04406578310211739)
2026-08-13 11:27:02 | INFO | M07 | Pixel Pandas(_0=27, _1=62, Correlation=-0.0772611858998435)
2026-08-13 11:27:02 | INFO | M07 | Pixel Pandas(_0=27, _1=63, Correlation=-0.03663436140571613)
2026-08-13 11:27:02 | INFO | M07 | Pixel Pandas(_0=28, _1=0, Correlation=nan)
2026-08-13 11:27:02 | INFO | M07 | Pixel Pandas(_0=28, _1=1, Correlation=0.04108289519413969)
2026-08-13 11:27:02 | INFO | M07 | Pixel Pandas(_0=28, _1=2, Correlation=0.19976132449972428)
2026-08-13 11:27:02 | INFO | M07 | Pixel Pandas(_0=28, _1=3, Correlation=0.09017771848998463)
2026-08-13 11:27:02 | INFO | M07 | Pixel Pandas(_0=28, _1=4, Correlation=0.08965413647978956)
2026-08-13 11:27:02 | INFO | M07 | Pixel Pandas(_0=28, _1=5, Correlation=0.1559584127656138)
2026-08-13 11:27:02 | INFO | M07 | Pixel Pandas(_0=28, _1=6, Correlation=0.03751208961072237)
2026-08-13 11:27:02 | INFO | M07 | Pixel Pandas(_0=28, _1=7, Correlation=-0.029314986523474452)
2026-08-13 11:27:02 | INFO | M07 | Pixel Pandas(_0=28, _1=8, Correlation=0.026635117406908288)
2026-08-13 11:27:02 | INFO | M07 | Pixel Pandas(_0=28, _1=9, Correlation=0.16568646140704169)
2026-08-13 11:27:02 | INFO | M07 | Pixel Pandas(_0=28, _1=10, Correlation=0.07101673748769453)
2026-08-13 11:27:02 | INFO | M07 | Pixel Pandas(_0=28, _1=11, Correlation=-0.23954622635078565)
2026-08-13 11:27:02 | INFO | M07 | Pixel Pandas(_0=28, _1=12, Correlation=0.2037028589089466)
2026-08-13 11:27:02 | INFO | M07 | Pixel Pandas(_0=28, _1=13, Correlation=0.2138159591875337)
2026-08-13 11:27:02 | INFO | M07 | Pixel Pandas(_0=28, _1=14, Correlation=0.059074594606036875)
2026-08-13 11:27:02 | INFO | M07 | Pixel Pandas(_0=28, _1=15, Correlation=-0.04097804775330991)
2026-08-13 11:27:02 | INFO | M07 | Pixel Pandas(_0=28, _1=16, Correlation=-0.00817785984114946)
2026-08-13 11:27:02 | INFO | M07 | Pixel Pandas(_0=28, _1=17, Correlation=-0.011013401404502942)
2026-08-13 11:27:02 | INFO | M07 | Pixel Pandas(_0=28, _1=18, Correlation=-0.32355710862434817)
2026-08-13 11:27:02 | INFO | M07 | Pixel Pandas(_0=28, _1=19, Correlation=-0.04329670160273665)
2026-08-13 11:27:02 | INFO | M07 | Pixel Pandas(_0=28, _1=20, Correlation=0.6273440847215153)
2026-08-13 11:27:02 | INFO | M07 | Pixel Pandas(_0=28, _1=21, Correlation=0.21852631045565307)
2026-08-13 11:27:02 | INFO | M07 | Pixel Pandas(_0=28, _1=22, Correlation=-0.18522822623052815)
2026-08-13 11:27:02 | INFO | M07 | Pixel Pandas(_0=28, _1=23, Correlation=-0.026503411846121077)
2026-08-13 11:27:02 | INFO | M07 | Pixel Pandas(_0=28, _1=24, Correlation=-0.007745249099912959)
2026-08-13 11:27:02 | INFO | M07 | Pixel Pandas(_0=28, _1=25, Correlation=-0.3018843414166854)
2026-08-13 11:27:02 | INFO | M07 | Pixel Pandas(_0=28, _1=26, Correlation=-0.39502053730186776)
2026-08-13 11:27:02 | INFO | M07 | Pixel Pandas(_0=28, _1=27, Correlation=0.4376452810130325)
2026-08-13 11:27:02 | INFO | M07 | Pixel Pandas(_0=28, _1=28, Correlation=1.0)
2026-08-13 11:27:02 | INFO | M07 | Pixel Pandas(_0=28, _1=29, Correlation=0.13047712865792777)
2026-08-13 11:27:02 | INFO | M07 | Pixel Pandas(_0=28, _1=30, Correlation=-0.2903443410231701)
2026-08-13 11:27:02 | INFO | M07 | Pixel Pandas(_0=28, _1=31, Correlation=-0.0051998536546188695)
2026-08-13 11:27:02 | INFO | M07 | Pixel Pandas(_0=28, _1=32, Correlation=nan)
2026-08-13 11:27:02 | INFO | M07 | Pixel Pandas(_0=28, _1=33, Correlation=-0.433219368017936)
2026-08-13 11:27:02 | INFO | M07 | Pixel Pandas(_0=28, _1=34, Correlation=-0.42450691700978704)
2026-08-13 11:27:02 | INFO | M07 | Pixel Pandas(_0=28, _1=35, Correlation=0.18194227961929368)
2026-08-13 11:27:02 | INFO | M07 | Pixel Pandas(_0=28, _1=36, Correlation=0.38542529787104046)
2026-08-13 11:27:02 | INFO | M07 | Pixel Pandas(_0=28, _1=37, Correlation=-0.05012715190946367)
2026-08-13 11:27:02 | INFO | M07 | Pixel Pandas(_0=28, _1=38, Correlation=-0.23195893438185516)
2026-08-13 11:27:02 | INFO | M07 | Pixel Pandas(_0=28, _1=39, Correlation=nan)
2026-08-13 11:27:02 | INFO | M07 | Pixel Pandas(_0=28, _1=40, Correlation=-0.05911668149547856)
2026-08-13 11:27:02 | INFO | M07 | Pixel Pandas(_0=28, _1=41, Correlation=-0.29883327489088446)
2026-08-13 11:27:02 | INFO | M07 | Pixel Pandas(_0=28, _1=42, Correlation=-0.3910431633222501)
2026-08-13 11:27:02 | INFO | M07 | Pixel Pandas(_0=28, _1=43, Correlation=0.0071641953976664275)
2026-08-13 11:27:02 | INFO | M07 | Pixel Pandas(_0=28, _1=44, Correlation=0.05170534369413404)
2026-08-13 11:27:02 | INFO | M07 | Pixel Pandas(_0=28, _1=45, Correlation=-0.179149508661456)
2026-08-13 11:27:02 | INFO | M07 | Pixel Pandas(_0=28, _1=46, Correlation=-0.18220708467860275)
2026-08-13 11:27:02 | INFO | M07 | Pixel Pandas(_0=28, _1=47, Correlation=-0.0007149347171710777)
2026-08-13 11:27:02 | INFO | M07 | Pixel Pandas(_0=28, _1=48, Correlation=-0.028385763216139556)
2026-08-13 11:27:02 | INFO | M07 | Pixel Pandas(_0=28, _1=49, Correlation=-0.028595586043044376)
2026-08-13 11:27:02 | INFO | M07 | Pixel Pandas(_0=28, _1=50, Correlation=-0.15475490473463224)
2026-08-13 11:27:02 | INFO | M07 | Pixel Pandas(_0=28, _1=51, Correlation=-0.05231487531091323)
2026-08-13 11:27:02 | INFO | M07 | Pixel Pandas(_0=28, _1=52, Correlation=-0.050534497904425185)
2026-08-13 11:27:02 | INFO | M07 | Pixel Pandas(_0=28, _1=53, Correlation=-0.09697955547018891)
2026-08-13 11:27:02 | INFO | M07 | Pixel Pandas(_0=28, _1=54, Correlation=-0.05132916825243823)
2026-08-13 11:27:02 | INFO | M07 | Pixel Pandas(_0=28, _1=55, Correlation=-0.006891213838485439)
2026-08-13 11:27:02 | INFO | M07 | Pixel Pandas(_0=28, _1=56, Correlation=0.004116269286359384)
2026-08-13 11:27:02 | INFO | M07 | Pixel Pandas(_0=28, _1=57, Correlation=0.025534155014937346)
2026-08-13 11:27:02 | INFO | M07 | Pixel Pandas(_0=28, _1=58, Correlation=0.2097408871957216)
2026-08-13 11:27:02 | INFO | M07 | Pixel Pandas(_0=28, _1=59, Correlation=0.03646637655997237)
2026-08-13 11:27:02 | INFO | M07 | Pixel Pandas(_0=28, _1=60, Correlation=-0.10892229798632712)
2026-08-13 11:27:02 | INFO | M07 | Pixel Pandas(_0=28, _1=61, Correlation=0.00800790484191884)
2026-08-13 11:27:02 | INFO | M07 | Pixel Pandas(_0=28, _1=62, Correlation=0.030021689996573907)
2026-08-13 11:27:02 | INFO | M07 | Pixel Pandas(_0=28, _1=63, Correlation=0.028791677890252186)
2026-08-13 11:27:02 | INFO | M07 | Pixel Pandas(_0=29, _1=0, Correlation=nan)
2026-08-13 11:27:02 | INFO | M07 | Pixel Pandas(_0=29, _1=1, Correlation=-0.20631821022346614)
2026-08-13 11:27:02 | INFO | M07 | Pixel Pandas(_0=29, _1=2, Correlation=-0.1937588343670912)
2026-08-13 11:27:02 | INFO | M07 | Pixel Pandas(_0=29, _1=3, Correlation=-0.18325741818670965)
2026-08-13 11:27:02 | INFO | M07 | Pixel Pandas(_0=29, _1=4, Correlation=0.12254771056327815)
2026-08-13 11:27:02 | INFO | M07 | Pixel Pandas(_0=29, _1=5, Correlation=0.1617884458368313)
2026-08-13 11:27:02 | INFO | M07 | Pixel Pandas(_0=29, _1=6, Correlation=0.1377525568705773)
2026-08-13 11:27:02 | INFO | M07 | Pixel Pandas(_0=29, _1=7, Correlation=0.11749021759549633)
2026-08-13 11:27:02 | INFO | M07 | Pixel Pandas(_0=29, _1=8, Correlation=-0.052844226016601346)
2026-08-13 11:27:02 | INFO | M07 | Pixel Pandas(_0=29, _1=9, Correlation=-0.21079442495431255)
2026-08-13 11:27:02 | INFO | M07 | Pixel Pandas(_0=29, _1=10, Correlation=-0.10576758223066482)
2026-08-13 11:27:02 | INFO | M07 | Pixel Pandas(_0=29, _1=11, Correlation=-0.16711159939499265)
2026-08-13 11:27:02 | INFO | M07 | Pixel Pandas(_0=29, _1=12, Correlation=0.05620470657934298)
2026-08-13 11:27:02 | INFO | M07 | Pixel Pandas(_0=29, _1=13, Correlation=0.33968224928353047)
2026-08-13 11:27:02 | INFO | M07 | Pixel Pandas(_0=29, _1=14, Correlation=0.25946130306534493)
2026-08-13 11:27:02 | INFO | M07 | Pixel Pandas(_0=29, _1=15, Correlation=0.1390286869422558)
2026-08-13 11:27:02 | INFO | M07 | Pixel Pandas(_0=29, _1=16, Correlation=-0.046757568598161846)
2026-08-13 11:27:02 | INFO | M07 | Pixel Pandas(_0=29, _1=17, Correlation=-0.12792125922746453)
2026-08-13 11:27:02 | INFO | M07 | Pixel Pandas(_0=29, _1=18, Correlation=-0.02475866515956114)
2026-08-13 11:27:02 | INFO | M07 | Pixel Pandas(_0=29, _1=19, Correlation=-0.1205338705993636)
2026-08-13 11:27:02 | INFO | M07 | Pixel Pandas(_0=29, _1=20, Correlation=-0.06653853112989086)
2026-08-13 11:27:02 | INFO | M07 | Pixel Pandas(_0=29, _1=21, Correlation=0.6255280805721358)
2026-08-13 11:27:02 | INFO | M07 | Pixel Pandas(_0=29, _1=22, Correlation=0.44641002348352377)
2026-08-13 11:27:02 | INFO | M07 | Pixel Pandas(_0=29, _1=23, Correlation=0.11681253182994378)
2026-08-13 11:27:02 | INFO | M07 | Pixel Pandas(_0=29, _1=24, Correlation=-0.01734947265792565)
2026-08-13 11:27:02 | INFO | M07 | Pixel Pandas(_0=29, _1=25, Correlation=0.019241232031942196)
2026-08-13 11:27:02 | INFO | M07 | Pixel Pandas(_0=29, _1=26, Correlation=0.029377030859128204)
2026-08-13 11:27:02 | INFO | M07 | Pixel Pandas(_0=29, _1=27, Correlation=-0.11626449319574299)
2026-08-13 11:27:02 | INFO | M07 | Pixel Pandas(_0=29, _1=28, Correlation=0.13047712865792777)
2026-08-13 11:27:02 | INFO | M07 | Pixel Pandas(_0=29, _1=29, Correlation=1.0)
2026-08-13 11:27:02 | INFO | M07 | Pixel Pandas(_0=29, _1=30, Correlation=0.5122263952436514)
2026-08-13 11:27:02 | INFO | M07 | Pixel Pandas(_0=29, _1=31, Correlation=0.049868001882896744)
2026-08-13 11:27:02 | INFO | M07 | Pixel Pandas(_0=29, _1=32, Correlation=nan)
2026-08-13 11:27:02 | INFO | M07 | Pixel Pandas(_0=29, _1=33, Correlation=0.08089819767950789)
2026-08-13 11:27:02 | INFO | M07 | Pixel Pandas(_0=29, _1=34, Correlation=-0.007288843560354791)
2026-08-13 11:27:02 | INFO | M07 | Pixel Pandas(_0=29, _1=35, Correlation=-0.25710578505611725)
2026-08-13 11:27:02 | INFO | M07 | Pixel Pandas(_0=29, _1=36, Correlation=-0.11667885030725896)
2026-08-13 11:27:02 | INFO | M07 | Pixel Pandas(_0=29, _1=37, Correlation=0.5211002953459546)
2026-08-13 11:27:02 | INFO | M07 | Pixel Pandas(_0=29, _1=38, Correlation=0.3631352706938032)
2026-08-13 11:27:02 | INFO | M07 | Pixel Pandas(_0=29, _1=39, Correlation=nan)
2026-08-13 11:27:02 | INFO | M07 | Pixel Pandas(_0=29, _1=40, Correlation=0.03342052569482123)
2026-08-13 11:27:02 | INFO | M07 | Pixel Pandas(_0=29, _1=41, Correlation=0.01855362593598695)
2026-08-13 11:27:02 | INFO | M07 | Pixel Pandas(_0=29, _1=42, Correlation=-0.15281419349546846)
2026-08-13 11:27:02 | INFO | M07 | Pixel Pandas(_0=29, _1=43, Correlation=-0.21198920098993143)
2026-08-13 11:27:02 | INFO | M07 | Pixel Pandas(_0=29, _1=44, Correlation=-0.01634634088314613)
2026-08-13 11:27:02 | INFO | M07 | Pixel Pandas(_0=29, _1=45, Correlation=0.1703578201391057)
2026-08-13 11:27:02 | INFO | M07 | Pixel Pandas(_0=29, _1=46, Correlation=-0.024392145040730766)
2026-08-13 11:27:02 | INFO | M07 | Pixel Pandas(_0=29, _1=47, Correlation=-0.017590144871569267)
2026-08-13 11:27:02 | INFO | M07 | Pixel Pandas(_0=29, _1=48, Correlation=-0.0005427995796348432)
2026-08-13 11:27:02 | INFO | M07 | Pixel Pandas(_0=29, _1=49, Correlation=-0.07445169787304305)
2026-08-13 11:27:02 | INFO | M07 | Pixel Pandas(_0=29, _1=50, Correlation=-0.24988432455778134)
2026-08-13 11:27:02 | INFO | M07 | Pixel Pandas(_0=29, _1=51, Correlation=-0.23841051590964168)
2026-08-13 11:27:02 | INFO | M07 | Pixel Pandas(_0=29, _1=52, Correlation=-0.0047299172198385095)
2026-08-13 11:27:02 | INFO | M07 | Pixel Pandas(_0=29, _1=53, Correlation=-0.030916859099270704)
2026-08-13 11:27:02 | INFO | M07 | Pixel Pandas(_0=29, _1=54, Correlation=-0.21669961949899091)
2026-08-13 11:27:02 | INFO | M07 | Pixel Pandas(_0=29, _1=55, Correlation=-0.11573198335541203)
2026-08-13 11:27:02 | INFO | M07 | Pixel Pandas(_0=29, _1=56, Correlation=0.001802716921313579)
2026-08-13 11:27:02 | INFO | M07 | Pixel Pandas(_0=29, _1=57, Correlation=-0.1916790220929852)
2026-08-13 11:27:02 | INFO | M07 | Pixel Pandas(_0=29, _1=58, Correlation=-0.19478200441116786)
2026-08-13 11:27:02 | INFO | M07 | Pixel Pandas(_0=29, _1=59, Correlation=-0.19038066661755154)
2026-08-13 11:27:02 | INFO | M07 | Pixel Pandas(_0=29, _1=60, Correlation=-0.16312502188726036)
2026-08-13 11:27:02 | INFO | M07 | Pixel Pandas(_0=29, _1=61, Correlation=-0.1510765308323744)
2026-08-13 11:27:02 | INFO | M07 | Pixel Pandas(_0=29, _1=62, Correlation=-0.18267613018875078)
2026-08-13 11:27:02 | INFO | M07 | Pixel Pandas(_0=29, _1=63, Correlation=-0.08839512923834339)
2026-08-13 11:27:02 | INFO | M07 | Pixel Pandas(_0=30, _1=0, Correlation=nan)
2026-08-13 11:27:02 | INFO | M07 | Pixel Pandas(_0=30, _1=1, Correlation=-0.1507544748168863)
2026-08-13 11:27:02 | INFO | M07 | Pixel Pandas(_0=30, _1=2, Correlation=-0.19208130194855075)
2026-08-13 11:27:02 | INFO | M07 | Pixel Pandas(_0=30, _1=3, Correlation=-0.14177441536949772)
2026-08-13 11:27:02 | INFO | M07 | Pixel Pandas(_0=30, _1=4, Correlation=0.07805699911936154)
2026-08-13 11:27:02 | INFO | M07 | Pixel Pandas(_0=30, _1=5, Correlation=0.0004413696876466556)
2026-08-13 11:27:02 | INFO | M07 | Pixel Pandas(_0=30, _1=6, Correlation=0.07212427997833286)
2026-08-13 11:27:02 | INFO | M07 | Pixel Pandas(_0=30, _1=7, Correlation=0.12243987215415586)
2026-08-13 11:27:02 | INFO | M07 | Pixel Pandas(_0=30, _1=8, Correlation=-0.037153632419442105)
2026-08-13 11:27:02 | INFO | M07 | Pixel Pandas(_0=30, _1=9, Correlation=-0.20242087666213052)
2026-08-13 11:27:02 | INFO | M07 | Pixel Pandas(_0=30, _1=10, Correlation=-0.11565178985495285)
2026-08-13 11:27:02 | INFO | M07 | Pixel Pandas(_0=30, _1=11, Correlation=0.01521775873257434)
2026-08-13 11:27:02 | INFO | M07 | Pixel Pandas(_0=30, _1=12, Correlation=-0.03238573351939714)
2026-08-13 11:27:02 | INFO | M07 | Pixel Pandas(_0=30, _1=13, Correlation=0.08869647887291454)
2026-08-13 11:27:02 | INFO | M07 | Pixel Pandas(_0=30, _1=14, Correlation=0.16524609509086052)
2026-08-13 11:27:02 | INFO | M07 | Pixel Pandas(_0=30, _1=15, Correlation=0.19782026987798693)
2026-08-13 11:27:02 | INFO | M07 | Pixel Pandas(_0=30, _1=16, Correlation=-0.02806452483446882)
2026-08-13 11:27:02 | INFO | M07 | Pixel Pandas(_0=30, _1=17, Correlation=-0.09778975898663482)
2026-08-13 11:27:02 | INFO | M07 | Pixel Pandas(_0=30, _1=18, Correlation=0.03374100726491602)
2026-08-13 11:27:02 | INFO | M07 | Pixel Pandas(_0=30, _1=19, Correlation=-0.07607934232313257)
2026-08-13 11:27:02 | INFO | M07 | Pixel Pandas(_0=30, _1=20, Correlation=-0.2417518300170286)
2026-08-13 11:27:02 | INFO | M07 | Pixel Pandas(_0=30, _1=21, Correlation=0.24633587102144397)
2026-08-13 11:27:02 | INFO | M07 | Pixel Pandas(_0=30, _1=22, Correlation=0.5783550061275893)
2026-08-13 11:27:02 | INFO | M07 | Pixel Pandas(_0=30, _1=23, Correlation=0.300080103132023)
2026-08-13 11:27:02 | INFO | M07 | Pixel Pandas(_0=30, _1=24, Correlation=-0.02099237243116918)
2026-08-13 11:27:02 | INFO | M07 | Pixel Pandas(_0=30, _1=25, Correlation=0.16698753120905713)
2026-08-13 11:27:02 | INFO | M07 | Pixel Pandas(_0=30, _1=26, Correlation=0.17213305873467286)
2026-08-13 11:27:02 | INFO | M07 | Pixel Pandas(_0=30, _1=27, Correlation=-0.19329821842348893)
2026-08-13 11:27:02 | INFO | M07 | Pixel Pandas(_0=30, _1=28, Correlation=-0.2903443410231701)
2026-08-13 11:27:02 | INFO | M07 | Pixel Pandas(_0=30, _1=29, Correlation=0.5122263952436514)
2026-08-13 11:27:02 | INFO | M07 | Pixel Pandas(_0=30, _1=30, Correlation=1.0)
2026-08-13 11:27:02 | INFO | M07 | Pixel Pandas(_0=30, _1=31, Correlation=0.14651541443826885)
2026-08-13 11:27:02 | INFO | M07 | Pixel Pandas(_0=30, _1=32, Correlation=nan)
2026-08-13 11:27:02 | INFO | M07 | Pixel Pandas(_0=30, _1=33, Correlation=0.38263808604672994)
2026-08-13 11:27:02 | INFO | M07 | Pixel Pandas(_0=30, _1=34, Correlation=0.2833439011632691)
2026-08-13 11:27:02 | INFO | M07 | Pixel Pandas(_0=30, _1=35, Correlation=-0.16591853844144694)
2026-08-13 11:27:02 | INFO | M07 | Pixel Pandas(_0=30, _1=36, Correlation=-0.27135674241380053)
2026-08-13 11:27:02 | INFO | M07 | Pixel Pandas(_0=30, _1=37, Correlation=0.2672107079379982)
2026-08-13 11:27:02 | INFO | M07 | Pixel Pandas(_0=30, _1=38, Correlation=0.4816327342949894)
2026-08-13 11:27:02 | INFO | M07 | Pixel Pandas(_0=30, _1=39, Correlation=nan)
2026-08-13 11:27:02 | INFO | M07 | Pixel Pandas(_0=30, _1=40, Correlation=0.0727340852349778)
2026-08-13 11:27:02 | INFO | M07 | Pixel Pandas(_0=30, _1=41, Correlation=0.2491449952607208)
2026-08-13 11:27:02 | INFO | M07 | Pixel Pandas(_0=30, _1=42, Correlation=0.09163681866558372)
2026-08-13 11:27:02 | INFO | M07 | Pixel Pandas(_0=30, _1=43, Correlation=-0.11293210705279684)
2026-08-13 11:27:02 | INFO | M07 | Pixel Pandas(_0=30, _1=44, Correlation=-0.05522813897225724)
2026-08-13 11:27:02 | INFO | M07 | Pixel Pandas(_0=30, _1=45, Correlation=0.07247417705523256)
2026-08-13 11:27:02 | INFO | M07 | Pixel Pandas(_0=30, _1=46, Correlation=-0.025895888656021757)
2026-08-13 11:27:02 | INFO | M07 | Pixel Pandas(_0=30, _1=47, Correlation=-0.028290335213115116)
2026-08-13 11:27:02 | INFO | M07 | Pixel Pandas(_0=30, _1=48, Correlation=0.06646463391134977)
2026-08-13 11:27:02 | INFO | M07 | Pixel Pandas(_0=30, _1=49, Correlation=-0.011181828768986192)
2026-08-13 11:27:02 | INFO | M07 | Pixel Pandas(_0=30, _1=50, Correlation=-0.08357897613284707)
2026-08-13 11:27:02 | INFO | M07 | Pixel Pandas(_0=30, _1=51, Correlation=-0.13439205826292047)
2026-08-13 11:27:02 | INFO | M07 | Pixel Pandas(_0=30, _1=52, Correlation=0.01274268183709665)
2026-08-13 11:27:02 | INFO | M07 | Pixel Pandas(_0=30, _1=53, Correlation=-0.08594954093448885)
2026-08-13 11:27:02 | INFO | M07 | Pixel Pandas(_0=30, _1=54, Correlation=-0.2571026140275328)
2026-08-13 11:27:02 | INFO | M07 | Pixel Pandas(_0=30, _1=55, Correlation=-0.112293857506545)
2026-08-13 11:27:02 | INFO | M07 | Pixel Pandas(_0=30, _1=56, Correlation=-0.014839715849242076)
2026-08-13 11:27:02 | INFO | M07 | Pixel Pandas(_0=30, _1=57, Correlation=-0.14347339572635817)
2026-08-13 11:27:02 | INFO | M07 | Pixel Pandas(_0=30, _1=58, Correlation=-0.18254024291989787)
2026-08-13 11:27:02 | INFO | M07 | Pixel Pandas(_0=30, _1=59, Correlation=-0.15777491639933805)
2026-08-13 11:27:02 | INFO | M07 | Pixel Pandas(_0=30, _1=60, Correlation=-0.14467212043418012)
2026-08-13 11:27:02 | INFO | M07 | Pixel Pandas(_0=30, _1=61, Correlation=-0.2738166546844154)
2026-08-13 11:27:02 | INFO | M07 | Pixel Pandas(_0=30, _1=62, Correlation=-0.23652344056761404)
2026-08-13 11:27:02 | INFO | M07 | Pixel Pandas(_0=30, _1=63, Correlation=-0.10946472749185959)
2026-08-13 11:27:02 | INFO | M07 | Pixel Pandas(_0=31, _1=0, Correlation=nan)
2026-08-13 11:27:02 | INFO | M07 | Pixel Pandas(_0=31, _1=1, Correlation=-0.015823626798142146)
2026-08-13 11:27:02 | INFO | M07 | Pixel Pandas(_0=31, _1=2, Correlation=-0.05171647559576678)
2026-08-13 11:27:02 | INFO | M07 | Pixel Pandas(_0=31, _1=3, Correlation=-0.06767223338944078)
2026-08-13 11:27:02 | INFO | M07 | Pixel Pandas(_0=31, _1=4, Correlation=0.012693757660706587)
2026-08-13 11:27:02 | INFO | M07 | Pixel Pandas(_0=31, _1=5, Correlation=-0.031532429170389974)
2026-08-13 11:27:02 | INFO | M07 | Pixel Pandas(_0=31, _1=6, Correlation=0.016162438017257776)
2026-08-13 11:27:02 | INFO | M07 | Pixel Pandas(_0=31, _1=7, Correlation=0.15349537733831464)
2026-08-13 11:27:02 | INFO | M07 | Pixel Pandas(_0=31, _1=8, Correlation=-0.002790373762365699)
2026-08-13 11:27:02 | INFO | M07 | Pixel Pandas(_0=31, _1=9, Correlation=-0.029473444028389306)
2026-08-13 11:27:02 | INFO | M07 | Pixel Pandas(_0=31, _1=10, Correlation=-0.05779752343521435)
2026-08-13 11:27:02 | INFO | M07 | Pixel Pandas(_0=31, _1=11, Correlation=0.029939742999616974)
2026-08-13 11:27:02 | INFO | M07 | Pixel Pandas(_0=31, _1=12, Correlation=-0.015107670595878902)
2026-08-13 11:27:02 | INFO | M07 | Pixel Pandas(_0=31, _1=13, Correlation=-0.05015605949052865)
2026-08-13 11:27:02 | INFO | M07 | Pixel Pandas(_0=31, _1=14, Correlation=0.07777279552341897)
2026-08-13 11:27:02 | INFO | M07 | Pixel Pandas(_0=31, _1=15, Correlation=0.25063485232108706)
2026-08-13 11:27:02 | INFO | M07 | Pixel Pandas(_0=31, _1=16, Correlation=-0.0021077485201792356)
2026-08-13 11:27:02 | INFO | M07 | Pixel Pandas(_0=31, _1=17, Correlation=-0.024460424135379445)
2026-08-13 11:27:02 | INFO | M07 | Pixel Pandas(_0=31, _1=18, Correlation=0.015332620413921047)
2026-08-13 11:27:02 | INFO | M07 | Pixel Pandas(_0=31, _1=19, Correlation=0.03873361306211898)
2026-08-13 11:27:02 | INFO | M07 | Pixel Pandas(_0=31, _1=20, Correlation=-0.040912793645649224)
2026-08-13 11:27:02 | INFO | M07 | Pixel Pandas(_0=31, _1=21, Correlation=-0.009958964890021734)
2026-08-13 11:27:02 | INFO | M07 | Pixel Pandas(_0=31, _1=22, Correlation=0.16611182870334884)
2026-08-13 11:27:02 | INFO | M07 | Pixel Pandas(_0=31, _1=23, Correlation=0.4524131754626639)
2026-08-13 11:27:02 | INFO | M07 | Pixel Pandas(_0=31, _1=24, Correlation=-0.0015766039933982632)
2026-08-13 11:27:02 | INFO | M07 | Pixel Pandas(_0=31, _1=25, Correlation=0.03423937971811135)
2026-08-13 11:27:02 | INFO | M07 | Pixel Pandas(_0=31, _1=26, Correlation=0.045083930039227775)
2026-08-13 11:27:02 | INFO | M07 | Pixel Pandas(_0=31, _1=27, Correlation=0.019504198427039647)
2026-08-13 11:27:02 | INFO | M07 | Pixel Pandas(_0=31, _1=28, Correlation=-0.0051998536546188695)
2026-08-13 11:27:02 | INFO | M07 | Pixel Pandas(_0=31, _1=29, Correlation=0.049868001882896744)
2026-08-13 11:27:02 | INFO | M07 | Pixel Pandas(_0=31, _1=30, Correlation=0.14651541443826885)
2026-08-13 11:27:02 | INFO | M07 | Pixel Pandas(_0=31, _1=31, Correlation=1.0)
2026-08-13 11:27:02 | INFO | M07 | Pixel Pandas(_0=31, _1=32, Correlation=nan)
2026-08-13 11:27:02 | INFO | M07 | Pixel Pandas(_0=31, _1=33, Correlation=0.03272278995674794)
2026-08-13 11:27:02 | INFO | M07 | Pixel Pandas(_0=31, _1=34, Correlation=0.0529084721722506)
2026-08-13 11:27:02 | INFO | M07 | Pixel Pandas(_0=31, _1=35, Correlation=0.014533151268267548)
2026-08-13 11:27:02 | INFO | M07 | Pixel Pandas(_0=31, _1=36, Correlation=-0.0024016056902151374)
2026-08-13 11:27:02 | INFO | M07 | Pixel Pandas(_0=31, _1=37, Correlation=0.040286914866412823)
2026-08-13 11:27:02 | INFO | M07 | Pixel Pandas(_0=31, _1=38, Correlation=0.0346026376207498)
2026-08-13 11:27:02 | INFO | M07 | Pixel Pandas(_0=31, _1=39, Correlation=nan)
2026-08-13 11:27:02 | INFO | M07 | Pixel Pandas(_0=31, _1=40, Correlation=0.1598101390795706)
2026-08-13 11:27:02 | INFO | M07 | Pixel Pandas(_0=31, _1=41, Correlation=0.03828437762182485)
2026-08-13 11:27:02 | INFO | M07 | Pixel Pandas(_0=31, _1=42, Correlation=-0.017209322434124475)
2026-08-13 11:27:02 | INFO | M07 | Pixel Pandas(_0=31, _1=43, Correlation=-0.01634285620516798)
2026-08-13 11:27:02 | INFO | M07 | Pixel Pandas(_0=31, _1=44, Correlation=0.015682577562811124)
2026-08-13 11:27:02 | INFO | M07 | Pixel Pandas(_0=31, _1=45, Correlation=0.018776140446963026)
2026-08-13 11:27:02 | INFO | M07 | Pixel Pandas(_0=31, _1=46, Correlation=-0.024068285856618927)
2026-08-13 11:27:02 | INFO | M07 | Pixel Pandas(_0=31, _1=47, Correlation=-0.004191477986887857)
2026-08-13 11:27:02 | INFO | M07 | Pixel Pandas(_0=31, _1=48, Correlation=0.4610117159476236)
2026-08-13 11:27:02 | INFO | M07 | Pixel Pandas(_0=31, _1=49, Correlation=0.08916589813778533)
2026-08-13 11:27:02 | INFO | M07 | Pixel Pandas(_0=31, _1=50, Correlation=-0.0293539040804967)
2026-08-13 11:27:02 | INFO | M07 | Pixel Pandas(_0=31, _1=51, Correlation=-0.004874030792193377)
2026-08-13 11:27:02 | INFO | M07 | Pixel Pandas(_0=31, _1=52, Correlation=0.03193411020851679)
2026-08-13 11:27:02 | INFO | M07 | Pixel Pandas(_0=31, _1=53, Correlation=-0.019650428296973152)
2026-08-13 11:27:02 | INFO | M07 | Pixel Pandas(_0=31, _1=54, Correlation=-0.03577549772590399)
2026-08-13 11:27:02 | INFO | M07 | Pixel Pandas(_0=31, _1=55, Correlation=-0.009908651314701443)
2026-08-13 11:27:02 | INFO | M07 | Pixel Pandas(_0=31, _1=56, Correlation=-0.001114516967795025)
2026-08-13 11:27:02 | INFO | M07 | Pixel Pandas(_0=31, _1=57, Correlation=-0.014126324506702795)
2026-08-13 11:27:02 | INFO | M07 | Pixel Pandas(_0=31, _1=58, Correlation=-0.05145415840931534)
2026-08-13 11:27:02 | INFO | M07 | Pixel Pandas(_0=31, _1=59, Correlation=-0.0306608462829208)
2026-08-13 11:27:02 | INFO | M07 | Pixel Pandas(_0=31, _1=60, Correlation=0.001827730903796703)
2026-08-13 11:27:02 | INFO | M07 | Pixel Pandas(_0=31, _1=61, Correlation=-0.038145147330314745)
2026-08-13 11:27:02 | INFO | M07 | Pixel Pandas(_0=31, _1=62, Correlation=-0.02388398942603111)
2026-08-13 11:27:02 | INFO | M07 | Pixel Pandas(_0=31, _1=63, Correlation=-0.0092579020523197)
2026-08-13 11:27:02 | INFO | M07 | Pixel Pandas(_0=32, _1=0, Correlation=nan)
2026-08-13 11:27:02 | INFO | M07 | Pixel Pandas(_0=32, _1=1, Correlation=nan)
2026-08-13 11:27:02 | INFO | M07 | Pixel Pandas(_0=32, _1=2, Correlation=nan)
2026-08-13 11:27:02 | INFO | M07 | Pixel Pandas(_0=32, _1=3, Correlation=nan)
2026-08-13 11:27:02 | INFO | M07 | Pixel Pandas(_0=32, _1=4, Correlation=nan)
2026-08-13 11:27:02 | INFO | M07 | Pixel Pandas(_0=32, _1=5, Correlation=nan)
2026-08-13 11:27:02 | INFO | M07 | Pixel Pandas(_0=32, _1=6, Correlation=nan)
2026-08-13 11:27:02 | INFO | M07 | Pixel Pandas(_0=32, _1=7, Correlation=nan)
2026-08-13 11:27:02 | INFO | M07 | Pixel Pandas(_0=32, _1=8, Correlation=nan)
2026-08-13 11:27:02 | INFO | M07 | Pixel Pandas(_0=32, _1=9, Correlation=nan)
2026-08-13 11:27:02 | INFO | M07 | Pixel Pandas(_0=32, _1=10, Correlation=nan)
2026-08-13 11:27:02 | INFO | M07 | Pixel Pandas(_0=32, _1=11, Correlation=nan)
2026-08-13 11:27:02 | INFO | M07 | Pixel Pandas(_0=32, _1=12, Correlation=nan)
2026-08-13 11:27:02 | INFO | M07 | Pixel Pandas(_0=32, _1=13, Correlation=nan)
2026-08-13 11:27:02 | INFO | M07 | Pixel Pandas(_0=32, _1=14, Correlation=nan)
2026-08-13 11:27:02 | INFO | M07 | Pixel Pandas(_0=32, _1=15, Correlation=nan)
2026-08-13 11:27:02 | INFO | M07 | Pixel Pandas(_0=32, _1=16, Correlation=nan)
2026-08-13 11:27:02 | INFO | M07 | Pixel Pandas(_0=32, _1=17, Correlation=nan)
2026-08-13 11:27:02 | INFO | M07 | Pixel Pandas(_0=32, _1=18, Correlation=nan)
2026-08-13 11:27:02 | INFO | M07 | Pixel Pandas(_0=32, _1=19, Correlation=nan)
2026-08-13 11:27:02 | INFO | M07 | Pixel Pandas(_0=32, _1=20, Correlation=nan)
2026-08-13 11:27:02 | INFO | M07 | Pixel Pandas(_0=32, _1=21, Correlation=nan)
2026-08-13 11:27:02 | INFO | M07 | Pixel Pandas(_0=32, _1=22, Correlation=nan)
2026-08-13 11:27:02 | INFO | M07 | Pixel Pandas(_0=32, _1=23, Correlation=nan)
2026-08-13 11:27:02 | INFO | M07 | Pixel Pandas(_0=32, _1=24, Correlation=nan)
2026-08-13 11:27:02 | INFO | M07 | Pixel Pandas(_0=32, _1=25, Correlation=nan)
2026-08-13 11:27:02 | INFO | M07 | Pixel Pandas(_0=32, _1=26, Correlation=nan)
2026-08-13 11:27:02 | INFO | M07 | Pixel Pandas(_0=32, _1=27, Correlation=nan)
2026-08-13 11:27:02 | INFO | M07 | Pixel Pandas(_0=32, _1=28, Correlation=nan)
2026-08-13 11:27:02 | INFO | M07 | Pixel Pandas(_0=32, _1=29, Correlation=nan)
2026-08-13 11:27:02 | INFO | M07 | Pixel Pandas(_0=32, _1=30, Correlation=nan)
2026-08-13 11:27:02 | INFO | M07 | Pixel Pandas(_0=32, _1=31, Correlation=nan)
2026-08-13 11:27:02 | INFO | M07 | Pixel Pandas(_0=32, _1=32, Correlation=nan)
2026-08-13 11:27:02 | INFO | M07 | Pixel Pandas(_0=32, _1=33, Correlation=nan)
2026-08-13 11:27:02 | INFO | M07 | Pixel Pandas(_0=32, _1=34, Correlation=nan)
2026-08-13 11:27:02 | INFO | M07 | Pixel Pandas(_0=32, _1=35, Correlation=nan)
2026-08-13 11:27:02 | INFO | M07 | Pixel Pandas(_0=32, _1=36, Correlation=nan)
2026-08-13 11:27:02 | INFO | M07 | Pixel Pandas(_0=32, _1=37, Correlation=nan)
2026-08-13 11:27:02 | INFO | M07 | Pixel Pandas(_0=32, _1=38, Correlation=nan)
2026-08-13 11:27:02 | INFO | M07 | Pixel Pandas(_0=32, _1=39, Correlation=nan)
2026-08-13 11:27:02 | INFO | M07 | Pixel Pandas(_0=32, _1=40, Correlation=nan)
2026-08-13 11:27:02 | INFO | M07 | Pixel Pandas(_0=32, _1=41, Correlation=nan)
2026-08-13 11:27:02 | INFO | M07 | Pixel Pandas(_0=32, _1=42, Correlation=nan)
2026-08-13 11:27:02 | INFO | M07 | Pixel Pandas(_0=32, _1=43, Correlation=nan)
2026-08-13 11:27:02 | INFO | M07 | Pixel Pandas(_0=32, _1=44, Correlation=nan)
2026-08-13 11:27:02 | INFO | M07 | Pixel Pandas(_0=32, _1=45, Correlation=nan)
2026-08-13 11:27:02 | INFO | M07 | Pixel Pandas(_0=32, _1=46, Correlation=nan)
2026-08-13 11:27:02 | INFO | M07 | Pixel Pandas(_0=32, _1=47, Correlation=nan)
2026-08-13 11:27:02 | INFO | M07 | Pixel Pandas(_0=32, _1=48, Correlation=nan)
2026-08-13 11:27:02 | INFO | M07 | Pixel Pandas(_0=32, _1=49, Correlation=nan)
2026-08-13 11:27:02 | INFO | M07 | Pixel Pandas(_0=32, _1=50, Correlation=nan)
2026-08-13 11:27:02 | INFO | M07 | Pixel Pandas(_0=32, _1=51, Correlation=nan)
2026-08-13 11:27:02 | INFO | M07 | Pixel Pandas(_0=32, _1=52, Correlation=nan)
2026-08-13 11:27:02 | INFO | M07 | Pixel Pandas(_0=32, _1=53, Correlation=nan)
2026-08-13 11:27:02 | INFO | M07 | Pixel Pandas(_0=32, _1=54, Correlation=nan)
2026-08-13 11:27:02 | INFO | M07 | Pixel Pandas(_0=32, _1=55, Correlation=nan)
2026-08-13 11:27:02 | INFO | M07 | Pixel Pandas(_0=32, _1=56, Correlation=nan)
2026-08-13 11:27:02 | INFO | M07 | Pixel Pandas(_0=32, _1=57, Correlation=nan)
2026-08-13 11:27:02 | INFO | M07 | Pixel Pandas(_0=32, _1=58, Correlation=nan)
2026-08-13 11:27:02 | INFO | M07 | Pixel Pandas(_0=32, _1=59, Correlation=nan)
2026-08-13 11:27:02 | INFO | M07 | Pixel Pandas(_0=32, _1=60, Correlation=nan)
2026-08-13 11:27:02 | INFO | M07 | Pixel Pandas(_0=32, _1=61, Correlation=nan)
2026-08-13 11:27:02 | INFO | M07 | Pixel Pandas(_0=32, _1=62, Correlation=nan)
2026-08-13 11:27:02 | INFO | M07 | Pixel Pandas(_0=32, _1=63, Correlation=nan)
2026-08-13 11:27:02 | INFO | M07 | Pixel Pandas(_0=33, _1=0, Correlation=nan)
2026-08-13 11:27:02 | INFO | M07 | Pixel Pandas(_0=33, _1=1, Correlation=-0.16829563417146196)
2026-08-13 11:27:02 | INFO | M07 | Pixel Pandas(_0=33, _1=2, Correlation=-0.3440611715266622)
2026-08-13 11:27:02 | INFO | M07 | Pixel Pandas(_0=33, _1=3, Correlation=-0.22745538868707643)
2026-08-13 11:27:02 | INFO | M07 | Pixel Pandas(_0=33, _1=4, Correlation=-0.028072617468759643)
2026-08-13 11:27:02 | INFO | M07 | Pixel Pandas(_0=33, _1=5, Correlation=-0.1898096149080383)
2026-08-13 11:27:02 | INFO | M07 | Pixel Pandas(_0=33, _1=6, Correlation=-0.1298782477809253)
2026-08-13 11:27:02 | INFO | M07 | Pixel Pandas(_0=33, _1=7, Correlation=-0.05691996504152078)
2026-08-13 11:27:02 | INFO | M07 | Pixel Pandas(_0=33, _1=8, Correlation=-0.031232502253567506)
2026-08-13 11:27:02 | INFO | M07 | Pixel Pandas(_0=33, _1=9, Correlation=-0.2830190248773428)
2026-08-13 11:27:02 | INFO | M07 | Pixel Pandas(_0=33, _1=10, Correlation=-0.2720184945725937)
2026-08-13 11:27:02 | INFO | M07 | Pixel Pandas(_0=33, _1=11, Correlation=0.20181139252805355)
2026-08-13 11:27:02 | INFO | M07 | Pixel Pandas(_0=33, _1=12, Correlation=-0.15615835539718256)
2026-08-13 11:27:02 | INFO | M07 | Pixel Pandas(_0=33, _1=13, Correlation=-0.25770135056187243)
2026-08-13 11:27:02 | INFO | M07 | Pixel Pandas(_0=33, _1=14, Correlation=-0.11403349035413983)
2026-08-13 11:27:02 | INFO | M07 | Pixel Pandas(_0=33, _1=15, Correlation=0.001574040321465414)
2026-08-13 11:27:02 | INFO | M07 | Pixel Pandas(_0=33, _1=16, Correlation=-0.030004662029443005)
2026-08-13 11:27:02 | INFO | M07 | Pixel Pandas(_0=33, _1=17, Correlation=-0.10682162508240292)
2026-08-13 11:27:02 | INFO | M07 | Pixel Pandas(_0=33, _1=18, Correlation=0.22627814094378607)
2026-08-13 11:27:02 | INFO | M07 | Pixel Pandas(_0=33, _1=19, Correlation=0.12802005620224852)
2026-08-13 11:27:02 | INFO | M07 | Pixel Pandas(_0=33, _1=20, Correlation=-0.33372454010142066)
2026-08-13 11:27:02 | INFO | M07 | Pixel Pandas(_0=33, _1=21, Correlation=-0.11835617515488275)
2026-08-13 11:27:02 | INFO | M07 | Pixel Pandas(_0=33, _1=22, Correlation=0.16116469563310118)
2026-08-13 11:27:02 | INFO | M07 | Pixel Pandas(_0=33, _1=23, Correlation=0.08551658712421135)
2026-08-13 11:27:02 | INFO | M07 | Pixel Pandas(_0=33, _1=24, Correlation=0.001540194891506752)
2026-08-13 11:27:02 | INFO | M07 | Pixel Pandas(_0=33, _1=25, Correlation=0.503630658482792)
2026-08-13 11:27:02 | INFO | M07 | Pixel Pandas(_0=33, _1=26, Correlation=0.471370357210625)
2026-08-13 11:27:02 | INFO | M07 | Pixel Pandas(_0=33, _1=27, Correlation=-0.31708351086250697)
2026-08-13 11:27:02 | INFO | M07 | Pixel Pandas(_0=33, _1=28, Correlation=-0.433219368017936)
2026-08-13 11:27:02 | INFO | M07 | Pixel Pandas(_0=33, _1=29, Correlation=0.08089819767950789)
2026-08-13 11:27:02 | INFO | M07 | Pixel Pandas(_0=33, _1=30, Correlation=0.38263808604672994)
2026-08-13 11:27:02 | INFO | M07 | Pixel Pandas(_0=33, _1=31, Correlation=0.03272278995674794)
2026-08-13 11:27:02 | INFO | M07 | Pixel Pandas(_0=33, _1=32, Correlation=nan)
2026-08-13 11:27:02 | INFO | M07 | Pixel Pandas(_0=33, _1=33, Correlation=1.0)
2026-08-13 11:27:02 | INFO | M07 | Pixel Pandas(_0=33, _1=34, Correlation=0.6293816538163896)
2026-08-13 11:27:02 | INFO | M07 | Pixel Pandas(_0=33, _1=35, Correlation=-0.09411915338421986)
2026-08-13 11:27:02 | INFO | M07 | Pixel Pandas(_0=33, _1=36, Correlation=-0.09256132558282919)
2026-08-13 11:27:02 | INFO | M07 | Pixel Pandas(_0=33, _1=37, Correlation=0.2641749573664338)
2026-08-13 11:27:02 | INFO | M07 | Pixel Pandas(_0=33, _1=38, Correlation=0.3740426168247095)
2026-08-13 11:27:02 | INFO | M07 | Pixel Pandas(_0=33, _1=39, Correlation=nan)
2026-08-13 11:27:02 | INFO | M07 | Pixel Pandas(_0=33, _1=40, Correlation=0.15489365898989937)
2026-08-13 11:27:02 | INFO | M07 | Pixel Pandas(_0=33, _1=41, Correlation=0.6709153535558994)
2026-08-13 11:27:02 | INFO | M07 | Pixel Pandas(_0=33, _1=42, Correlation=0.47936600121423323)
2026-08-13 11:27:02 | INFO | M07 | Pixel Pandas(_0=33, _1=43, Correlation=0.10028513146581824)
2026-08-13 11:27:02 | INFO | M07 | Pixel Pandas(_0=33, _1=44, Correlation=0.11191708725737153)
2026-08-13 11:27:02 | INFO | M07 | Pixel Pandas(_0=33, _1=45, Correlation=0.20703543672158214)
2026-08-13 11:27:02 | INFO | M07 | Pixel Pandas(_0=33, _1=46, Correlation=0.029907525513835326)
2026-08-13 11:27:02 | INFO | M07 | Pixel Pandas(_0=33, _1=47, Correlation=-0.037806116506469)
2026-08-13 11:27:02 | INFO | M07 | Pixel Pandas(_0=33, _1=48, Correlation=0.029444328651923677)
2026-08-13 11:27:02 | INFO | M07 | Pixel Pandas(_0=33, _1=49, Correlation=0.023660653383261107)
2026-08-13 11:27:02 | INFO | M07 | Pixel Pandas(_0=33, _1=50, Correlation=-0.01964845450311765)
2026-08-13 11:27:02 | INFO | M07 | Pixel Pandas(_0=33, _1=51, Correlation=-0.033481889322019016)
2026-08-13 11:27:02 | INFO | M07 | Pixel Pandas(_0=33, _1=52, Correlation=0.1599216796923514)
2026-08-13 11:27:02 | INFO | M07 | Pixel Pandas(_0=33, _1=53, Correlation=-0.07776489455474014)
2026-08-13 11:27:02 | INFO | M07 | Pixel Pandas(_0=33, _1=54, Correlation=-0.19178260187750848)
2026-08-13 11:27:02 | INFO | M07 | Pixel Pandas(_0=33, _1=55, Correlation=-0.11082573904107598)
2026-08-13 11:27:02 | INFO | M07 | Pixel Pandas(_0=33, _1=56, Correlation=-0.015865604755317595)
2026-08-13 11:27:02 | INFO | M07 | Pixel Pandas(_0=33, _1=57, Correlation=-0.1413346088294983)
2026-08-13 11:27:02 | INFO | M07 | Pixel Pandas(_0=33, _1=58, Correlation=-0.33770887540335237)
2026-08-13 11:27:02 | INFO | M07 | Pixel Pandas(_0=33, _1=59, Correlation=-0.212700265081131)
2026-08-13 11:27:02 | INFO | M07 | Pixel Pandas(_0=33, _1=60, Correlation=0.020895423837795708)
2026-08-13 11:27:02 | INFO | M07 | Pixel Pandas(_0=33, _1=61, Correlation=-0.2155194669150687)
2026-08-13 11:27:02 | INFO | M07 | Pixel Pandas(_0=33, _1=62, Correlation=-0.21680223420983502)
2026-08-13 11:27:02 | INFO | M07 | Pixel Pandas(_0=33, _1=63, Correlation=-0.11966323530561847)
2026-08-13 11:27:02 | INFO | M07 | Pixel Pandas(_0=34, _1=0, Correlation=nan)
2026-08-13 11:27:02 | INFO | M07 | Pixel Pandas(_0=34, _1=1, Correlation=-0.1784879189673064)
2026-08-13 11:27:02 | INFO | M07 | Pixel Pandas(_0=34, _1=2, Correlation=-0.3964311866635836)
2026-08-13 11:27:02 | INFO | M07 | Pixel Pandas(_0=34, _1=3, Correlation=-0.2243774345747321)
2026-08-13 11:27:02 | INFO | M07 | Pixel Pandas(_0=34, _1=4, Correlation=-0.01566389902042523)
2026-08-13 11:27:02 | INFO | M07 | Pixel Pandas(_0=34, _1=5, Correlation=-0.14095176914119448)
2026-08-13 11:27:02 | INFO | M07 | Pixel Pandas(_0=34, _1=6, Correlation=-0.06067991574959124)
2026-08-13 11:27:02 | INFO | M07 | Pixel Pandas(_0=34, _1=7, Correlation=-0.024309949995503604)
2026-08-13 11:27:02 | INFO | M07 | Pixel Pandas(_0=34, _1=8, Correlation=-0.02959259172874467)
2026-08-13 11:27:02 | INFO | M07 | Pixel Pandas(_0=34, _1=9, Correlation=-0.3535170995452592)
2026-08-13 11:27:02 | INFO | M07 | Pixel Pandas(_0=34, _1=10, Correlation=-0.341496192663618)
2026-08-13 11:27:02 | INFO | M07 | Pixel Pandas(_0=34, _1=11, Correlation=0.29298938111864437)
2026-08-13 11:27:02 | INFO | M07 | Pixel Pandas(_0=34, _1=12, Correlation=-0.1445676569142926)
2026-08-13 11:27:02 | INFO | M07 | Pixel Pandas(_0=34, _1=13, Correlation=-0.2849747709237419)
2026-08-13 11:27:02 | INFO | M07 | Pixel Pandas(_0=34, _1=14, Correlation=-0.08063443041191788)
2026-08-13 11:27:02 | INFO | M07 | Pixel Pandas(_0=34, _1=15, Correlation=0.008672397465368098)
2026-08-13 11:27:02 | INFO | M07 | Pixel Pandas(_0=34, _1=16, Correlation=-0.021647419144550668)
2026-08-13 11:27:02 | INFO | M07 | Pixel Pandas(_0=34, _1=17, Correlation=-0.21261647608291814)
2026-08-13 11:27:02 | INFO | M07 | Pixel Pandas(_0=34, _1=18, Correlation=0.1585356821161952)
2026-08-13 11:27:02 | INFO | M07 | Pixel Pandas(_0=34, _1=19, Correlation=0.2125623671012626)
2026-08-13 11:27:02 | INFO | M07 | Pixel Pandas(_0=34, _1=20, Correlation=-0.37334389979423876)
2026-08-13 11:27:02 | INFO | M07 | Pixel Pandas(_0=34, _1=21, Correlation=-0.2097669866747844)
2026-08-13 11:27:02 | INFO | M07 | Pixel Pandas(_0=34, _1=22, Correlation=0.08454234445733777)
2026-08-13 11:27:02 | INFO | M07 | Pixel Pandas(_0=34, _1=23, Correlation=0.09232068374488075)
2026-08-13 11:27:02 | INFO | M07 | Pixel Pandas(_0=34, _1=24, Correlation=0.0228734094537502)
2026-08-13 11:27:02 | INFO | M07 | Pixel Pandas(_0=34, _1=25, Correlation=0.2999802547839138)
2026-08-13 11:27:02 | INFO | M07 | Pixel Pandas(_0=34, _1=26, Correlation=0.5495970374858493)
2026-08-13 11:27:02 | INFO | M07 | Pixel Pandas(_0=34, _1=27, Correlation=-0.08101480066257642)
2026-08-13 11:27:02 | INFO | M07 | Pixel Pandas(_0=34, _1=28, Correlation=-0.42450691700978704)
2026-08-13 11:27:02 | INFO | M07 | Pixel Pandas(_0=34, _1=29, Correlation=-0.007288843560354791)
2026-08-13 11:27:02 | INFO | M07 | Pixel Pandas(_0=34, _1=30, Correlation=0.2833439011632691)
2026-08-13 11:27:02 | INFO | M07 | Pixel Pandas(_0=34, _1=31, Correlation=0.0529084721722506)
2026-08-13 11:27:02 | INFO | M07 | Pixel Pandas(_0=34, _1=32, Correlation=nan)
2026-08-13 11:27:02 | INFO | M07 | Pixel Pandas(_0=34, _1=33, Correlation=0.6293816538163896)
2026-08-13 11:27:02 | INFO | M07 | Pixel Pandas(_0=34, _1=34, Correlation=1.0)
2026-08-13 11:27:02 | INFO | M07 | Pixel Pandas(_0=34, _1=35, Correlation=0.3321314318114348)
2026-08-13 11:27:02 | INFO | M07 | Pixel Pandas(_0=34, _1=36, Correlation=0.014575292578881478)
2026-08-13 11:27:02 | INFO | M07 | Pixel Pandas(_0=34, _1=37, Correlation=0.1516360042650329)
2026-08-13 11:27:02 | INFO | M07 | Pixel Pandas(_0=34, _1=38, Correlation=0.2085529213314688)
2026-08-13 11:27:02 | INFO | M07 | Pixel Pandas(_0=34, _1=39, Correlation=nan)
2026-08-13 11:27:02 | INFO | M07 | Pixel Pandas(_0=34, _1=40, Correlation=0.05780105833643854)
2026-08-13 11:27:02 | INFO | M07 | Pixel Pandas(_0=34, _1=41, Correlation=0.40616274616073206)
2026-08-13 11:27:02 | INFO | M07 | Pixel Pandas(_0=34, _1=42, Correlation=0.6277894598747035)
2026-08-13 11:27:02 | INFO | M07 | Pixel Pandas(_0=34, _1=43, Correlation=0.24416844137845056)
2026-08-13 11:27:02 | INFO | M07 | Pixel Pandas(_0=34, _1=44, Correlation=0.13803976967998044)
2026-08-13 11:27:02 | INFO | M07 | Pixel Pandas(_0=34, _1=45, Correlation=0.09220670206623438)
2026-08-13 11:27:02 | INFO | M07 | Pixel Pandas(_0=34, _1=46, Correlation=0.03632168401372449)
2026-08-13 11:27:02 | INFO | M07 | Pixel Pandas(_0=34, _1=47, Correlation=0.06424718256286548)
2026-08-13 11:27:02 | INFO | M07 | Pixel Pandas(_0=34, _1=48, Correlation=0.019538802579148144)
2026-08-13 11:27:02 | INFO | M07 | Pixel Pandas(_0=34, _1=49, Correlation=-0.047830322500761156)
2026-08-13 11:27:02 | INFO | M07 | Pixel Pandas(_0=34, _1=50, Correlation=0.0019520636844633356)
2026-08-13 11:27:02 | INFO | M07 | Pixel Pandas(_0=34, _1=51, Correlation=0.09752581195969495)
2026-08-13 11:27:02 | INFO | M07 | Pixel Pandas(_0=34, _1=52, Correlation=0.05211836174475228)
2026-08-13 11:27:02 | INFO | M07 | Pixel Pandas(_0=34, _1=53, Correlation=-0.16913796468996264)
2026-08-13 11:27:02 | INFO | M07 | Pixel Pandas(_0=34, _1=54, Correlation=-0.13638801939095893)
2026-08-13 11:27:02 | INFO | M07 | Pixel Pandas(_0=34, _1=55, Correlation=-0.05987685577568801)
2026-08-13 11:27:02 | INFO | M07 | Pixel Pandas(_0=34, _1=56, Correlation=-0.02861322090450476)
2026-08-13 11:27:02 | INFO | M07 | Pixel Pandas(_0=34, _1=57, Correlation=-0.15273408725112464)
2026-08-13 11:27:02 | INFO | M07 | Pixel Pandas(_0=34, _1=58, Correlation=-0.3771278666492302)
2026-08-13 11:27:02 | INFO | M07 | Pixel Pandas(_0=34, _1=59, Correlation=-0.2853887993397369)
2026-08-13 11:27:02 | INFO | M07 | Pixel Pandas(_0=34, _1=60, Correlation=-0.07178364484160928)
2026-08-13 11:27:02 | INFO | M07 | Pixel Pandas(_0=34, _1=61, Correlation=-0.20152029508818314)
2026-08-13 11:27:02 | INFO | M07 | Pixel Pandas(_0=34, _1=62, Correlation=-0.21175895980242454)
2026-08-13 11:27:02 | INFO | M07 | Pixel Pandas(_0=34, _1=63, Correlation=-0.1831114363049697)
2026-08-13 11:27:02 | INFO | M07 | Pixel Pandas(_0=35, _1=0, Correlation=nan)
2026-08-13 11:27:02 | INFO | M07 | Pixel Pandas(_0=35, _1=1, Correlation=0.04413943093762216)
2026-08-13 11:27:02 | INFO | M07 | Pixel Pandas(_0=35, _1=2, Correlation=-0.05571489746355522)
2026-08-13 11:27:02 | INFO | M07 | Pixel Pandas(_0=35, _1=3, Correlation=0.01760639201185485)
2026-08-13 11:27:02 | INFO | M07 | Pixel Pandas(_0=35, _1=4, Correlation=0.02659339016424007)
2026-08-13 11:27:02 | INFO | M07 | Pixel Pandas(_0=35, _1=5, Correlation=-0.015156275026612534)
2026-08-13 11:27:02 | INFO | M07 | Pixel Pandas(_0=35, _1=6, Correlation=0.024445140909629175)
2026-08-13 11:27:02 | INFO | M07 | Pixel Pandas(_0=35, _1=7, Correlation=-0.0015177995096836453)
2026-08-13 11:27:02 | INFO | M07 | Pixel Pandas(_0=35, _1=8, Correlation=0.028547877753852573)
2026-08-13 11:27:02 | INFO | M07 | Pixel Pandas(_0=35, _1=9, Correlation=-0.03277179969145036)
2026-08-13 11:27:02 | INFO | M07 | Pixel Pandas(_0=35, _1=10, Correlation=-0.1610277902750566)
2026-08-13 11:27:02 | INFO | M07 | Pixel Pandas(_0=35, _1=11, Correlation=0.18840528475880733)
2026-08-13 11:27:02 | INFO | M07 | Pixel Pandas(_0=35, _1=12, Correlation=0.005923888541297612)
2026-08-13 11:27:02 | INFO | M07 | Pixel Pandas(_0=35, _1=13, Correlation=-0.1806558257076202)
2026-08-13 11:27:02 | INFO | M07 | Pixel Pandas(_0=35, _1=14, Correlation=-0.0016145417322562749)
2026-08-13 11:27:02 | INFO | M07 | Pixel Pandas(_0=35, _1=15, Correlation=-0.011042799667990379)
2026-08-13 11:27:02 | INFO | M07 | Pixel Pandas(_0=35, _1=16, Correlation=0.010882478281304267)
2026-08-13 11:27:02 | INFO | M07 | Pixel Pandas(_0=35, _1=17, Correlation=-0.1237789357522063)
2026-08-13 11:27:02 | INFO | M07 | Pixel Pandas(_0=35, _1=18, Correlation=-0.17098566417995506)
2026-08-13 11:27:02 | INFO | M07 | Pixel Pandas(_0=35, _1=19, Correlation=0.1398808630989883)
2026-08-13 11:27:02 | INFO | M07 | Pixel Pandas(_0=35, _1=20, Correlation=0.07220790189604306)
2026-08-13 11:27:02 | INFO | M07 | Pixel Pandas(_0=35, _1=21, Correlation=-0.22567149302689407)
2026-08-13 11:27:02 | INFO | M07 | Pixel Pandas(_0=35, _1=22, Correlation=-0.12064729857827829)
2026-08-13 11:27:02 | INFO | M07 | Pixel Pandas(_0=35, _1=23, Correlation=0.06491613138973215)
2026-08-13 11:27:02 | INFO | M07 | Pixel Pandas(_0=35, _1=24, Correlation=0.03690360787015659)
2026-08-13 11:27:02 | INFO | M07 | Pixel Pandas(_0=35, _1=25, Correlation=-0.16013511446387743)
2026-08-13 11:27:02 | INFO | M07 | Pixel Pandas(_0=35, _1=26, Correlation=-0.021241855505444808)
2026-08-13 11:27:02 | INFO | M07 | Pixel Pandas(_0=35, _1=27, Correlation=0.33631208849355954)
2026-08-13 11:27:02 | INFO | M07 | Pixel Pandas(_0=35, _1=28, Correlation=0.18194227961929368)
2026-08-13 11:27:02 | INFO | M07 | Pixel Pandas(_0=35, _1=29, Correlation=-0.25710578505611725)
2026-08-13 11:27:02 | INFO | M07 | Pixel Pandas(_0=35, _1=30, Correlation=-0.16591853844144694)
2026-08-13 11:27:02 | INFO | M07 | Pixel Pandas(_0=35, _1=31, Correlation=0.014533151268267548)
2026-08-13 11:27:02 | INFO | M07 | Pixel Pandas(_0=35, _1=32, Correlation=nan)
2026-08-13 11:27:02 | INFO | M07 | Pixel Pandas(_0=35, _1=33, Correlation=-0.09411915338421986)
2026-08-13 11:27:02 | INFO | M07 | Pixel Pandas(_0=35, _1=34, Correlation=0.3321314318114348)
2026-08-13 11:27:02 | INFO | M07 | Pixel Pandas(_0=35, _1=35, Correlation=1.0)
2026-08-13 11:27:02 | INFO | M07 | Pixel Pandas(_0=35, _1=36, Correlation=0.5516080102991565)
2026-08-13 11:27:02 | INFO | M07 | Pixel Pandas(_0=35, _1=37, Correlation=-0.23774427860140723)
2026-08-13 11:27:02 | INFO | M07 | Pixel Pandas(_0=35, _1=38, Correlation=-0.274548466590307)
2026-08-13 11:27:02 | INFO | M07 | Pixel Pandas(_0=35, _1=39, Correlation=nan)
2026-08-13 11:27:02 | INFO | M07 | Pixel Pandas(_0=35, _1=40, Correlation=-0.04536463174634427)
2026-08-13 11:27:02 | INFO | M07 | Pixel Pandas(_0=35, _1=41, Correlation=-0.13099151875751347)
2026-08-13 11:27:02 | INFO | M07 | Pixel Pandas(_0=35, _1=42, Correlation=0.1836883841286994)
2026-08-13 11:27:02 | INFO | M07 | Pixel Pandas(_0=35, _1=43, Correlation=0.5511458471320609)
2026-08-13 11:27:02 | INFO | M07 | Pixel Pandas(_0=35, _1=44, Correlation=0.28479278148497666)
2026-08-13 11:27:02 | INFO | M07 | Pixel Pandas(_0=35, _1=45, Correlation=-0.31575762633441024)
2026-08-13 11:27:02 | INFO | M07 | Pixel Pandas(_0=35, _1=46, Correlation=-0.247423384866875)
2026-08-13 11:27:02 | INFO | M07 | Pixel Pandas(_0=35, _1=47, Correlation=0.0570721971412143)
2026-08-13 11:27:02 | INFO | M07 | Pixel Pandas(_0=35, _1=48, Correlation=-0.03215675413629421)
2026-08-13 11:27:02 | INFO | M07 | Pixel Pandas(_0=35, _1=49, Correlation=-0.08759081511538556)
2026-08-13 11:27:02 | INFO | M07 | Pixel Pandas(_0=35, _1=50, Correlation=-0.09755777214386571)
2026-08-13 11:27:02 | INFO | M07 | Pixel Pandas(_0=35, _1=51, Correlation=0.22758786454584962)
2026-08-13 11:27:02 | INFO | M07 | Pixel Pandas(_0=35, _1=52, Correlation=-0.02257802105708001)
2026-08-13 11:27:02 | INFO | M07 | Pixel Pandas(_0=35, _1=53, Correlation=-0.3308277141953061)
2026-08-13 11:27:02 | INFO | M07 | Pixel Pandas(_0=35, _1=54, Correlation=-0.0831762858936883)
2026-08-13 11:27:02 | INFO | M07 | Pixel Pandas(_0=35, _1=55, Correlation=-0.011155755695505159)
2026-08-13 11:27:02 | INFO | M07 | Pixel Pandas(_0=35, _1=56, Correlation=-0.011566517404071478)
2026-08-13 11:27:02 | INFO | M07 | Pixel Pandas(_0=35, _1=57, Correlation=0.048673121339786136)
2026-08-13 11:27:02 | INFO | M07 | Pixel Pandas(_0=35, _1=58, Correlation=-0.02821464488761956)
2026-08-13 11:27:02 | INFO | M07 | Pixel Pandas(_0=35, _1=59, Correlation=-0.07785688607607122)
2026-08-13 11:27:02 | INFO | M07 | Pixel Pandas(_0=35, _1=60, Correlation=-0.18340258649733904)
2026-08-13 11:27:02 | INFO | M07 | Pixel Pandas(_0=35, _1=61, Correlation=-0.10759638936728687)
2026-08-13 11:27:02 | INFO | M07 | Pixel Pandas(_0=35, _1=62, Correlation=-0.03137264838681249)
2026-08-13 11:27:02 | INFO | M07 | Pixel Pandas(_0=35, _1=63, Correlation=-0.09316610532970705)
2026-08-13 11:27:02 | INFO | M07 | Pixel Pandas(_0=36, _1=0, Correlation=nan)
2026-08-13 11:27:02 | INFO | M07 | Pixel Pandas(_0=36, _1=1, Correlation=-0.05985817977370568)
2026-08-13 11:27:02 | INFO | M07 | Pixel Pandas(_0=36, _1=2, Correlation=-0.12038660806176442)
2026-08-13 11:27:02 | INFO | M07 | Pixel Pandas(_0=36, _1=3, Correlation=-0.07796335542746768)
2026-08-13 11:27:02 | INFO | M07 | Pixel Pandas(_0=36, _1=4, Correlation=0.0699152422962309)
2026-08-13 11:27:02 | INFO | M07 | Pixel Pandas(_0=36, _1=5, Correlation=0.08389961682569357)
2026-08-13 11:27:02 | INFO | M07 | Pixel Pandas(_0=36, _1=6, Correlation=0.08379068320532725)
2026-08-13 11:27:02 | INFO | M07 | Pixel Pandas(_0=36, _1=7, Correlation=0.03597710001484543)
2026-08-13 11:27:02 | INFO | M07 | Pixel Pandas(_0=36, _1=8, Correlation=-0.0030038924668514466)
2026-08-13 11:27:02 | INFO | M07 | Pixel Pandas(_0=36, _1=9, Correlation=-0.0886869898891036)
2026-08-13 11:27:02 | INFO | M07 | Pixel Pandas(_0=36, _1=10, Correlation=-0.23131871968841483)
2026-08-13 11:27:02 | INFO | M07 | Pixel Pandas(_0=36, _1=11, Correlation=0.0900552275772891)
2026-08-13 11:27:02 | INFO | M07 | Pixel Pandas(_0=36, _1=12, Correlation=0.008566150884450053)
2026-08-13 11:27:02 | INFO | M07 | Pixel Pandas(_0=36, _1=13, Correlation=-0.07090000571891726)
2026-08-13 11:27:02 | INFO | M07 | Pixel Pandas(_0=36, _1=14, Correlation=0.10516683686646325)
2026-08-13 11:27:02 | INFO | M07 | Pixel Pandas(_0=36, _1=15, Correlation=0.02827778905716568)
2026-08-13 11:27:02 | INFO | M07 | Pixel Pandas(_0=36, _1=16, Correlation=-0.035370120408559066)
2026-08-13 11:27:02 | INFO | M07 | Pixel Pandas(_0=36, _1=17, Correlation=-0.2089433175139481)
2026-08-13 11:27:02 | INFO | M07 | Pixel Pandas(_0=36, _1=18, Correlation=-0.25703344657646143)
2026-08-13 11:27:02 | INFO | M07 | Pixel Pandas(_0=36, _1=19, Correlation=0.07641009425207931)
2026-08-13 11:27:02 | INFO | M07 | Pixel Pandas(_0=36, _1=20, Correlation=0.15215953956609718)
2026-08-13 11:27:02 | INFO | M07 | Pixel Pandas(_0=36, _1=21, Correlation=-0.09877097207981404)
2026-08-13 11:27:02 | INFO | M07 | Pixel Pandas(_0=36, _1=22, Correlation=-0.0940266153708016)
2026-08-13 11:27:02 | INFO | M07 | Pixel Pandas(_0=36, _1=23, Correlation=0.04853613536974739)
2026-08-13 11:27:02 | INFO | M07 | Pixel Pandas(_0=36, _1=24, Correlation=-0.010138066017016424)
2026-08-13 11:27:02 | INFO | M07 | Pixel Pandas(_0=36, _1=25, Correlation=-0.17209542978975534)
2026-08-13 11:27:02 | INFO | M07 | Pixel Pandas(_0=36, _1=26, Correlation=-0.1806824133678806)
2026-08-13 11:27:02 | INFO | M07 | Pixel Pandas(_0=36, _1=27, Correlation=0.10568875526135106)
2026-08-13 11:27:02 | INFO | M07 | Pixel Pandas(_0=36, _1=28, Correlation=0.38542529787104046)
2026-08-13 11:27:02 | INFO | M07 | Pixel Pandas(_0=36, _1=29, Correlation=-0.11667885030725896)
2026-08-13 11:27:02 | INFO | M07 | Pixel Pandas(_0=36, _1=30, Correlation=-0.27135674241380053)
2026-08-13 11:27:02 | INFO | M07 | Pixel Pandas(_0=36, _1=31, Correlation=-0.0024016056902151374)
2026-08-13 11:27:02 | INFO | M07 | Pixel Pandas(_0=36, _1=32, Correlation=nan)
2026-08-13 11:27:02 | INFO | M07 | Pixel Pandas(_0=36, _1=33, Correlation=-0.09256132558282919)
2026-08-13 11:27:02 | INFO | M07 | Pixel Pandas(_0=36, _1=34, Correlation=0.014575292578881478)
2026-08-13 11:27:02 | INFO | M07 | Pixel Pandas(_0=36, _1=35, Correlation=0.5516080102991565)
2026-08-13 11:27:02 | INFO | M07 | Pixel Pandas(_0=36, _1=36, Correlation=1.0)
2026-08-13 11:27:02 | INFO | M07 | Pixel Pandas(_0=36, _1=37, Correlation=0.03121349291949779)
2026-08-13 11:27:02 | INFO | M07 | Pixel Pandas(_0=36, _1=38, Correlation=-0.35566406998928185)
2026-08-13 11:27:02 | INFO | M07 | Pixel Pandas(_0=36, _1=39, Correlation=nan)
2026-08-13 11:27:02 | INFO | M07 | Pixel Pandas(_0=36, _1=40, Correlation=-0.006350811872531147)
2026-08-13 11:27:02 | INFO | M07 | Pixel Pandas(_0=36, _1=41, Correlation=-0.0912136465993214)
2026-08-13 11:27:02 | INFO | M07 | Pixel Pandas(_0=36, _1=42, Correlation=-0.09306110691272125)
2026-08-13 11:27:02 | INFO | M07 | Pixel Pandas(_0=36, _1=43, Correlation=0.36986135874958037)
2026-08-13 11:27:02 | INFO | M07 | Pixel Pandas(_0=36, _1=44, Correlation=0.539656183504088)
2026-08-13 11:27:02 | INFO | M07 | Pixel Pandas(_0=36, _1=45, Correlation=-0.11139672707919543)
2026-08-13 11:27:02 | INFO | M07 | Pixel Pandas(_0=36, _1=46, Correlation=-0.2686136470197295)
2026-08-13 11:27:02 | INFO | M07 | Pixel Pandas(_0=36, _1=47, Correlation=0.0284613374500707)
2026-08-13 11:27:02 | INFO | M07 | Pixel Pandas(_0=36, _1=48, Correlation=-0.027533241082379617)
2026-08-13 11:27:02 | INFO | M07 | Pixel Pandas(_0=36, _1=49, Correlation=-0.16465225966964234)
2026-08-13 11:27:02 | INFO | M07 | Pixel Pandas(_0=36, _1=50, Correlation=-0.3459597291375671)
2026-08-13 11:27:02 | INFO | M07 | Pixel Pandas(_0=36, _1=51, Correlation=0.1475683309799021)
2026-08-13 11:27:02 | INFO | M07 | Pixel Pandas(_0=36, _1=52, Correlation=0.11464100495088615)
2026-08-13 11:27:02 | INFO | M07 | Pixel Pandas(_0=36, _1=53, Correlation=-0.2826471967085331)
2026-08-13 11:27:02 | INFO | M07 | Pixel Pandas(_0=36, _1=54, Correlation=-0.04314832130552416)
2026-08-13 11:27:02 | INFO | M07 | Pixel Pandas(_0=36, _1=55, Correlation=0.06330612722181095)
2026-08-13 11:27:02 | INFO | M07 | Pixel Pandas(_0=36, _1=56, Correlation=0.01471193296083632)
2026-08-13 11:27:02 | INFO | M07 | Pixel Pandas(_0=36, _1=57, Correlation=-0.05397617447092478)
2026-08-13 11:27:02 | INFO | M07 | Pixel Pandas(_0=36, _1=58, Correlation=-0.09321742609899236)
2026-08-13 11:27:02 | INFO | M07 | Pixel Pandas(_0=36, _1=59, Correlation=-0.11661001031842841)
2026-08-13 11:27:02 | INFO | M07 | Pixel Pandas(_0=36, _1=60, Correlation=-0.18135707993575514)
2026-08-13 11:27:02 | INFO | M07 | Pixel Pandas(_0=36, _1=61, Correlation=-0.06711351036649536)
2026-08-13 11:27:02 | INFO | M07 | Pixel Pandas(_0=36, _1=62, Correlation=0.05618582484306988)
2026-08-13 11:27:02 | INFO | M07 | Pixel Pandas(_0=36, _1=63, Correlation=0.07372655548431307)
2026-08-13 11:27:02 | INFO | M07 | Pixel Pandas(_0=37, _1=0, Correlation=nan)
2026-08-13 11:27:02 | INFO | M07 | Pixel Pandas(_0=37, _1=1, Correlation=-0.23577619485488246)
2026-08-13 11:27:02 | INFO | M07 | Pixel Pandas(_0=37, _1=2, Correlation=-0.27978959192587516)
2026-08-13 11:27:02 | INFO | M07 | Pixel Pandas(_0=37, _1=3, Correlation=-0.22649258045697337)
2026-08-13 11:27:02 | INFO | M07 | Pixel Pandas(_0=37, _1=4, Correlation=0.08908592596953357)
2026-08-13 11:27:02 | INFO | M07 | Pixel Pandas(_0=37, _1=5, Correlation=0.07096261039313378)
2026-08-13 11:27:02 | INFO | M07 | Pixel Pandas(_0=37, _1=6, Correlation=0.08608484915776345)
2026-08-13 11:27:02 | INFO | M07 | Pixel Pandas(_0=37, _1=7, Correlation=0.06954244354691522)
2026-08-13 11:27:02 | INFO | M07 | Pixel Pandas(_0=37, _1=8, Correlation=-0.05983254693092681)
2026-08-13 11:27:02 | INFO | M07 | Pixel Pandas(_0=37, _1=9, Correlation=-0.2431449670030093)
2026-08-13 11:27:02 | INFO | M07 | Pixel Pandas(_0=37, _1=10, Correlation=-0.19857804758035383)
2026-08-13 11:27:02 | INFO | M07 | Pixel Pandas(_0=37, _1=11, Correlation=-0.08601926004370643)
2026-08-13 11:27:02 | INFO | M07 | Pixel Pandas(_0=37, _1=12, Correlation=-0.07645689233384649)
2026-08-13 11:27:02 | INFO | M07 | Pixel Pandas(_0=37, _1=13, Correlation=0.034391623888321676)
2026-08-13 11:27:02 | INFO | M07 | Pixel Pandas(_0=37, _1=14, Correlation=0.1049201493653765)
2026-08-13 11:27:02 | INFO | M07 | Pixel Pandas(_0=37, _1=15, Correlation=0.10168778725295906)
2026-08-13 11:27:02 | INFO | M07 | Pixel Pandas(_0=37, _1=16, Correlation=-0.042153963803874366)
2026-08-13 11:27:02 | INFO | M07 | Pixel Pandas(_0=37, _1=17, Correlation=-0.19148192874674821)
2026-08-13 11:27:02 | INFO | M07 | Pixel Pandas(_0=37, _1=18, Correlation=0.010524030051555298)
2026-08-13 11:27:02 | INFO | M07 | Pixel Pandas(_0=37, _1=19, Correlation=-0.044234466664766194)
2026-08-13 11:27:02 | INFO | M07 | Pixel Pandas(_0=37, _1=20, Correlation=-0.1864848531176219)
2026-08-13 11:27:02 | INFO | M07 | Pixel Pandas(_0=37, _1=21, Correlation=0.13908106838722714)
2026-08-13 11:27:02 | INFO | M07 | Pixel Pandas(_0=37, _1=22, Correlation=0.21846089797495016)
2026-08-13 11:27:02 | INFO | M07 | Pixel Pandas(_0=37, _1=23, Correlation=0.11807683406083172)
2026-08-13 11:27:02 | INFO | M07 | Pixel Pandas(_0=37, _1=24, Correlation=-0.02698136651647685)
2026-08-13 11:27:02 | INFO | M07 | Pixel Pandas(_0=37, _1=25, Correlation=0.08180749935290824)
2026-08-13 11:27:02 | INFO | M07 | Pixel Pandas(_0=37, _1=26, Correlation=0.1412991466183281)
2026-08-13 11:27:02 | INFO | M07 | Pixel Pandas(_0=37, _1=27, Correlation=-0.15739986617719406)
2026-08-13 11:27:02 | INFO | M07 | Pixel Pandas(_0=37, _1=28, Correlation=-0.05012715190946367)
2026-08-13 11:27:02 | INFO | M07 | Pixel Pandas(_0=37, _1=29, Correlation=0.5211002953459546)
2026-08-13 11:27:02 | INFO | M07 | Pixel Pandas(_0=37, _1=30, Correlation=0.2672107079379982)
2026-08-13 11:27:02 | INFO | M07 | Pixel Pandas(_0=37, _1=31, Correlation=0.040286914866412823)
2026-08-13 11:27:02 | INFO | M07 | Pixel Pandas(_0=37, _1=32, Correlation=nan)
2026-08-13 11:27:02 | INFO | M07 | Pixel Pandas(_0=37, _1=33, Correlation=0.2641749573664338)
2026-08-13 11:27:02 | INFO | M07 | Pixel Pandas(_0=37, _1=34, Correlation=0.1516360042650329)
2026-08-13 11:27:02 | INFO | M07 | Pixel Pandas(_0=37, _1=35, Correlation=-0.23774427860140723)
2026-08-13 11:27:02 | INFO | M07 | Pixel Pandas(_0=37, _1=36, Correlation=0.03121349291949779)
2026-08-13 11:27:02 | INFO | M07 | Pixel Pandas(_0=37, _1=37, Correlation=1.0)
2026-08-13 11:27:02 | INFO | M07 | Pixel Pandas(_0=37, _1=38, Correlation=0.5095796053324694)
2026-08-13 11:27:02 | INFO | M07 | Pixel Pandas(_0=37, _1=39, Correlation=nan)
2026-08-13 11:27:02 | INFO | M07 | Pixel Pandas(_0=37, _1=40, Correlation=0.04056451209849791)
2026-08-13 11:27:02 | INFO | M07 | Pixel Pandas(_0=37, _1=41, Correlation=0.17384359380049072)
2026-08-13 11:27:02 | INFO | M07 | Pixel Pandas(_0=37, _1=42, Correlation=-0.03414164317796516)
2026-08-13 11:27:02 | INFO | M07 | Pixel Pandas(_0=37, _1=43, Correlation=-0.27849241430443095)
2026-08-13 11:27:02 | INFO | M07 | Pixel Pandas(_0=37, _1=44, Correlation=-0.14777309040666917)
2026-08-13 11:27:02 | INFO | M07 | Pixel Pandas(_0=37, _1=45, Correlation=0.539746979013641)
2026-08-13 11:27:02 | INFO | M07 | Pixel Pandas(_0=37, _1=46, Correlation=0.35173972964332506)
2026-08-13 11:27:02 | INFO | M07 | Pixel Pandas(_0=37, _1=47, Correlation=0.04182573873602511)
2026-08-13 11:27:02 | INFO | M07 | Pixel Pandas(_0=37, _1=48, Correlation=0.009904853771410886)
2026-08-13 11:27:02 | INFO | M07 | Pixel Pandas(_0=37, _1=49, Correlation=-0.09032302202303868)
2026-08-13 11:27:02 | INFO | M07 | Pixel Pandas(_0=37, _1=50, Correlation=-0.2925675508408898)
2026-08-13 11:27:02 | INFO | M07 | Pixel Pandas(_0=37, _1=51, Correlation=-0.302750238839892)
2026-08-13 11:27:02 | INFO | M07 | Pixel Pandas(_0=37, _1=52, Correlation=-0.07154386719785079)
2026-08-13 11:27:02 | INFO | M07 | Pixel Pandas(_0=37, _1=53, Correlation=0.12283114273843455)
2026-08-13 11:27:02 | INFO | M07 | Pixel Pandas(_0=37, _1=54, Correlation=0.030009351418767257)
2026-08-13 11:27:02 | INFO | M07 | Pixel Pandas(_0=37, _1=55, Correlation=-0.09461514698530385)
2026-08-13 11:27:02 | INFO | M07 | Pixel Pandas(_0=37, _1=56, Correlation=-0.027114425168369538)
2026-08-13 11:27:02 | INFO | M07 | Pixel Pandas(_0=37, _1=57, Correlation=-0.22977373384963792)
2026-08-13 11:27:02 | INFO | M07 | Pixel Pandas(_0=37, _1=58, Correlation=-0.2723466137691336)
2026-08-13 11:27:02 | INFO | M07 | Pixel Pandas(_0=37, _1=59, Correlation=-0.19509956139425494)
2026-08-13 11:27:02 | INFO | M07 | Pixel Pandas(_0=37, _1=60, Correlation=0.018534437859130653)
2026-08-13 11:27:02 | INFO | M07 | Pixel Pandas(_0=37, _1=61, Correlation=-0.03112687229981572)
2026-08-13 11:27:02 | INFO | M07 | Pixel Pandas(_0=37, _1=62, Correlation=-0.1827004951097005)
2026-08-13 11:27:02 | INFO | M07 | Pixel Pandas(_0=37, _1=63, Correlation=-0.12473307441403374)
2026-08-13 11:27:02 | INFO | M07 | Pixel Pandas(_0=38, _1=0, Correlation=nan)
2026-08-13 11:27:02 | INFO | M07 | Pixel Pandas(_0=38, _1=1, Correlation=-0.17324529621501364)
2026-08-13 11:27:02 | INFO | M07 | Pixel Pandas(_0=38, _1=2, Correlation=-0.18332106838867396)
2026-08-13 11:27:02 | INFO | M07 | Pixel Pandas(_0=38, _1=3, Correlation=-0.03722331197045493)
2026-08-13 11:27:02 | INFO | M07 | Pixel Pandas(_0=38, _1=4, Correlation=0.05140823278878541)
2026-08-13 11:27:02 | INFO | M07 | Pixel Pandas(_0=38, _1=5, Correlation=-0.08335222446840258)
2026-08-13 11:27:02 | INFO | M07 | Pixel Pandas(_0=38, _1=6, Correlation=-0.05201264108102782)
2026-08-13 11:27:02 | INFO | M07 | Pixel Pandas(_0=38, _1=7, Correlation=-0.0030142594857919137)
2026-08-13 11:27:02 | INFO | M07 | Pixel Pandas(_0=38, _1=8, Correlation=-0.03857915560212339)
2026-08-13 11:27:02 | INFO | M07 | Pixel Pandas(_0=38, _1=9, Correlation=-0.15784217619283963)
2026-08-13 11:27:02 | INFO | M07 | Pixel Pandas(_0=38, _1=10, Correlation=-0.04598081308789367)
2026-08-13 11:27:02 | INFO | M07 | Pixel Pandas(_0=38, _1=11, Correlation=-0.012875617669889032)
2026-08-13 11:27:02 | INFO | M07 | Pixel Pandas(_0=38, _1=12, Correlation=-0.021440936668494063)
2026-08-13 11:27:02 | INFO | M07 | Pixel Pandas(_0=38, _1=13, Correlation=0.03907669066350688)
2026-08-13 11:27:02 | INFO | M07 | Pixel Pandas(_0=38, _1=14, Correlation=-0.05113446753953669)
2026-08-13 11:27:02 | INFO | M07 | Pixel Pandas(_0=38, _1=15, Correlation=0.012281493542169302)
2026-08-13 11:27:02 | INFO | M07 | Pixel Pandas(_0=38, _1=16, Correlation=-0.024093654757016355)
2026-08-13 11:27:02 | INFO | M07 | Pixel Pandas(_0=38, _1=17, Correlation=-0.05052557510949897)
2026-08-13 11:27:02 | INFO | M07 | Pixel Pandas(_0=38, _1=18, Correlation=0.10976111522425828)
2026-08-13 11:27:02 | INFO | M07 | Pixel Pandas(_0=38, _1=19, Correlation=-0.10200117702335959)
2026-08-13 11:27:02 | INFO | M07 | Pixel Pandas(_0=38, _1=20, Correlation=-0.19618201682857495)
2026-08-13 11:27:02 | INFO | M07 | Pixel Pandas(_0=38, _1=21, Correlation=0.1809294477448904)
2026-08-13 11:27:02 | INFO | M07 | Pixel Pandas(_0=38, _1=22, Correlation=0.16357125596514022)
2026-08-13 11:27:02 | INFO | M07 | Pixel Pandas(_0=38, _1=23, Correlation=0.04743180334387225)
2026-08-13 11:27:02 | INFO | M07 | Pixel Pandas(_0=38, _1=24, Correlation=-0.02746131773016566)
2026-08-13 11:27:02 | INFO | M07 | Pixel Pandas(_0=38, _1=25, Correlation=0.16441172231398984)
2026-08-13 11:27:02 | INFO | M07 | Pixel Pandas(_0=38, _1=26, Correlation=0.1548099028346087)
2026-08-13 11:27:02 | INFO | M07 | Pixel Pandas(_0=38, _1=27, Correlation=-0.2597554871489827)
2026-08-13 11:27:02 | INFO | M07 | Pixel Pandas(_0=38, _1=28, Correlation=-0.23195893438185516)
2026-08-13 11:27:02 | INFO | M07 | Pixel Pandas(_0=38, _1=29, Correlation=0.3631352706938032)
2026-08-13 11:27:02 | INFO | M07 | Pixel Pandas(_0=38, _1=30, Correlation=0.4816327342949894)
2026-08-13 11:27:02 | INFO | M07 | Pixel Pandas(_0=38, _1=31, Correlation=0.0346026376207498)
2026-08-13 11:27:02 | INFO | M07 | Pixel Pandas(_0=38, _1=32, Correlation=nan)
2026-08-13 11:27:02 | INFO | M07 | Pixel Pandas(_0=38, _1=33, Correlation=0.3740426168247095)
2026-08-13 11:27:02 | INFO | M07 | Pixel Pandas(_0=38, _1=34, Correlation=0.2085529213314688)
2026-08-13 11:27:02 | INFO | M07 | Pixel Pandas(_0=38, _1=35, Correlation=-0.274548466590307)
2026-08-13 11:27:02 | INFO | M07 | Pixel Pandas(_0=38, _1=36, Correlation=-0.35566406998928185)
2026-08-13 11:27:02 | INFO | M07 | Pixel Pandas(_0=38, _1=37, Correlation=0.5095796053324694)
2026-08-13 11:27:02 | INFO | M07 | Pixel Pandas(_0=38, _1=38, Correlation=1.0)
2026-08-13 11:27:02 | INFO | M07 | Pixel Pandas(_0=38, _1=39, Correlation=nan)
2026-08-13 11:27:02 | INFO | M07 | Pixel Pandas(_0=38, _1=40, Correlation=0.03951973084749754)
2026-08-13 11:27:02 | INFO | M07 | Pixel Pandas(_0=38, _1=41, Correlation=0.29293387209183674)
2026-08-13 11:27:02 | INFO | M07 | Pixel Pandas(_0=38, _1=42, Correlation=0.15860411449277934)
2026-08-13 11:27:02 | INFO | M07 | Pixel Pandas(_0=38, _1=43, Correlation=-0.1899673982845032)
2026-08-13 11:27:02 | INFO | M07 | Pixel Pandas(_0=38, _1=44, Correlation=-0.29774933153584127)
2026-08-13 11:27:02 | INFO | M07 | Pixel Pandas(_0=38, _1=45, Correlation=0.19504912140964661)
2026-08-13 11:27:02 | INFO | M07 | Pixel Pandas(_0=38, _1=46, Correlation=0.47721917019695503)
2026-08-13 11:27:02 | INFO | M07 | Pixel Pandas(_0=38, _1=47, Correlation=0.14772187674187975)
2026-08-13 11:27:02 | INFO | M07 | Pixel Pandas(_0=38, _1=48, Correlation=0.03636380733810484)
2026-08-13 11:27:02 | INFO | M07 | Pixel Pandas(_0=38, _1=49, Correlation=-0.015159258451128706)
2026-08-13 11:27:02 | INFO | M07 | Pixel Pandas(_0=38, _1=50, Correlation=-0.027450824850324716)
2026-08-13 11:27:02 | INFO | M07 | Pixel Pandas(_0=38, _1=51, Correlation=-0.13783726033658497)
2026-08-13 11:27:02 | INFO | M07 | Pixel Pandas(_0=38, _1=52, Correlation=-0.14321916164492526)
2026-08-13 11:27:02 | INFO | M07 | Pixel Pandas(_0=38, _1=53, Correlation=0.09830526687257213)
2026-08-13 11:27:02 | INFO | M07 | Pixel Pandas(_0=38, _1=54, Correlation=0.03133131208862313)
2026-08-13 11:27:02 | INFO | M07 | Pixel Pandas(_0=38, _1=55, Correlation=-0.07089187201889731)
2026-08-13 11:27:02 | INFO | M07 | Pixel Pandas(_0=38, _1=56, Correlation=-0.019412677309227536)
2026-08-13 11:27:02 | INFO | M07 | Pixel Pandas(_0=38, _1=57, Correlation=-0.1759667824758727)
2026-08-13 11:27:02 | INFO | M07 | Pixel Pandas(_0=38, _1=58, Correlation=-0.18202478421266163)
2026-08-13 11:27:02 | INFO | M07 | Pixel Pandas(_0=38, _1=59, Correlation=-0.04175576689567776)
2026-08-13 11:27:02 | INFO | M07 | Pixel Pandas(_0=38, _1=60, Correlation=0.023764031704569217)
2026-08-13 11:27:02 | INFO | M07 | Pixel Pandas(_0=38, _1=61, Correlation=-0.07518615418762785)
2026-08-13 11:27:02 | INFO | M07 | Pixel Pandas(_0=38, _1=62, Correlation=-0.1823572581940905)
2026-08-13 11:27:02 | INFO | M07 | Pixel Pandas(_0=38, _1=63, Correlation=-0.1502534695480026)
2026-08-13 11:27:02 | INFO | M07 | Pixel Pandas(_0=39, _1=0, Correlation=nan)
2026-08-13 11:27:02 | INFO | M07 | Pixel Pandas(_0=39, _1=1, Correlation=nan)
2026-08-13 11:27:02 | INFO | M07 | Pixel Pandas(_0=39, _1=2, Correlation=nan)
2026-08-13 11:27:02 | INFO | M07 | Pixel Pandas(_0=39, _1=3, Correlation=nan)
2026-08-13 11:27:02 | INFO | M07 | Pixel Pandas(_0=39, _1=4, Correlation=nan)
2026-08-13 11:27:02 | INFO | M07 | Pixel Pandas(_0=39, _1=5, Correlation=nan)
2026-08-13 11:27:02 | INFO | M07 | Pixel Pandas(_0=39, _1=6, Correlation=nan)
2026-08-13 11:27:02 | INFO | M07 | Pixel Pandas(_0=39, _1=7, Correlation=nan)
2026-08-13 11:27:02 | INFO | M07 | Pixel Pandas(_0=39, _1=8, Correlation=nan)
2026-08-13 11:27:02 | INFO | M07 | Pixel Pandas(_0=39, _1=9, Correlation=nan)
2026-08-13 11:27:02 | INFO | M07 | Pixel Pandas(_0=39, _1=10, Correlation=nan)
2026-08-13 11:27:02 | INFO | M07 | Pixel Pandas(_0=39, _1=11, Correlation=nan)
2026-08-13 11:27:02 | INFO | M07 | Pixel Pandas(_0=39, _1=12, Correlation=nan)
2026-08-13 11:27:02 | INFO | M07 | Pixel Pandas(_0=39, _1=13, Correlation=nan)
2026-08-13 11:27:02 | INFO | M07 | Pixel Pandas(_0=39, _1=14, Correlation=nan)
2026-08-13 11:27:02 | INFO | M07 | Pixel Pandas(_0=39, _1=15, Correlation=nan)
2026-08-13 11:27:02 | INFO | M07 | Pixel Pandas(_0=39, _1=16, Correlation=nan)
2026-08-13 11:27:02 | INFO | M07 | Pixel Pandas(_0=39, _1=17, Correlation=nan)
2026-08-13 11:27:02 | INFO | M07 | Pixel Pandas(_0=39, _1=18, Correlation=nan)
2026-08-13 11:27:02 | INFO | M07 | Pixel Pandas(_0=39, _1=19, Correlation=nan)
2026-08-13 11:27:02 | INFO | M07 | Pixel Pandas(_0=39, _1=20, Correlation=nan)
2026-08-13 11:27:02 | INFO | M07 | Pixel Pandas(_0=39, _1=21, Correlation=nan)
2026-08-13 11:27:02 | INFO | M07 | Pixel Pandas(_0=39, _1=22, Correlation=nan)
2026-08-13 11:27:02 | INFO | M07 | Pixel Pandas(_0=39, _1=23, Correlation=nan)
2026-08-13 11:27:02 | INFO | M07 | Pixel Pandas(_0=39, _1=24, Correlation=nan)
2026-08-13 11:27:02 | INFO | M07 | Pixel Pandas(_0=39, _1=25, Correlation=nan)
2026-08-13 11:27:02 | INFO | M07 | Pixel Pandas(_0=39, _1=26, Correlation=nan)
2026-08-13 11:27:02 | INFO | M07 | Pixel Pandas(_0=39, _1=27, Correlation=nan)
2026-08-13 11:27:02 | INFO | M07 | Pixel Pandas(_0=39, _1=28, Correlation=nan)
2026-08-13 11:27:02 | INFO | M07 | Pixel Pandas(_0=39, _1=29, Correlation=nan)
2026-08-13 11:27:02 | INFO | M07 | Pixel Pandas(_0=39, _1=30, Correlation=nan)
2026-08-13 11:27:02 | INFO | M07 | Pixel Pandas(_0=39, _1=31, Correlation=nan)
2026-08-13 11:27:02 | INFO | M07 | Pixel Pandas(_0=39, _1=32, Correlation=nan)
2026-08-13 11:27:02 | INFO | M07 | Pixel Pandas(_0=39, _1=33, Correlation=nan)
2026-08-13 11:27:02 | INFO | M07 | Pixel Pandas(_0=39, _1=34, Correlation=nan)
2026-08-13 11:27:02 | INFO | M07 | Pixel Pandas(_0=39, _1=35, Correlation=nan)
2026-08-13 11:27:02 | INFO | M07 | Pixel Pandas(_0=39, _1=36, Correlation=nan)
2026-08-13 11:27:02 | INFO | M07 | Pixel Pandas(_0=39, _1=37, Correlation=nan)
2026-08-13 11:27:02 | INFO | M07 | Pixel Pandas(_0=39, _1=38, Correlation=nan)
2026-08-13 11:27:02 | INFO | M07 | Pixel Pandas(_0=39, _1=39, Correlation=nan)
2026-08-13 11:27:02 | INFO | M07 | Pixel Pandas(_0=39, _1=40, Correlation=nan)
2026-08-13 11:27:02 | INFO | M07 | Pixel Pandas(_0=39, _1=41, Correlation=nan)
2026-08-13 11:27:02 | INFO | M07 | Pixel Pandas(_0=39, _1=42, Correlation=nan)
2026-08-13 11:27:02 | INFO | M07 | Pixel Pandas(_0=39, _1=43, Correlation=nan)
2026-08-13 11:27:02 | INFO | M07 | Pixel Pandas(_0=39, _1=44, Correlation=nan)
2026-08-13 11:27:02 | INFO | M07 | Pixel Pandas(_0=39, _1=45, Correlation=nan)
2026-08-13 11:27:02 | INFO | M07 | Pixel Pandas(_0=39, _1=46, Correlation=nan)
2026-08-13 11:27:02 | INFO | M07 | Pixel Pandas(_0=39, _1=47, Correlation=nan)
2026-08-13 11:27:02 | INFO | M07 | Pixel Pandas(_0=39, _1=48, Correlation=nan)
2026-08-13 11:27:02 | INFO | M07 | Pixel Pandas(_0=39, _1=49, Correlation=nan)
2026-08-13 11:27:02 | INFO | M07 | Pixel Pandas(_0=39, _1=50, Correlation=nan)
2026-08-13 11:27:02 | INFO | M07 | Pixel Pandas(_0=39, _1=51, Correlation=nan)
2026-08-13 11:27:02 | INFO | M07 | Pixel Pandas(_0=39, _1=52, Correlation=nan)
2026-08-13 11:27:02 | INFO | M07 | Pixel Pandas(_0=39, _1=53, Correlation=nan)
2026-08-13 11:27:02 | INFO | M07 | Pixel Pandas(_0=39, _1=54, Correlation=nan)
2026-08-13 11:27:02 | INFO | M07 | Pixel Pandas(_0=39, _1=55, Correlation=nan)
2026-08-13 11:27:02 | INFO | M07 | Pixel Pandas(_0=39, _1=56, Correlation=nan)
2026-08-13 11:27:02 | INFO | M07 | Pixel Pandas(_0=39, _1=57, Correlation=nan)
2026-08-13 11:27:02 | INFO | M07 | Pixel Pandas(_0=39, _1=58, Correlation=nan)
2026-08-13 11:27:03 | INFO | M07 | Pixel Pandas(_0=39, _1=59, Correlation=nan)
2026-08-13 11:27:03 | INFO | M07 | Pixel Pandas(_0=39, _1=60, Correlation=nan)
2026-08-13 11:27:03 | INFO | M07 | Pixel Pandas(_0=39, _1=61, Correlation=nan)
2026-08-13 11:27:03 | INFO | M07 | Pixel Pandas(_0=39, _1=62, Correlation=nan)
2026-08-13 11:27:03 | INFO | M07 | Pixel Pandas(_0=39, _1=63, Correlation=nan)
2026-08-13 11:27:03 | INFO | M07 | Pixel Pandas(_0=40, _1=0, Correlation=nan)
2026-08-13 11:27:03 | INFO | M07 | Pixel Pandas(_0=40, _1=1, Correlation=-0.02055114047293966)
2026-08-13 11:27:03 | INFO | M07 | Pixel Pandas(_0=40, _1=2, Correlation=-0.06716744323486844)
2026-08-13 11:27:03 | INFO | M07 | Pixel Pandas(_0=40, _1=3, Correlation=-0.09962411866594896)
2026-08-13 11:27:03 | INFO | M07 | Pixel Pandas(_0=40, _1=4, Correlation=0.02364214120899525)
2026-08-13 11:27:03 | INFO | M07 | Pixel Pandas(_0=40, _1=5, Correlation=-0.03283151945413475)
2026-08-13 11:27:03 | INFO | M07 | Pixel Pandas(_0=40, _1=6, Correlation=-0.025133968546467073)
2026-08-13 11:27:03 | INFO | M07 | Pixel Pandas(_0=40, _1=7, Correlation=-0.007669364812675982)
2026-08-13 11:27:03 | INFO | M07 | Pixel Pandas(_0=40, _1=8, Correlation=-0.003624034103807053)
2026-08-13 11:27:03 | INFO | M07 | Pixel Pandas(_0=40, _1=9, Correlation=-0.03827901758400084)
2026-08-13 11:27:03 | INFO | M07 | Pixel Pandas(_0=40, _1=10, Correlation=-0.09628677838263451)
2026-08-13 11:27:03 | INFO | M07 | Pixel Pandas(_0=40, _1=11, Correlation=0.01767278292029952)
2026-08-13 11:27:03 | INFO | M07 | Pixel Pandas(_0=40, _1=12, Correlation=0.0004252497673016223)
2026-08-13 11:27:03 | INFO | M07 | Pixel Pandas(_0=40, _1=13, Correlation=-0.07844605460459537)
2026-08-13 11:27:03 | INFO | M07 | Pixel Pandas(_0=40, _1=14, Correlation=-0.03159146548034098)
2026-08-13 11:27:03 | INFO | M07 | Pixel Pandas(_0=40, _1=15, Correlation=-0.008001262116021717)
2026-08-13 11:27:03 | INFO | M07 | Pixel Pandas(_0=40, _1=16, Correlation=-0.0027374657196111186)
2026-08-13 11:27:03 | INFO | M07 | Pixel Pandas(_0=40, _1=17, Correlation=-0.044636492530289305)
2026-08-13 11:27:03 | INFO | M07 | Pixel Pandas(_0=40, _1=18, Correlation=-0.02860784978870945)
2026-08-13 11:27:03 | INFO | M07 | Pixel Pandas(_0=40, _1=19, Correlation=0.06418492608100129)
2026-08-13 11:27:03 | INFO | M07 | Pixel Pandas(_0=40, _1=20, Correlation=-0.035748387940962086)
2026-08-13 11:27:03 | INFO | M07 | Pixel Pandas(_0=40, _1=21, Correlation=-0.05068255031204366)
2026-08-13 11:27:03 | INFO | M07 | Pixel Pandas(_0=40, _1=22, Correlation=0.05103805889480454)
2026-08-13 11:27:03 | INFO | M07 | Pixel Pandas(_0=40, _1=23, Correlation=0.010480985514412546)
2026-08-13 11:27:03 | INFO | M07 | Pixel Pandas(_0=40, _1=24, Correlation=-0.0020476348786442103)
2026-08-13 11:27:03 | INFO | M07 | Pixel Pandas(_0=40, _1=25, Correlation=0.016436052710060982)
2026-08-13 11:27:03 | INFO | M07 | Pixel Pandas(_0=40, _1=26, Correlation=0.04740501572156143)
2026-08-13 11:27:03 | INFO | M07 | Pixel Pandas(_0=40, _1=27, Correlation=-0.014434156973872089)
2026-08-13 11:27:03 | INFO | M07 | Pixel Pandas(_0=40, _1=28, Correlation=-0.05911668149547856)
2026-08-13 11:27:03 | INFO | M07 | Pixel Pandas(_0=40, _1=29, Correlation=0.03342052569482123)
2026-08-13 11:27:03 | INFO | M07 | Pixel Pandas(_0=40, _1=30, Correlation=0.0727340852349778)
2026-08-13 11:27:03 | INFO | M07 | Pixel Pandas(_0=40, _1=31, Correlation=0.1598101390795706)
2026-08-13 11:27:03 | INFO | M07 | Pixel Pandas(_0=40, _1=32, Correlation=nan)
2026-08-13 11:27:03 | INFO | M07 | Pixel Pandas(_0=40, _1=33, Correlation=0.15489365898989937)
2026-08-13 11:27:03 | INFO | M07 | Pixel Pandas(_0=40, _1=34, Correlation=0.05780105833643854)
2026-08-13 11:27:03 | INFO | M07 | Pixel Pandas(_0=40, _1=35, Correlation=-0.04536463174634427)
2026-08-13 11:27:03 | INFO | M07 | Pixel Pandas(_0=40, _1=36, Correlation=-0.006350811872531147)
2026-08-13 11:27:03 | INFO | M07 | Pixel Pandas(_0=40, _1=37, Correlation=0.04056451209849791)
2026-08-13 11:27:03 | INFO | M07 | Pixel Pandas(_0=40, _1=38, Correlation=0.03951973084749754)
2026-08-13 11:27:03 | INFO | M07 | Pixel Pandas(_0=40, _1=39, Correlation=nan)
2026-08-13 11:27:03 | INFO | M07 | Pixel Pandas(_0=40, _1=40, Correlation=1.0)
2026-08-13 11:27:03 | INFO | M07 | Pixel Pandas(_0=40, _1=41, Correlation=0.2940897857262091)
2026-08-13 11:27:03 | INFO | M07 | Pixel Pandas(_0=40, _1=42, Correlation=0.08088760127271502)
2026-08-13 11:27:03 | INFO | M07 | Pixel Pandas(_0=40, _1=43, Correlation=0.07165327882934786)
2026-08-13 11:27:03 | INFO | M07 | Pixel Pandas(_0=40, _1=44, Correlation=0.07183265566944858)
2026-08-13 11:27:03 | INFO | M07 | Pixel Pandas(_0=40, _1=45, Correlation=0.058726280856402545)
2026-08-13 11:27:03 | INFO | M07 | Pixel Pandas(_0=40, _1=46, Correlation=-0.02063302821543232)
2026-08-13 11:27:03 | INFO | M07 | Pixel Pandas(_0=40, _1=47, Correlation=-0.005443736382096668)
2026-08-13 11:27:03 | INFO | M07 | Pixel Pandas(_0=40, _1=48, Correlation=0.3734004873491317)
2026-08-13 11:27:03 | INFO | M07 | Pixel Pandas(_0=40, _1=49, Correlation=0.21903068542443582)
2026-08-13 11:27:03 | INFO | M07 | Pixel Pandas(_0=40, _1=50, Correlation=0.007398124414148052)
2026-08-13 11:27:03 | INFO | M07 | Pixel Pandas(_0=40, _1=51, Correlation=-0.001927970515255413)
2026-08-13 11:27:03 | INFO | M07 | Pixel Pandas(_0=40, _1=52, Correlation=0.06606751977000994)
2026-08-13 11:27:03 | INFO | M07 | Pixel Pandas(_0=40, _1=53, Correlation=-0.00771681254661404)
2026-08-13 11:27:03 | INFO | M07 | Pixel Pandas(_0=40, _1=54, Correlation=-0.04646389153595987)
2026-08-13 11:27:03 | INFO | M07 | Pixel Pandas(_0=40, _1=55, Correlation=-0.012868989370358231)
2026-08-13 11:27:03 | INFO | M07 | Pixel Pandas(_0=40, _1=56, Correlation=-0.0014474933627301777)
2026-08-13 11:27:03 | INFO | M07 | Pixel Pandas(_0=40, _1=57, Correlation=-0.018346747114742566)
2026-08-13 11:27:03 | INFO | M07 | Pixel Pandas(_0=40, _1=58, Correlation=-0.06682675538776464)
2026-08-13 11:27:03 | INFO | M07 | Pixel Pandas(_0=40, _1=59, Correlation=-0.07839348018742814)
2026-08-13 11:27:03 | INFO | M07 | Pixel Pandas(_0=40, _1=60, Correlation=0.031133058662831673)
2026-08-13 11:27:03 | INFO | M07 | Pixel Pandas(_0=40, _1=61, Correlation=-0.024193872451098473)
2026-08-13 11:27:03 | INFO | M07 | Pixel Pandas(_0=40, _1=62, Correlation=-0.031019640946423184)
2026-08-13 11:27:03 | INFO | M07 | Pixel Pandas(_0=40, _1=63, Correlation=-0.012023820328237064)
2026-08-13 11:27:03 | INFO | M07 | Pixel Pandas(_0=41, _1=0, Correlation=nan)
2026-08-13 11:27:03 | INFO | M07 | Pixel Pandas(_0=41, _1=1, Correlation=-0.12426670075080891)
2026-08-13 11:27:03 | INFO | M07 | Pixel Pandas(_0=41, _1=2, Correlation=-0.268728214225331)
2026-08-13 11:27:03 | INFO | M07 | Pixel Pandas(_0=41, _1=3, Correlation=-0.257835690191772)
2026-08-13 11:27:03 | INFO | M07 | Pixel Pandas(_0=41, _1=4, Correlation=-0.01836359691738543)
2026-08-13 11:27:03 | INFO | M07 | Pixel Pandas(_0=41, _1=5, Correlation=-0.16358776841098618)
2026-08-13 11:27:03 | INFO | M07 | Pixel Pandas(_0=41, _1=6, Correlation=-0.1196486430788249)
2026-08-13 11:27:03 | INFO | M07 | Pixel Pandas(_0=41, _1=7, Correlation=-0.046802635828350585)
2026-08-13 11:27:03 | INFO | M07 | Pixel Pandas(_0=41, _1=8, Correlation=-0.03138696663927551)
2026-08-13 11:27:03 | INFO | M07 | Pixel Pandas(_0=41, _1=9, Correlation=-0.23793247179222932)
2026-08-13 11:27:03 | INFO | M07 | Pixel Pandas(_0=41, _1=10, Correlation=-0.2850488515204099)
2026-08-13 11:27:03 | INFO | M07 | Pixel Pandas(_0=41, _1=11, Correlation=0.12800271665668667)
2026-08-13 11:27:03 | INFO | M07 | Pixel Pandas(_0=41, _1=12, Correlation=-0.06434427577561745)
2026-08-13 11:27:03 | INFO | M07 | Pixel Pandas(_0=41, _1=13, Correlation=-0.16974707286484492)
2026-08-13 11:27:03 | INFO | M07 | Pixel Pandas(_0=41, _1=14, Correlation=-0.08991393634087753)
2026-08-13 11:27:03 | INFO | M07 | Pixel Pandas(_0=41, _1=15, Correlation=-0.04200662460782388)
2026-08-13 11:27:03 | INFO | M07 | Pixel Pandas(_0=41, _1=16, Correlation=-0.02370859179479979)
2026-08-13 11:27:03 | INFO | M07 | Pixel Pandas(_0=41, _1=17, Correlation=-0.18635001985916838)
2026-08-13 11:27:03 | INFO | M07 | Pixel Pandas(_0=41, _1=18, Correlation=0.04290499064136846)
2026-08-13 11:27:03 | INFO | M07 | Pixel Pandas(_0=41, _1=19, Correlation=0.14943051449171468)
2026-08-13 11:27:03 | INFO | M07 | Pixel Pandas(_0=41, _1=20, Correlation=-0.15939643004294768)
2026-08-13 11:27:03 | INFO | M07 | Pixel Pandas(_0=41, _1=21, Correlation=-0.05552644331378449)
2026-08-13 11:27:03 | INFO | M07 | Pixel Pandas(_0=41, _1=22, Correlation=0.12440488468694814)
2026-08-13 11:27:03 | INFO | M07 | Pixel Pandas(_0=41, _1=23, Correlation=0.0018998477201523382)
2026-08-13 11:27:03 | INFO | M07 | Pixel Pandas(_0=41, _1=24, Correlation=-0.017734117777177687)
2026-08-13 11:27:03 | INFO | M07 | Pixel Pandas(_0=41, _1=25, Correlation=0.15751899861218946)
2026-08-13 11:27:03 | INFO | M07 | Pixel Pandas(_0=41, _1=26, Correlation=0.20516183474988609)
2026-08-13 11:27:03 | INFO | M07 | Pixel Pandas(_0=41, _1=27, Correlation=-0.24582074136529758)
2026-08-13 11:27:03 | INFO | M07 | Pixel Pandas(_0=41, _1=28, Correlation=-0.29883327489088446)
2026-08-13 11:27:03 | INFO | M07 | Pixel Pandas(_0=41, _1=29, Correlation=0.01855362593598695)
2026-08-13 11:27:03 | INFO | M07 | Pixel Pandas(_0=41, _1=30, Correlation=0.2491449952607208)
2026-08-13 11:27:03 | INFO | M07 | Pixel Pandas(_0=41, _1=31, Correlation=0.03828437762182485)
2026-08-13 11:27:03 | INFO | M07 | Pixel Pandas(_0=41, _1=32, Correlation=nan)
2026-08-13 11:27:03 | INFO | M07 | Pixel Pandas(_0=41, _1=33, Correlation=0.6709153535558994)
2026-08-13 11:27:03 | INFO | M07 | Pixel Pandas(_0=41, _1=34, Correlation=0.40616274616073206)
2026-08-13 11:27:03 | INFO | M07 | Pixel Pandas(_0=41, _1=35, Correlation=-0.13099151875751347)
2026-08-13 11:27:03 | INFO | M07 | Pixel Pandas(_0=41, _1=36, Correlation=-0.0912136465993214)
2026-08-13 11:27:03 | INFO | M07 | Pixel Pandas(_0=41, _1=37, Correlation=0.17384359380049072)
2026-08-13 11:27:03 | INFO | M07 | Pixel Pandas(_0=41, _1=38, Correlation=0.29293387209183674)
2026-08-13 11:27:03 | INFO | M07 | Pixel Pandas(_0=41, _1=39, Correlation=nan)
2026-08-13 11:27:03 | INFO | M07 | Pixel Pandas(_0=41, _1=40, Correlation=0.2940897857262091)
2026-08-13 11:27:03 | INFO | M07 | Pixel Pandas(_0=41, _1=41, Correlation=1.0)
2026-08-13 11:27:03 | INFO | M07 | Pixel Pandas(_0=41, _1=42, Correlation=0.5654570751227549)
2026-08-13 11:27:03 | INFO | M07 | Pixel Pandas(_0=41, _1=43, Correlation=0.16989505145565464)
2026-08-13 11:27:03 | INFO | M07 | Pixel Pandas(_0=41, _1=44, Correlation=0.1372189393523193)
2026-08-13 11:27:03 | INFO | M07 | Pixel Pandas(_0=41, _1=45, Correlation=0.21090462971949372)
2026-08-13 11:27:03 | INFO | M07 | Pixel Pandas(_0=41, _1=46, Correlation=0.017648067897159364)
2026-08-13 11:27:03 | INFO | M07 | Pixel Pandas(_0=41, _1=47, Correlation=-0.03499631129675564)
2026-08-13 11:27:03 | INFO | M07 | Pixel Pandas(_0=41, _1=48, Correlation=0.13569835579053466)
2026-08-13 11:27:03 | INFO | M07 | Pixel Pandas(_0=41, _1=49, Correlation=0.3492552469682793)
2026-08-13 11:27:03 | INFO | M07 | Pixel Pandas(_0=41, _1=50, Correlation=0.1507930387577408)
2026-08-13 11:27:03 | INFO | M07 | Pixel Pandas(_0=41, _1=51, Correlation=0.002655949232097746)
2026-08-13 11:27:03 | INFO | M07 | Pixel Pandas(_0=41, _1=52, Correlation=0.13370136995963658)
2026-08-13 11:27:03 | INFO | M07 | Pixel Pandas(_0=41, _1=53, Correlation=-0.05212723963517074)
2026-08-13 11:27:03 | INFO | M07 | Pixel Pandas(_0=41, _1=54, Correlation=-0.1624828493573675)
2026-08-13 11:27:03 | INFO | M07 | Pixel Pandas(_0=41, _1=55, Correlation=-0.0983670020147813)
2026-08-13 11:27:03 | INFO | M07 | Pixel Pandas(_0=41, _1=56, Correlation=0.011210540237009983)
2026-08-13 11:27:03 | INFO | M07 | Pixel Pandas(_0=41, _1=57, Correlation=-0.08874634781510961)
2026-08-13 11:27:03 | INFO | M07 | Pixel Pandas(_0=41, _1=58, Correlation=-0.2587021068813454)
2026-08-13 11:27:03 | INFO | M07 | Pixel Pandas(_0=41, _1=59, Correlation=-0.2328156148617896)
2026-08-13 11:27:03 | INFO | M07 | Pixel Pandas(_0=41, _1=60, Correlation=0.042395925489527524)
2026-08-13 11:27:03 | INFO | M07 | Pixel Pandas(_0=41, _1=61, Correlation=-0.13368700786876514)
2026-08-13 11:27:03 | INFO | M07 | Pixel Pandas(_0=41, _1=62, Correlation=-0.147091025512208)
2026-08-13 11:27:03 | INFO | M07 | Pixel Pandas(_0=41, _1=63, Correlation=-0.10192719447928772)
2026-08-13 11:27:03 | INFO | M07 | Pixel Pandas(_0=42, _1=0, Correlation=nan)
2026-08-13 11:27:03 | INFO | M07 | Pixel Pandas(_0=42, _1=1, Correlation=-0.14299895188244122)
2026-08-13 11:27:03 | INFO | M07 | Pixel Pandas(_0=42, _1=2, Correlation=-0.34194356801551556)
2026-08-13 11:27:03 | INFO | M07 | Pixel Pandas(_0=42, _1=3, Correlation=-0.1022029342519395)
2026-08-13 11:27:03 | INFO | M07 | Pixel Pandas(_0=42, _1=4, Correlation=-0.09515399551814482)
2026-08-13 11:27:03 | INFO | M07 | Pixel Pandas(_0=42, _1=5, Correlation=-0.3345625992661873)
2026-08-13 11:27:03 | INFO | M07 | Pixel Pandas(_0=42, _1=6, Correlation=-0.2308430070991479)
2026-08-13 11:27:03 | INFO | M07 | Pixel Pandas(_0=42, _1=7, Correlation=-0.0695652076370089)
2026-08-13 11:27:03 | INFO | M07 | Pixel Pandas(_0=42, _1=8, Correlation=-0.008871113456904042)
2026-08-13 11:27:03 | INFO | M07 | Pixel Pandas(_0=42, _1=9, Correlation=-0.280398253999388)
2026-08-13 11:27:03 | INFO | M07 | Pixel Pandas(_0=42, _1=10, Correlation=-0.23436466849095675)
2026-08-13 11:27:03 | INFO | M07 | Pixel Pandas(_0=42, _1=11, Correlation=0.3122711556015163)
2026-08-13 11:27:03 | INFO | M07 | Pixel Pandas(_0=42, _1=12, Correlation=-0.058556876398905715)
2026-08-13 11:27:03 | INFO | M07 | Pixel Pandas(_0=42, _1=13, Correlation=-0.21618815938166586)
2026-08-13 11:27:03 | INFO | M07 | Pixel Pandas(_0=42, _1=14, Correlation=-0.1950958139414826)
2026-08-13 11:27:03 | INFO | M07 | Pixel Pandas(_0=42, _1=15, Correlation=-0.08527527765974967)
2026-08-13 11:27:03 | INFO | M07 | Pixel Pandas(_0=42, _1=16, Correlation=-0.019673058269683512)
2026-08-13 11:27:03 | INFO | M07 | Pixel Pandas(_0=42, _1=17, Correlation=-0.21505382216102253)
2026-08-13 11:27:03 | INFO | M07 | Pixel Pandas(_0=42, _1=18, Correlation=0.1359190784355995)
2026-08-13 11:27:03 | INFO | M07 | Pixel Pandas(_0=42, _1=19, Correlation=0.22432340235062814)
2026-08-13 11:27:03 | INFO | M07 | Pixel Pandas(_0=42, _1=20, Correlation=-0.21775944980098752)
2026-08-13 11:27:03 | INFO | M07 | Pixel Pandas(_0=42, _1=21, Correlation=-0.09581215084524279)
2026-08-13 11:27:03 | INFO | M07 | Pixel Pandas(_0=42, _1=22, Correlation=-0.022912463267667504)
2026-08-13 11:27:03 | INFO | M07 | Pixel Pandas(_0=42, _1=23, Correlation=-0.059675177297541876)
2026-08-13 11:27:03 | INFO | M07 | Pixel Pandas(_0=42, _1=24, Correlation=-0.012162047411665242)
2026-08-13 11:27:03 | INFO | M07 | Pixel Pandas(_0=42, _1=25, Correlation=0.04842165316951273)
2026-08-13 11:27:03 | INFO | M07 | Pixel Pandas(_0=42, _1=26, Correlation=0.21841409836518208)
2026-08-13 11:27:03 | INFO | M07 | Pixel Pandas(_0=42, _1=27, Correlation=-0.20012108478719887)
2026-08-13 11:27:03 | INFO | M07 | Pixel Pandas(_0=42, _1=28, Correlation=-0.3910431633222501)
2026-08-13 11:27:03 | INFO | M07 | Pixel Pandas(_0=42, _1=29, Correlation=-0.15281419349546846)
2026-08-13 11:27:03 | INFO | M07 | Pixel Pandas(_0=42, _1=30, Correlation=0.09163681866558372)
2026-08-13 11:27:03 | INFO | M07 | Pixel Pandas(_0=42, _1=31, Correlation=-0.017209322434124475)
2026-08-13 11:27:03 | INFO | M07 | Pixel Pandas(_0=42, _1=32, Correlation=nan)
2026-08-13 11:27:03 | INFO | M07 | Pixel Pandas(_0=42, _1=33, Correlation=0.47936600121423323)
2026-08-13 11:27:03 | INFO | M07 | Pixel Pandas(_0=42, _1=34, Correlation=0.6277894598747035)
2026-08-13 11:27:03 | INFO | M07 | Pixel Pandas(_0=42, _1=35, Correlation=0.1836883841286994)
2026-08-13 11:27:03 | INFO | M07 | Pixel Pandas(_0=42, _1=36, Correlation=-0.09306110691272125)
2026-08-13 11:27:03 | INFO | M07 | Pixel Pandas(_0=42, _1=37, Correlation=-0.03414164317796516)
2026-08-13 11:27:03 | INFO | M07 | Pixel Pandas(_0=42, _1=38, Correlation=0.15860411449277934)
2026-08-13 11:27:03 | INFO | M07 | Pixel Pandas(_0=42, _1=39, Correlation=nan)
2026-08-13 11:27:03 | INFO | M07 | Pixel Pandas(_0=42, _1=40, Correlation=0.08088760127271502)
2026-08-13 11:27:03 | INFO | M07 | Pixel Pandas(_0=42, _1=41, Correlation=0.5654570751227549)
2026-08-13 11:27:03 | INFO | M07 | Pixel Pandas(_0=42, _1=42, Correlation=1.0)
2026-08-13 11:27:03 | INFO | M07 | Pixel Pandas(_0=42, _1=43, Correlation=0.3704413019618135)
2026-08-13 11:27:03 | INFO | M07 | Pixel Pandas(_0=42, _1=44, Correlation=-0.005072293117829428)
2026-08-13 11:27:03 | INFO | M07 | Pixel Pandas(_0=42, _1=45, Correlation=0.07460433797914232)
2026-08-13 11:27:03 | INFO | M07 | Pixel Pandas(_0=42, _1=46, Correlation=0.12384674440190364)
2026-08-13 11:27:03 | INFO | M07 | Pixel Pandas(_0=42, _1=47, Correlation=0.06755510938660562)
2026-08-13 11:27:03 | INFO | M07 | Pixel Pandas(_0=42, _1=48, Correlation=0.028165250022415142)
2026-08-13 11:27:03 | INFO | M07 | Pixel Pandas(_0=42, _1=49, Correlation=0.1626571528861584)
2026-08-13 11:27:03 | INFO | M07 | Pixel Pandas(_0=42, _1=50, Correlation=0.44649367676331414)
2026-08-13 11:27:03 | INFO | M07 | Pixel Pandas(_0=42, _1=51, Correlation=0.2143333343619219)
2026-08-13 11:27:03 | INFO | M07 | Pixel Pandas(_0=42, _1=52, Correlation=0.006210671414710754)
2026-08-13 11:27:03 | INFO | M07 | Pixel Pandas(_0=42, _1=53, Correlation=-0.005089641493742013)
2026-08-13 11:27:03 | INFO | M07 | Pixel Pandas(_0=42, _1=54, Correlation=0.006464971368710172)
2026-08-13 11:27:03 | INFO | M07 | Pixel Pandas(_0=42, _1=55, Correlation=-0.07552773374396853)
2026-08-13 11:27:03 | INFO | M07 | Pixel Pandas(_0=42, _1=56, Correlation=0.004038069424419488)
2026-08-13 11:27:03 | INFO | M07 | Pixel Pandas(_0=42, _1=57, Correlation=-0.10459630049774388)
2026-08-13 11:27:03 | INFO | M07 | Pixel Pandas(_0=42, _1=58, Correlation=-0.32930684626823714)
2026-08-13 11:27:03 | INFO | M07 | Pixel Pandas(_0=42, _1=59, Correlation=-0.16379792589164113)
2026-08-13 11:27:03 | INFO | M07 | Pixel Pandas(_0=42, _1=60, Correlation=0.14465021801007724)
2026-08-13 11:27:03 | INFO | M07 | Pixel Pandas(_0=42, _1=61, Correlation=0.01946628551218263)
2026-08-13 11:27:03 | INFO | M07 | Pixel Pandas(_0=42, _1=62, Correlation=-0.06638379037901558)
2026-08-13 11:27:03 | INFO | M07 | Pixel Pandas(_0=42, _1=63, Correlation=-0.17779449289107313)
2026-08-13 11:27:03 | INFO | M07 | Pixel Pandas(_0=43, _1=0, Correlation=nan)
2026-08-13 11:27:03 | INFO | M07 | Pixel Pandas(_0=43, _1=1, Correlation=0.024242457848583487)
2026-08-13 11:27:03 | INFO | M07 | Pixel Pandas(_0=43, _1=2, Correlation=-0.15746953118237408)
2026-08-13 11:27:03 | INFO | M07 | Pixel Pandas(_0=43, _1=3, Correlation=-0.025302164106096186)
2026-08-13 11:27:03 | INFO | M07 | Pixel Pandas(_0=43, _1=4, Correlation=-0.037575184712327285)
2026-08-13 11:27:03 | INFO | M07 | Pixel Pandas(_0=43, _1=5, Correlation=-0.16836047175070404)
2026-08-13 11:27:03 | INFO | M07 | Pixel Pandas(_0=43, _1=6, Correlation=-0.046225693439996725)
2026-08-13 11:27:03 | INFO | M07 | Pixel Pandas(_0=43, _1=7, Correlation=0.003319603371457952)
2026-08-13 11:27:03 | INFO | M07 | Pixel Pandas(_0=43, _1=8, Correlation=0.02084216174961783)
2026-08-13 11:27:03 | INFO | M07 | Pixel Pandas(_0=43, _1=9, Correlation=-0.06559728731580461)
2026-08-13 11:27:03 | INFO | M07 | Pixel Pandas(_0=43, _1=10, Correlation=-0.26543269015140003)
2026-08-13 11:27:03 | INFO | M07 | Pixel Pandas(_0=43, _1=11, Correlation=0.2942176714507386)
2026-08-13 11:27:03 | INFO | M07 | Pixel Pandas(_0=43, _1=12, Correlation=0.08914716139696997)
2026-08-13 11:27:03 | INFO | M07 | Pixel Pandas(_0=43, _1=13, Correlation=-0.2807869772014925)
2026-08-13 11:27:03 | INFO | M07 | Pixel Pandas(_0=43, _1=14, Correlation=-0.09426635796029474)
2026-08-13 11:27:03 | INFO | M07 | Pixel Pandas(_0=43, _1=15, Correlation=-0.052439679658592406)
2026-08-13 11:27:03 | INFO | M07 | Pixel Pandas(_0=43, _1=16, Correlation=0.02613813197918014)
2026-08-13 11:27:03 | INFO | M07 | Pixel Pandas(_0=43, _1=17, Correlation=-0.12826269095090545)
2026-08-13 11:27:03 | INFO | M07 | Pixel Pandas(_0=43, _1=18, Correlation=-0.12193085881539999)
2026-08-13 11:27:03 | INFO | M07 | Pixel Pandas(_0=43, _1=19, Correlation=0.23602149794153907)
2026-08-13 11:27:03 | INFO | M07 | Pixel Pandas(_0=43, _1=20, Correlation=0.11941795545547139)
2026-08-13 11:27:03 | INFO | M07 | Pixel Pandas(_0=43, _1=21, Correlation=-0.22628622805706078)
2026-08-13 11:27:03 | INFO | M07 | Pixel Pandas(_0=43, _1=22, Correlation=-0.15260987373604018)
2026-08-13 11:27:03 | INFO | M07 | Pixel Pandas(_0=43, _1=23, Correlation=-0.0590330503612197)
2026-08-13 11:27:03 | INFO | M07 | Pixel Pandas(_0=43, _1=24, Correlation=0.03769374775761796)
2026-08-13 11:27:03 | INFO | M07 | Pixel Pandas(_0=43, _1=25, Correlation=-0.12652188334307904)
2026-08-13 11:27:03 | INFO | M07 | Pixel Pandas(_0=43, _1=26, Correlation=-0.028735242466061395)
2026-08-13 11:27:03 | INFO | M07 | Pixel Pandas(_0=43, _1=27, Correlation=-0.019523951167425974)
2026-08-13 11:27:03 | INFO | M07 | Pixel Pandas(_0=43, _1=28, Correlation=0.0071641953976664275)
2026-08-13 11:27:03 | INFO | M07 | Pixel Pandas(_0=43, _1=29, Correlation=-0.21198920098993143)
2026-08-13 11:27:03 | INFO | M07 | Pixel Pandas(_0=43, _1=30, Correlation=-0.11293210705279684)
2026-08-13 11:27:03 | INFO | M07 | Pixel Pandas(_0=43, _1=31, Correlation=-0.01634285620516798)
2026-08-13 11:27:03 | INFO | M07 | Pixel Pandas(_0=43, _1=32, Correlation=nan)
2026-08-13 11:27:03 | INFO | M07 | Pixel Pandas(_0=43, _1=33, Correlation=0.10028513146581824)
2026-08-13 11:27:03 | INFO | M07 | Pixel Pandas(_0=43, _1=34, Correlation=0.24416844137845056)
2026-08-13 11:27:03 | INFO | M07 | Pixel Pandas(_0=43, _1=35, Correlation=0.5511458471320609)
2026-08-13 11:27:03 | INFO | M07 | Pixel Pandas(_0=43, _1=36, Correlation=0.36986135874958037)
2026-08-13 11:27:03 | INFO | M07 | Pixel Pandas(_0=43, _1=37, Correlation=-0.27849241430443095)
2026-08-13 11:27:03 | INFO | M07 | Pixel Pandas(_0=43, _1=38, Correlation=-0.1899673982845032)
2026-08-13 11:27:03 | INFO | M07 | Pixel Pandas(_0=43, _1=39, Correlation=nan)
2026-08-13 11:27:03 | INFO | M07 | Pixel Pandas(_0=43, _1=40, Correlation=0.07165327882934786)
2026-08-13 11:27:03 | INFO | M07 | Pixel Pandas(_0=43, _1=41, Correlation=0.16989505145565464)
2026-08-13 11:27:03 | INFO | M07 | Pixel Pandas(_0=43, _1=42, Correlation=0.3704413019618135)
2026-08-13 11:27:03 | INFO | M07 | Pixel Pandas(_0=43, _1=43, Correlation=1.0)
2026-08-13 11:27:03 | INFO | M07 | Pixel Pandas(_0=43, _1=44, Correlation=0.45897418230134807)
2026-08-13 11:27:03 | INFO | M07 | Pixel Pandas(_0=43, _1=45, Correlation=-0.4077857095225497)
2026-08-13 11:27:03 | INFO | M07 | Pixel Pandas(_0=43, _1=46, Correlation=-0.28545070075671175)
2026-08-13 11:27:03 | INFO | M07 | Pixel Pandas(_0=43, _1=47, Correlation=0.05310335471127008)
2026-08-13 11:27:03 | INFO | M07 | Pixel Pandas(_0=43, _1=48, Correlation=0.01990771060337644)
2026-08-13 11:27:03 | INFO | M07 | Pixel Pandas(_0=43, _1=49, Correlation=-0.030189388229668806)
2026-08-13 11:27:03 | INFO | M07 | Pixel Pandas(_0=43, _1=50, Correlation=-0.025419037255764557)
2026-08-13 11:27:03 | INFO | M07 | Pixel Pandas(_0=43, _1=51, Correlation=0.5625341770564245)
2026-08-13 11:27:03 | INFO | M07 | Pixel Pandas(_0=43, _1=52, Correlation=0.10760622116698906)
2026-08-13 11:27:03 | INFO | M07 | Pixel Pandas(_0=43, _1=53, Correlation=-0.4428233244960287)
2026-08-13 11:27:03 | INFO | M07 | Pixel Pandas(_0=43, _1=54, Correlation=-0.09269334952019383)
2026-08-13 11:27:03 | INFO | M07 | Pixel Pandas(_0=43, _1=55, Correlation=0.021193186680354886)
2026-08-13 11:27:03 | INFO | M07 | Pixel Pandas(_0=43, _1=56, Correlation=0.03214250715302511)
2026-08-13 11:27:03 | INFO | M07 | Pixel Pandas(_0=43, _1=57, Correlation=0.048985179960910064)
2026-08-13 11:27:03 | INFO | M07 | Pixel Pandas(_0=43, _1=58, Correlation=-0.12114117534245443)
2026-08-13 11:27:03 | INFO | M07 | Pixel Pandas(_0=43, _1=59, Correlation=-0.16614452418228137)
2026-08-13 11:27:03 | INFO | M07 | Pixel Pandas(_0=43, _1=60, Correlation=-0.22552332147036247)
2026-08-13 11:27:03 | INFO | M07 | Pixel Pandas(_0=43, _1=61, Correlation=-0.15207827411559843)
2026-08-13 11:27:03 | INFO | M07 | Pixel Pandas(_0=43, _1=62, Correlation=0.040766435703515264)
2026-08-13 11:27:03 | INFO | M07 | Pixel Pandas(_0=43, _1=63, Correlation=-0.050580072171718206)
2026-08-13 11:27:03 | INFO | M07 | Pixel Pandas(_0=44, _1=0, Correlation=nan)
2026-08-13 11:27:03 | INFO | M07 | Pixel Pandas(_0=44, _1=1, Correlation=-0.05471646799163646)
2026-08-13 11:27:03 | INFO | M07 | Pixel Pandas(_0=44, _1=2, Correlation=-0.20324672913346295)
2026-08-13 11:27:03 | INFO | M07 | Pixel Pandas(_0=44, _1=3, Correlation=-0.24382893615742954)
2026-08-13 11:27:03 | INFO | M07 | Pixel Pandas(_0=44, _1=4, Correlation=0.05171290717205604)
2026-08-13 11:27:03 | INFO | M07 | Pixel Pandas(_0=44, _1=5, Correlation=0.11835538910452335)
2026-08-13 11:27:03 | INFO | M07 | Pixel Pandas(_0=44, _1=6, Correlation=0.1635089542961544)
2026-08-13 11:27:03 | INFO | M07 | Pixel Pandas(_0=44, _1=7, Correlation=0.07943258095436069)
2026-08-13 11:27:03 | INFO | M07 | Pixel Pandas(_0=44, _1=8, Correlation=0.0021502879988740983)
2026-08-13 11:27:03 | INFO | M07 | Pixel Pandas(_0=44, _1=9, Correlation=-0.19380225204974108)
2026-08-13 11:27:03 | INFO | M07 | Pixel Pandas(_0=44, _1=10, Correlation=-0.36501047069936315)
2026-08-13 11:27:03 | INFO | M07 | Pixel Pandas(_0=44, _1=11, Correlation=0.20831248788524706)
2026-08-13 11:27:03 | INFO | M07 | Pixel Pandas(_0=44, _1=12, Correlation=0.054931907497849604)
2026-08-13 11:27:03 | INFO | M07 | Pixel Pandas(_0=44, _1=13, Correlation=-0.07483591599715424)
2026-08-13 11:27:03 | INFO | M07 | Pixel Pandas(_0=44, _1=14, Correlation=0.17772673161872438)
2026-08-13 11:27:03 | INFO | M07 | Pixel Pandas(_0=44, _1=15, Correlation=0.0802135857960578)
2026-08-13 11:27:03 | INFO | M07 | Pixel Pandas(_0=44, _1=16, Correlation=-0.02048230445398775)
2026-08-13 11:27:03 | INFO | M07 | Pixel Pandas(_0=44, _1=17, Correlation=-0.19223151372433364)
2026-08-13 11:27:03 | INFO | M07 | Pixel Pandas(_0=44, _1=18, Correlation=-0.10613392675876929)
2026-08-13 11:27:03 | INFO | M07 | Pixel Pandas(_0=44, _1=19, Correlation=0.29749422681412696)
2026-08-13 11:27:03 | INFO | M07 | Pixel Pandas(_0=44, _1=20, Correlation=0.06347128099057982)
2026-08-13 11:27:03 | INFO | M07 | Pixel Pandas(_0=44, _1=21, Correlation=-0.0407640405846245)
2026-08-13 11:27:03 | INFO | M07 | Pixel Pandas(_0=44, _1=22, Correlation=0.0814361062408005)
2026-08-13 11:27:03 | INFO | M07 | Pixel Pandas(_0=44, _1=23, Correlation=0.06581133126430118)
2026-08-13 11:27:03 | INFO | M07 | Pixel Pandas(_0=44, _1=24, Correlation=0.004415420843246108)
2026-08-13 11:27:03 | INFO | M07 | Pixel Pandas(_0=44, _1=25, Correlation=0.002166493229685349)
2026-08-13 11:27:03 | INFO | M07 | Pixel Pandas(_0=44, _1=26, Correlation=0.038021847341061774)
2026-08-13 11:27:03 | INFO | M07 | Pixel Pandas(_0=44, _1=27, Correlation=0.028150680814340086)
2026-08-13 11:27:03 | INFO | M07 | Pixel Pandas(_0=44, _1=28, Correlation=0.05170534369413404)
2026-08-13 11:27:03 | INFO | M07 | Pixel Pandas(_0=44, _1=29, Correlation=-0.01634634088314613)
2026-08-13 11:27:03 | INFO | M07 | Pixel Pandas(_0=44, _1=30, Correlation=-0.05522813897225724)
2026-08-13 11:27:03 | INFO | M07 | Pixel Pandas(_0=44, _1=31, Correlation=0.015682577562811124)
2026-08-13 11:27:03 | INFO | M07 | Pixel Pandas(_0=44, _1=32, Correlation=nan)
2026-08-13 11:27:03 | INFO | M07 | Pixel Pandas(_0=44, _1=33, Correlation=0.11191708725737153)
2026-08-13 11:27:03 | INFO | M07 | Pixel Pandas(_0=44, _1=34, Correlation=0.13803976967998044)
2026-08-13 11:27:03 | INFO | M07 | Pixel Pandas(_0=44, _1=35, Correlation=0.28479278148497666)
2026-08-13 11:27:03 | INFO | M07 | Pixel Pandas(_0=44, _1=36, Correlation=0.539656183504088)
2026-08-13 11:27:03 | INFO | M07 | Pixel Pandas(_0=44, _1=37, Correlation=-0.14777309040666917)
2026-08-13 11:27:03 | INFO | M07 | Pixel Pandas(_0=44, _1=38, Correlation=-0.29774933153584127)
2026-08-13 11:27:03 | INFO | M07 | Pixel Pandas(_0=44, _1=39, Correlation=nan)
2026-08-13 11:27:03 | INFO | M07 | Pixel Pandas(_0=44, _1=40, Correlation=0.07183265566944858)
2026-08-13 11:27:03 | INFO | M07 | Pixel Pandas(_0=44, _1=41, Correlation=0.1372189393523193)
2026-08-13 11:27:03 | INFO | M07 | Pixel Pandas(_0=44, _1=42, Correlation=-0.005072293117829428)
2026-08-13 11:27:03 | INFO | M07 | Pixel Pandas(_0=44, _1=43, Correlation=0.45897418230134807)
2026-08-13 11:27:03 | INFO | M07 | Pixel Pandas(_0=44, _1=44, Correlation=1.0)
2026-08-13 11:27:03 | INFO | M07 | Pixel Pandas(_0=44, _1=45, Correlation=-0.15162833174619986)
2026-08-13 11:27:03 | INFO | M07 | Pixel Pandas(_0=44, _1=46, Correlation=-0.5701961520843848)
2026-08-13 11:27:03 | INFO | M07 | Pixel Pandas(_0=44, _1=47, Correlation=-0.049471345788426956)
2026-08-13 11:27:03 | INFO | M07 | Pixel Pandas(_0=44, _1=48, Correlation=0.008824881839669499)
2026-08-13 11:27:03 | INFO | M07 | Pixel Pandas(_0=44, _1=49, Correlation=-0.08522727662868172)
2026-08-13 11:27:03 | INFO | M07 | Pixel Pandas(_0=44, _1=50, Correlation=-0.39717987772798297)
2026-08-13 11:27:03 | INFO | M07 | Pixel Pandas(_0=44, _1=51, Correlation=0.19202291274957983)
2026-08-13 11:27:03 | INFO | M07 | Pixel Pandas(_0=44, _1=52, Correlation=0.5508696129879087)
2026-08-13 11:27:03 | INFO | M07 | Pixel Pandas(_0=44, _1=53, Correlation=-0.44492675977024543)
2026-08-13 11:27:03 | INFO | M07 | Pixel Pandas(_0=44, _1=54, Correlation=-0.3535148865198905)
2026-08-13 11:27:03 | INFO | M07 | Pixel Pandas(_0=44, _1=55, Correlation=0.09457205541093763)
2026-08-13 11:27:03 | INFO | M07 | Pixel Pandas(_0=44, _1=56, Correlation=0.0012359317421695812)
2026-08-13 11:27:03 | INFO | M07 | Pixel Pandas(_0=44, _1=57, Correlation=-0.02927217324467684)
2026-08-13 11:27:03 | INFO | M07 | Pixel Pandas(_0=44, _1=58, Correlation=-0.20046825222163)
2026-08-13 11:27:03 | INFO | M07 | Pixel Pandas(_0=44, _1=59, Correlation=-0.19793461138308763)
2026-08-13 11:27:03 | INFO | M07 | Pixel Pandas(_0=44, _1=60, Correlation=-0.25723777437479545)
2026-08-13 11:27:03 | INFO | M07 | Pixel Pandas(_0=44, _1=61, Correlation=-0.32370363670147856)
2026-08-13 11:27:03 | INFO | M07 | Pixel Pandas(_0=44, _1=62, Correlation=-0.032923131434018926)
2026-08-13 11:27:03 | INFO | M07 | Pixel Pandas(_0=44, _1=63, Correlation=0.1411983035854616)
2026-08-13 11:27:03 | INFO | M07 | Pixel Pandas(_0=45, _1=0, Correlation=nan)
2026-08-13 11:27:03 | INFO | M07 | Pixel Pandas(_0=45, _1=1, Correlation=-0.1632717192347404)
2026-08-13 11:27:03 | INFO | M07 | Pixel Pandas(_0=45, _1=2, Correlation=-0.18997597930180654)
2026-08-13 11:27:03 | INFO | M07 | Pixel Pandas(_0=45, _1=3, Correlation=-0.21474409534830227)
2026-08-13 11:27:03 | INFO | M07 | Pixel Pandas(_0=45, _1=4, Correlation=0.07457442378192332)
2026-08-13 11:27:03 | INFO | M07 | Pixel Pandas(_0=45, _1=5, Correlation=0.02318231326401595)
2026-08-13 11:27:03 | INFO | M07 | Pixel Pandas(_0=45, _1=6, Correlation=-0.05346766582172711)
2026-08-13 11:27:03 | INFO | M07 | Pixel Pandas(_0=45, _1=7, Correlation=-0.06550456814938857)
2026-08-13 11:27:03 | INFO | M07 | Pixel Pandas(_0=45, _1=8, Correlation=-0.016979579516008998)
2026-08-13 11:27:03 | INFO | M07 | Pixel Pandas(_0=45, _1=9, Correlation=-0.17744505934211816)
2026-08-13 11:27:03 | INFO | M07 | Pixel Pandas(_0=45, _1=10, Correlation=-0.09932889087770655)
2026-08-13 11:27:03 | INFO | M07 | Pixel Pandas(_0=45, _1=11, Correlation=-0.06565372399192367)
2026-08-13 11:27:03 | INFO | M07 | Pixel Pandas(_0=45, _1=12, Correlation=-0.014425282069653829)
2026-08-13 11:27:03 | INFO | M07 | Pixel Pandas(_0=45, _1=13, Correlation=0.07145506940953382)
2026-08-13 11:27:03 | INFO | M07 | Pixel Pandas(_0=45, _1=14, Correlation=0.002760672277649957)
2026-08-13 11:27:03 | INFO | M07 | Pixel Pandas(_0=45, _1=15, Correlation=-0.009786656987429029)
2026-08-13 11:27:03 | INFO | M07 | Pixel Pandas(_0=45, _1=16, Correlation=-0.033202721654378445)
2026-08-13 11:27:03 | INFO | M07 | Pixel Pandas(_0=45, _1=17, Correlation=-0.10452139750601251)
2026-08-13 11:27:03 | INFO | M07 | Pixel Pandas(_0=45, _1=18, Correlation=0.13655568389514677)
2026-08-13 11:27:03 | INFO | M07 | Pixel Pandas(_0=45, _1=19, Correlation=0.09092659969584933)
2026-08-13 11:27:03 | INFO | M07 | Pixel Pandas(_0=45, _1=20, Correlation=-0.17244237957277234)
2026-08-13 11:27:03 | INFO | M07 | Pixel Pandas(_0=45, _1=21, Correlation=0.09443097966877455)
2026-08-13 11:27:03 | INFO | M07 | Pixel Pandas(_0=45, _1=22, Correlation=0.1437926085773546)
2026-08-13 11:27:03 | INFO | M07 | Pixel Pandas(_0=45, _1=23, Correlation=0.05008697353400569)
2026-08-13 11:27:03 | INFO | M07 | Pixel Pandas(_0=45, _1=24, Correlation=-0.04535389474005645)
2026-08-13 11:27:03 | INFO | M07 | Pixel Pandas(_0=45, _1=25, Correlation=0.11182950906261312)
2026-08-13 11:27:03 | INFO | M07 | Pixel Pandas(_0=45, _1=26, Correlation=0.21962976128307202)
2026-08-13 11:27:03 | INFO | M07 | Pixel Pandas(_0=45, _1=27, Correlation=-0.03242209719382032)
2026-08-13 11:27:03 | INFO | M07 | Pixel Pandas(_0=45, _1=28, Correlation=-0.179149508661456)
2026-08-13 11:27:03 | INFO | M07 | Pixel Pandas(_0=45, _1=29, Correlation=0.1703578201391057)
2026-08-13 11:27:03 | INFO | M07 | Pixel Pandas(_0=45, _1=30, Correlation=0.07247417705523256)
2026-08-13 11:27:03 | INFO | M07 | Pixel Pandas(_0=45, _1=31, Correlation=0.018776140446963026)
2026-08-13 11:27:03 | INFO | M07 | Pixel Pandas(_0=45, _1=32, Correlation=nan)
2026-08-13 11:27:03 | INFO | M07 | Pixel Pandas(_0=45, _1=33, Correlation=0.20703543672158214)
2026-08-13 11:27:03 | INFO | M07 | Pixel Pandas(_0=45, _1=34, Correlation=0.09220670206623438)
2026-08-13 11:27:03 | INFO | M07 | Pixel Pandas(_0=45, _1=35, Correlation=-0.31575762633441024)
2026-08-13 11:27:03 | INFO | M07 | Pixel Pandas(_0=45, _1=36, Correlation=-0.11139672707919543)
2026-08-13 11:27:03 | INFO | M07 | Pixel Pandas(_0=45, _1=37, Correlation=0.539746979013641)
2026-08-13 11:27:03 | INFO | M07 | Pixel Pandas(_0=45, _1=38, Correlation=0.19504912140964661)
2026-08-13 11:27:03 | INFO | M07 | Pixel Pandas(_0=45, _1=39, Correlation=nan)
2026-08-13 11:27:03 | INFO | M07 | Pixel Pandas(_0=45, _1=40, Correlation=0.058726280856402545)
2026-08-13 11:27:03 | INFO | M07 | Pixel Pandas(_0=45, _1=41, Correlation=0.21090462971949372)
2026-08-13 11:27:03 | INFO | M07 | Pixel Pandas(_0=45, _1=42, Correlation=0.07460433797914232)
2026-08-13 11:27:03 | INFO | M07 | Pixel Pandas(_0=45, _1=43, Correlation=-0.4077857095225497)
2026-08-13 11:27:03 | INFO | M07 | Pixel Pandas(_0=45, _1=44, Correlation=-0.15162833174619986)
2026-08-13 11:27:03 | INFO | M07 | Pixel Pandas(_0=45, _1=45, Correlation=1.0)
2026-08-13 11:27:03 | INFO | M07 | Pixel Pandas(_0=45, _1=46, Correlation=0.2839614597452493)
2026-08-13 11:27:03 | INFO | M07 | Pixel Pandas(_0=45, _1=47, Correlation=-0.06443674479497884)
2026-08-13 11:27:03 | INFO | M07 | Pixel Pandas(_0=45, _1=48, Correlation=0.02198406622871131)
2026-08-13 11:27:03 | INFO | M07 | Pixel Pandas(_0=45, _1=49, Correlation=0.03300832143165888)
2026-08-13 11:27:03 | INFO | M07 | Pixel Pandas(_0=45, _1=50, Correlation=-0.011941018338660887)
2026-08-13 11:27:03 | INFO | M07 | Pixel Pandas(_0=45, _1=51, Correlation=-0.36751749898370273)
2026-08-13 11:27:03 | INFO | M07 | Pixel Pandas(_0=45, _1=52, Correlation=0.0712096639627646)
2026-08-13 11:27:03 | INFO | M07 | Pixel Pandas(_0=45, _1=53, Correlation=0.5768604569657969)
2026-08-13 11:27:03 | INFO | M07 | Pixel Pandas(_0=45, _1=54, Correlation=0.04818690787588483)
2026-08-13 11:27:03 | INFO | M07 | Pixel Pandas(_0=45, _1=55, Correlation=-0.07664092429181066)
2026-08-13 11:27:03 | INFO | M07 | Pixel Pandas(_0=45, _1=56, Correlation=-0.0341331842553436)
2026-08-13 11:27:03 | INFO | M07 | Pixel Pandas(_0=45, _1=57, Correlation=-0.1531553897434726)
2026-08-13 11:27:03 | INFO | M07 | Pixel Pandas(_0=45, _1=58, Correlation=-0.2057864801230588)
2026-08-13 11:27:03 | INFO | M07 | Pixel Pandas(_0=45, _1=59, Correlation=-0.1291823308836624)
2026-08-13 11:27:03 | INFO | M07 | Pixel Pandas(_0=45, _1=60, Correlation=0.3252242439846569)
2026-08-13 11:27:03 | INFO | M07 | Pixel Pandas(_0=45, _1=61, Correlation=0.11758549996933178)
2026-08-13 11:27:03 | INFO | M07 | Pixel Pandas(_0=45, _1=62, Correlation=-0.17498440592618503)
2026-08-13 11:27:03 | INFO | M07 | Pixel Pandas(_0=45, _1=63, Correlation=-0.10100704936544508)
2026-08-13 11:27:03 | INFO | M07 | Pixel Pandas(_0=46, _1=0, Correlation=nan)
2026-08-13 11:27:03 | INFO | M07 | Pixel Pandas(_0=46, _1=1, Correlation=-0.08646626962984089)
2026-08-13 11:27:03 | INFO | M07 | Pixel Pandas(_0=46, _1=2, Correlation=-0.06921541717295693)
2026-08-13 11:27:03 | INFO | M07 | Pixel Pandas(_0=46, _1=3, Correlation=0.08970318289336723)
2026-08-13 11:27:03 | INFO | M07 | Pixel Pandas(_0=46, _1=4, Correlation=-0.09012049802767486)
2026-08-13 11:27:03 | INFO | M07 | Pixel Pandas(_0=46, _1=5, Correlation=-0.2540436118106551)
2026-08-13 11:27:03 | INFO | M07 | Pixel Pandas(_0=46, _1=6, Correlation=-0.22501926084092538)
2026-08-13 11:27:03 | INFO | M07 | Pixel Pandas(_0=46, _1=7, Correlation=-0.09063161866952806)
2026-08-13 11:27:03 | INFO | M07 | Pixel Pandas(_0=46, _1=8, Correlation=-0.01577744497052326)
2026-08-13 11:27:03 | INFO | M07 | Pixel Pandas(_0=46, _1=9, Correlation=0.014038847956109398)
2026-08-13 11:27:03 | INFO | M07 | Pixel Pandas(_0=46, _1=10, Correlation=0.06655201251299973)
2026-08-13 11:27:03 | INFO | M07 | Pixel Pandas(_0=46, _1=11, Correlation=-0.047419839123689425)
2026-08-13 11:27:03 | INFO | M07 | Pixel Pandas(_0=46, _1=12, Correlation=-0.10335781637966752)
2026-08-13 11:27:03 | INFO | M07 | Pixel Pandas(_0=46, _1=13, Correlation=-0.12181221052076316)
2026-08-13 11:27:03 | INFO | M07 | Pixel Pandas(_0=46, _1=14, Correlation=-0.24301355205309225)
2026-08-13 11:27:03 | INFO | M07 | Pixel Pandas(_0=46, _1=15, Correlation=-0.08828245696625003)
2026-08-13 11:27:03 | INFO | M07 | Pixel Pandas(_0=46, _1=16, Correlation=-0.01500970535767953)
2026-08-13 11:27:03 | INFO | M07 | Pixel Pandas(_0=46, _1=17, Correlation=0.027813868726812577)
2026-08-13 11:27:03 | INFO | M07 | Pixel Pandas(_0=46, _1=18, Correlation=0.11788996975770596)
2026-08-13 11:27:03 | INFO | M07 | Pixel Pandas(_0=46, _1=19, Correlation=-0.0917699160587943)
2026-08-13 11:27:03 | INFO | M07 | Pixel Pandas(_0=46, _1=20, Correlation=-0.1709156456343234)
2026-08-13 11:27:03 | INFO | M07 | Pixel Pandas(_0=46, _1=21, Correlation=-0.07464347847446486)
2026-08-13 11:27:03 | INFO | M07 | Pixel Pandas(_0=46, _1=22, Correlation=-0.15233154846870536)
2026-08-13 11:27:03 | INFO | M07 | Pixel Pandas(_0=46, _1=23, Correlation=-0.07388609653865519)
2026-08-13 11:27:03 | INFO | M07 | Pixel Pandas(_0=46, _1=24, Correlation=-0.02664610916974868)
2026-08-13 11:27:03 | INFO | M07 | Pixel Pandas(_0=46, _1=25, Correlation=-0.008585543976785983)
2026-08-13 11:27:03 | INFO | M07 | Pixel Pandas(_0=46, _1=26, Correlation=0.09420224821912061)
2026-08-13 11:27:03 | INFO | M07 | Pixel Pandas(_0=46, _1=27, Correlation=-0.08703109680192568)
2026-08-13 11:27:03 | INFO | M07 | Pixel Pandas(_0=46, _1=28, Correlation=-0.18220708467860275)
2026-08-13 11:27:03 | INFO | M07 | Pixel Pandas(_0=46, _1=29, Correlation=-0.024392145040730766)
2026-08-13 11:27:03 | INFO | M07 | Pixel Pandas(_0=46, _1=30, Correlation=-0.025895888656021757)
2026-08-13 11:27:03 | INFO | M07 | Pixel Pandas(_0=46, _1=31, Correlation=-0.024068285856618927)
2026-08-13 11:27:03 | INFO | M07 | Pixel Pandas(_0=46, _1=32, Correlation=nan)
2026-08-13 11:27:03 | INFO | M07 | Pixel Pandas(_0=46, _1=33, Correlation=0.029907525513835326)
2026-08-13 11:27:03 | INFO | M07 | Pixel Pandas(_0=46, _1=34, Correlation=0.03632168401372449)
2026-08-13 11:27:03 | INFO | M07 | Pixel Pandas(_0=46, _1=35, Correlation=-0.247423384866875)
2026-08-13 11:27:03 | INFO | M07 | Pixel Pandas(_0=46, _1=36, Correlation=-0.2686136470197295)
2026-08-13 11:27:03 | INFO | M07 | Pixel Pandas(_0=46, _1=37, Correlation=0.35173972964332506)
2026-08-13 11:27:03 | INFO | M07 | Pixel Pandas(_0=46, _1=38, Correlation=0.47721917019695503)
2026-08-13 11:27:03 | INFO | M07 | Pixel Pandas(_0=46, _1=39, Correlation=nan)
2026-08-13 11:27:03 | INFO | M07 | Pixel Pandas(_0=46, _1=40, Correlation=-0.02063302821543232)
2026-08-13 11:27:03 | INFO | M07 | Pixel Pandas(_0=46, _1=41, Correlation=0.017648067897159364)
2026-08-13 11:27:03 | INFO | M07 | Pixel Pandas(_0=46, _1=42, Correlation=0.12384674440190364)
2026-08-13 11:27:03 | INFO | M07 | Pixel Pandas(_0=46, _1=43, Correlation=-0.28545070075671175)
2026-08-13 11:27:03 | INFO | M07 | Pixel Pandas(_0=46, _1=44, Correlation=-0.5701961520843848)
2026-08-13 11:27:03 | INFO | M07 | Pixel Pandas(_0=46, _1=45, Correlation=0.2839614597452493)
2026-08-13 11:27:03 | INFO | M07 | Pixel Pandas(_0=46, _1=46, Correlation=1.0)
2026-08-13 11:27:03 | INFO | M07 | Pixel Pandas(_0=46, _1=47, Correlation=0.2244668920213566)
2026-08-13 11:27:03 | INFO | M07 | Pixel Pandas(_0=46, _1=48, Correlation=-0.010658999144448868)
2026-08-13 11:27:03 | INFO | M07 | Pixel Pandas(_0=46, _1=49, Correlation=-0.03664311655742542)
2026-08-13 11:27:03 | INFO | M07 | Pixel Pandas(_0=46, _1=50, Correlation=0.19141966102397762)
2026-08-13 11:27:03 | INFO | M07 | Pixel Pandas(_0=46, _1=51, Correlation=-0.11858088602560311)
2026-08-13 11:27:03 | INFO | M07 | Pixel Pandas(_0=46, _1=52, Correlation=-0.38854954972896333)
2026-08-13 11:27:03 | INFO | M07 | Pixel Pandas(_0=46, _1=53, Correlation=0.40522197105087676)
2026-08-13 11:27:03 | INFO | M07 | Pixel Pandas(_0=46, _1=54, Correlation=0.6643508781705435)
2026-08-13 11:27:03 | INFO | M07 | Pixel Pandas(_0=46, _1=55, Correlation=0.07061551692680869)
2026-08-13 11:27:03 | INFO | M07 | Pixel Pandas(_0=46, _1=56, Correlation=-0.01883639830912293)
2026-08-13 11:27:03 | INFO | M07 | Pixel Pandas(_0=46, _1=57, Correlation=-0.1131181634080682)
2026-08-13 11:27:03 | INFO | M07 | Pixel Pandas(_0=46, _1=58, Correlation=-0.08513355023864508)
2026-08-13 11:27:03 | INFO | M07 | Pixel Pandas(_0=46, _1=59, Correlation=0.08190266140336828)
2026-08-13 11:27:03 | INFO | M07 | Pixel Pandas(_0=46, _1=60, Correlation=0.38528467352570844)
2026-08-13 11:27:03 | INFO | M07 | Pixel Pandas(_0=46, _1=61, Correlation=0.4345672334769907)
2026-08-13 11:27:03 | INFO | M07 | Pixel Pandas(_0=46, _1=62, Correlation=0.11793150853805252)
2026-08-13 11:27:03 | INFO | M07 | Pixel Pandas(_0=46, _1=63, Correlation=-0.11838528719710428)
2026-08-13 11:27:03 | INFO | M07 | Pixel Pandas(_0=47, _1=0, Correlation=nan)
2026-08-13 11:27:03 | INFO | M07 | Pixel Pandas(_0=47, _1=1, Correlation=-0.02573613652186311)
2026-08-13 11:27:03 | INFO | M07 | Pixel Pandas(_0=47, _1=2, Correlation=-0.06478202583017795)
2026-08-13 11:27:03 | INFO | M07 | Pixel Pandas(_0=47, _1=3, Correlation=0.046918895937478756)
2026-08-13 11:27:03 | INFO | M07 | Pixel Pandas(_0=47, _1=4, Correlation=-0.03953034881537463)
2026-08-13 11:27:03 | INFO | M07 | Pixel Pandas(_0=47, _1=5, Correlation=-0.08450042690589009)
2026-08-13 11:27:03 | INFO | M07 | Pixel Pandas(_0=47, _1=6, Correlation=-0.03635956333267847)
2026-08-13 11:27:03 | INFO | M07 | Pixel Pandas(_0=47, _1=7, Correlation=-0.011094736396775825)
2026-08-13 11:27:03 | INFO | M07 | Pixel Pandas(_0=47, _1=8, Correlation=-0.005242637957215121)
2026-08-13 11:27:03 | INFO | M07 | Pixel Pandas(_0=47, _1=9, Correlation=-0.050274464807028525)
2026-08-13 11:27:03 | INFO | M07 | Pixel Pandas(_0=47, _1=10, Correlation=-0.07208627450897619)
2026-08-13 11:27:03 | INFO | M07 | Pixel Pandas(_0=47, _1=11, Correlation=0.08016262441710409)
2026-08-13 11:27:03 | INFO | M07 | Pixel Pandas(_0=47, _1=12, Correlation=-0.043441031989479656)
2026-08-13 11:27:03 | INFO | M07 | Pixel Pandas(_0=47, _1=13, Correlation=-0.1025398564238713)
2026-08-13 11:27:03 | INFO | M07 | Pixel Pandas(_0=47, _1=14, Correlation=-0.04570117479780344)
2026-08-13 11:27:03 | INFO | M07 | Pixel Pandas(_0=47, _1=15, Correlation=-0.011574869130237092)
2026-08-13 11:27:03 | INFO | M07 | Pixel Pandas(_0=47, _1=16, Correlation=-0.00396010116823463)
2026-08-13 11:27:03 | INFO | M07 | Pixel Pandas(_0=47, _1=17, Correlation=-0.06203978267483336)
2026-08-13 11:27:03 | INFO | M07 | Pixel Pandas(_0=47, _1=18, Correlation=0.0005553551437144535)
2026-08-13 11:27:03 | INFO | M07 | Pixel Pandas(_0=47, _1=19, Correlation=0.0878372463248656)
2026-08-13 11:27:03 | INFO | M07 | Pixel Pandas(_0=47, _1=20, Correlation=-0.07004814486415738)
2026-08-13 11:27:03 | INFO | M07 | Pixel Pandas(_0=47, _1=21, Correlation=-0.08755090647735782)
2026-08-13 11:27:03 | INFO | M07 | Pixel Pandas(_0=47, _1=22, Correlation=-0.0442561666910685)
2026-08-13 11:27:03 | INFO | M07 | Pixel Pandas(_0=47, _1=23, Correlation=-0.010136231142637715)
2026-08-13 11:27:03 | INFO | M07 | Pixel Pandas(_0=47, _1=24, Correlation=-0.00296217089293409)
2026-08-13 11:27:03 | INFO | M07 | Pixel Pandas(_0=47, _1=25, Correlation=-0.06103553775843996)
2026-08-13 11:27:03 | INFO | M07 | Pixel Pandas(_0=47, _1=26, Correlation=0.02853305708990359)
2026-08-13 11:27:03 | INFO | M07 | Pixel Pandas(_0=47, _1=27, Correlation=0.05843142021143902)
2026-08-13 11:27:03 | INFO | M07 | Pixel Pandas(_0=47, _1=28, Correlation=-0.0007149347171710777)
2026-08-13 11:27:03 | INFO | M07 | Pixel Pandas(_0=47, _1=29, Correlation=-0.017590144871569267)
2026-08-13 11:27:03 | INFO | M07 | Pixel Pandas(_0=47, _1=30, Correlation=-0.028290335213115116)
2026-08-13 11:27:03 | INFO | M07 | Pixel Pandas(_0=47, _1=31, Correlation=-0.004191477986887857)
2026-08-13 11:27:03 | INFO | M07 | Pixel Pandas(_0=47, _1=32, Correlation=nan)
2026-08-13 11:27:03 | INFO | M07 | Pixel Pandas(_0=47, _1=33, Correlation=-0.037806116506469)
2026-08-13 11:27:03 | INFO | M07 | Pixel Pandas(_0=47, _1=34, Correlation=0.06424718256286548)
2026-08-13 11:27:03 | INFO | M07 | Pixel Pandas(_0=47, _1=35, Correlation=0.0570721971412143)
2026-08-13 11:27:03 | INFO | M07 | Pixel Pandas(_0=47, _1=36, Correlation=0.0284613374500707)
2026-08-13 11:27:03 | INFO | M07 | Pixel Pandas(_0=47, _1=37, Correlation=0.04182573873602511)
2026-08-13 11:27:03 | INFO | M07 | Pixel Pandas(_0=47, _1=38, Correlation=0.14772187674187975)
2026-08-13 11:27:03 | INFO | M07 | Pixel Pandas(_0=47, _1=39, Correlation=nan)
2026-08-13 11:27:03 | INFO | M07 | Pixel Pandas(_0=47, _1=40, Correlation=-0.005443736382096668)
2026-08-13 11:27:03 | INFO | M07 | Pixel Pandas(_0=47, _1=41, Correlation=-0.03499631129675564)
2026-08-13 11:27:03 | INFO | M07 | Pixel Pandas(_0=47, _1=42, Correlation=0.06755510938660562)
2026-08-13 11:27:03 | INFO | M07 | Pixel Pandas(_0=47, _1=43, Correlation=0.05310335471127008)
2026-08-13 11:27:03 | INFO | M07 | Pixel Pandas(_0=47, _1=44, Correlation=-0.049471345788426956)
2026-08-13 11:27:03 | INFO | M07 | Pixel Pandas(_0=47, _1=45, Correlation=-0.06443674479497884)
2026-08-13 11:27:03 | INFO | M07 | Pixel Pandas(_0=47, _1=46, Correlation=0.2244668920213566)
2026-08-13 11:27:03 | INFO | M07 | Pixel Pandas(_0=47, _1=47, Correlation=1.0)
2026-08-13 11:27:03 | INFO | M07 | Pixel Pandas(_0=47, _1=48, Correlation=-0.0031444050252005203)
2026-08-13 11:27:03 | INFO | M07 | Pixel Pandas(_0=47, _1=49, Correlation=-0.03270152757516565)
2026-08-13 11:27:03 | INFO | M07 | Pixel Pandas(_0=47, _1=50, Correlation=0.009679348214226925)
2026-08-13 11:27:03 | INFO | M07 | Pixel Pandas(_0=47, _1=51, Correlation=0.05357357388924552)
2026-08-13 11:27:03 | INFO | M07 | Pixel Pandas(_0=47, _1=52, Correlation=-0.07837809198545517)
2026-08-13 11:27:03 | INFO | M07 | Pixel Pandas(_0=47, _1=53, Correlation=0.004155322453353358)
2026-08-13 11:27:03 | INFO | M07 | Pixel Pandas(_0=47, _1=54, Correlation=0.20602334888792423)
2026-08-13 11:27:03 | INFO | M07 | Pixel Pandas(_0=47, _1=55, Correlation=0.3899219279649603)
2026-08-13 11:27:03 | INFO | M07 | Pixel Pandas(_0=47, _1=56, Correlation=-0.00209398792309771)
2026-08-13 11:27:03 | INFO | M07 | Pixel Pandas(_0=47, _1=57, Correlation=-0.026540962380606103)
2026-08-13 11:27:03 | INFO | M07 | Pixel Pandas(_0=47, _1=58, Correlation=-0.06791884451838257)
2026-08-13 11:27:03 | INFO | M07 | Pixel Pandas(_0=47, _1=59, Correlation=0.006889440979351223)
2026-08-13 11:27:03 | INFO | M07 | Pixel Pandas(_0=47, _1=60, Correlation=0.06511719648662197)
2026-08-13 11:27:03 | INFO | M07 | Pixel Pandas(_0=47, _1=61, Correlation=0.1168366577310904)
2026-08-13 11:27:03 | INFO | M07 | Pixel Pandas(_0=47, _1=62, Correlation=0.13980044743306172)
2026-08-13 11:27:03 | INFO | M07 | Pixel Pandas(_0=47, _1=63, Correlation=0.005979382109888315)
2026-08-13 11:27:03 | INFO | M07 | Pixel Pandas(_0=48, _1=0, Correlation=nan)
2026-08-13 11:27:03 | INFO | M07 | Pixel Pandas(_0=48, _1=1, Correlation=-0.011870727169897273)
2026-08-13 11:27:03 | INFO | M07 | Pixel Pandas(_0=48, _1=2, Correlation=-0.03879718472999349)
2026-08-13 11:27:03 | INFO | M07 | Pixel Pandas(_0=48, _1=3, Correlation=-0.06279852400079128)
2026-08-13 11:27:03 | INFO | M07 | Pixel Pandas(_0=48, _1=4, Correlation=0.024148667924962442)
2026-08-13 11:27:03 | INFO | M07 | Pixel Pandas(_0=48, _1=5, Correlation=-0.009701977520930605)
2026-08-13 11:27:03 | INFO | M07 | Pixel Pandas(_0=48, _1=6, Correlation=-0.012058524029910892)
2026-08-13 11:27:03 | INFO | M07 | Pixel Pandas(_0=48, _1=7, Correlation=-0.004429970072831884)
2026-08-13 11:27:03 | INFO | M07 | Pixel Pandas(_0=48, _1=8, Correlation=-0.0020933105954553935)
2026-08-13 11:27:03 | INFO | M07 | Pixel Pandas(_0=48, _1=9, Correlation=-0.0221106840600743)
2026-08-13 11:27:03 | INFO | M07 | Pixel Pandas(_0=48, _1=10, Correlation=-0.061337433623091436)
2026-08-13 11:27:03 | INFO | M07 | Pixel Pandas(_0=48, _1=11, Correlation=0.01663419819506661)
2026-08-13 11:27:03 | INFO | M07 | Pixel Pandas(_0=48, _1=12, Correlation=0.017311674611253228)
2026-08-13 11:27:03 | INFO | M07 | Pixel Pandas(_0=48, _1=13, Correlation=-0.02084830783824549)
2026-08-13 11:27:03 | INFO | M07 | Pixel Pandas(_0=48, _1=14, Correlation=-0.01368650524836499)
2026-08-13 11:27:03 | INFO | M07 | Pixel Pandas(_0=48, _1=15, Correlation=-0.0046216802283646045)
2026-08-13 11:27:03 | INFO | M07 | Pixel Pandas(_0=48, _1=16, Correlation=-0.0015812119399036882)
2026-08-13 11:27:03 | INFO | M07 | Pixel Pandas(_0=48, _1=17, Correlation=-0.025020531466408157)
2026-08-13 11:27:03 | INFO | M07 | Pixel Pandas(_0=48, _1=18, Correlation=-0.01903966163022947)
2026-08-13 11:27:03 | INFO | M07 | Pixel Pandas(_0=48, _1=19, Correlation=0.039981637909113285)
2026-08-13 11:27:03 | INFO | M07 | Pixel Pandas(_0=48, _1=20, Correlation=-0.010274416980777648)
2026-08-13 11:27:03 | INFO | M07 | Pixel Pandas(_0=48, _1=21, Correlation=-0.017809495958462294)
2026-08-13 11:27:03 | INFO | M07 | Pixel Pandas(_0=48, _1=22, Correlation=0.047462087391898194)
2026-08-13 11:27:03 | INFO | M07 | Pixel Pandas(_0=48, _1=23, Correlation=0.04568206640918556)
2026-08-13 11:27:03 | INFO | M07 | Pixel Pandas(_0=48, _1=24, Correlation=-0.0011827526078154553)
2026-08-13 11:27:03 | INFO | M07 | Pixel Pandas(_0=48, _1=25, Correlation=-0.017421130366983038)
2026-08-13 11:27:03 | INFO | M07 | Pixel Pandas(_0=48, _1=26, Correlation=0.011365885380143341)
2026-08-13 11:27:03 | INFO | M07 | Pixel Pandas(_0=48, _1=27, Correlation=-0.004021647073086536)
2026-08-13 11:27:03 | INFO | M07 | Pixel Pandas(_0=48, _1=28, Correlation=-0.028385763216139556)
2026-08-13 11:27:03 | INFO | M07 | Pixel Pandas(_0=48, _1=29, Correlation=-0.0005427995796348432)
2026-08-13 11:27:03 | INFO | M07 | Pixel Pandas(_0=48, _1=30, Correlation=0.06646463391134977)
2026-08-13 11:27:03 | INFO | M07 | Pixel Pandas(_0=48, _1=31, Correlation=0.4610117159476236)
2026-08-13 11:27:03 | INFO | M07 | Pixel Pandas(_0=48, _1=32, Correlation=nan)
2026-08-13 11:27:03 | INFO | M07 | Pixel Pandas(_0=48, _1=33, Correlation=0.029444328651923677)
2026-08-13 11:27:03 | INFO | M07 | Pixel Pandas(_0=48, _1=34, Correlation=0.019538802579148144)
2026-08-13 11:27:03 | INFO | M07 | Pixel Pandas(_0=48, _1=35, Correlation=-0.03215675413629421)
2026-08-13 11:27:03 | INFO | M07 | Pixel Pandas(_0=48, _1=36, Correlation=-0.027533241082379617)
2026-08-13 11:27:03 | INFO | M07 | Pixel Pandas(_0=48, _1=37, Correlation=0.009904853771410886)
2026-08-13 11:27:03 | INFO | M07 | Pixel Pandas(_0=48, _1=38, Correlation=0.03636380733810484)
2026-08-13 11:27:03 | INFO | M07 | Pixel Pandas(_0=48, _1=39, Correlation=nan)
2026-08-13 11:27:03 | INFO | M07 | Pixel Pandas(_0=48, _1=40, Correlation=0.3734004873491317)
2026-08-13 11:27:03 | INFO | M07 | Pixel Pandas(_0=48, _1=41, Correlation=0.13569835579053466)
2026-08-13 11:27:03 | INFO | M07 | Pixel Pandas(_0=48, _1=42, Correlation=0.028165250022415142)
2026-08-13 11:27:03 | INFO | M07 | Pixel Pandas(_0=48, _1=43, Correlation=0.01990771060337644)
2026-08-13 11:27:03 | INFO | M07 | Pixel Pandas(_0=48, _1=44, Correlation=0.008824881839669499)
2026-08-13 11:27:03 | INFO | M07 | Pixel Pandas(_0=48, _1=45, Correlation=0.02198406622871131)
2026-08-13 11:27:03 | INFO | M07 | Pixel Pandas(_0=48, _1=46, Correlation=-0.010658999144448868)
2026-08-13 11:27:03 | INFO | M07 | Pixel Pandas(_0=48, _1=47, Correlation=-0.0031444050252005203)
2026-08-13 11:27:03 | INFO | M07 | Pixel Pandas(_0=48, _1=48, Correlation=1.0)
2026-08-13 11:27:03 | INFO | M07 | Pixel Pandas(_0=48, _1=49, Correlation=0.3010971766487403)
2026-08-13 11:27:03 | INFO | M07 | Pixel Pandas(_0=48, _1=50, Correlation=0.05139775893349007)
2026-08-13 11:27:03 | INFO | M07 | Pixel Pandas(_0=48, _1=51, Correlation=0.041723056357337356)
2026-08-13 11:27:03 | INFO | M07 | Pixel Pandas(_0=48, _1=52, Correlation=0.04195418576385394)
2026-08-13 11:27:03 | INFO | M07 | Pixel Pandas(_0=48, _1=53, Correlation=0.009556229423064715)
2026-08-13 11:27:03 | INFO | M07 | Pixel Pandas(_0=48, _1=54, Correlation=-0.026838421955284422)
2026-08-13 11:27:03 | INFO | M07 | Pixel Pandas(_0=48, _1=55, Correlation=-0.0074333714943450565)
2026-08-13 11:27:03 | INFO | M07 | Pixel Pandas(_0=48, _1=56, Correlation=0.34588794198937606)
2026-08-13 11:27:03 | INFO | M07 | Pixel Pandas(_0=48, _1=57, Correlation=0.033174203891876176)
2026-08-13 11:27:03 | INFO | M07 | Pixel Pandas(_0=48, _1=58, Correlation=-0.030586334856603784)
2026-08-13 11:27:03 | INFO | M07 | Pixel Pandas(_0=48, _1=59, Correlation=-0.040607410165150806)
2026-08-13 11:27:03 | INFO | M07 | Pixel Pandas(_0=48, _1=60, Correlation=0.018501085667938937)
2026-08-13 11:27:03 | INFO | M07 | Pixel Pandas(_0=48, _1=61, Correlation=-0.008285823259031058)
2026-08-13 11:27:03 | INFO | M07 | Pixel Pandas(_0=48, _1=62, Correlation=-0.017917530906278314)
2026-08-13 11:27:03 | INFO | M07 | Pixel Pandas(_0=48, _1=63, Correlation=-0.006945185881255888)
2026-08-13 11:27:03 | INFO | M07 | Pixel Pandas(_0=49, _1=0, Correlation=nan)
2026-08-13 11:27:03 | INFO | M07 | Pixel Pandas(_0=49, _1=1, Correlation=0.22577527083653046)
2026-08-13 11:27:03 | INFO | M07 | Pixel Pandas(_0=49, _1=2, Correlation=0.20579604116825534)
2026-08-13 11:27:03 | INFO | M07 | Pixel Pandas(_0=49, _1=3, Correlation=0.015447169646809141)
2026-08-13 11:27:03 | INFO | M07 | Pixel Pandas(_0=49, _1=4, Correlation=-0.020576894144745797)
2026-08-13 11:27:03 | INFO | M07 | Pixel Pandas(_0=49, _1=5, Correlation=-0.04467165044801366)
2026-08-13 11:27:03 | INFO | M07 | Pixel Pandas(_0=49, _1=6, Correlation=-0.0450275596651717)
2026-08-13 11:27:03 | INFO | M07 | Pixel Pandas(_0=49, _1=7, Correlation=-0.04891923605524755)
2026-08-13 11:27:03 | INFO | M07 | Pixel Pandas(_0=49, _1=8, Correlation=-0.023842224276349404)
2026-08-13 11:27:03 | INFO | M07 | Pixel Pandas(_0=49, _1=9, Correlation=0.07300377583940691)
2026-08-13 11:27:03 | INFO | M07 | Pixel Pandas(_0=49, _1=10, Correlation=0.06863847060090024)
2026-08-13 11:27:03 | INFO | M07 | Pixel Pandas(_0=49, _1=11, Correlation=-0.05346615047476758)
2026-08-13 11:27:03 | INFO | M07 | Pixel Pandas(_0=49, _1=12, Correlation=0.027357786256027035)
2026-08-13 11:27:03 | INFO | M07 | Pixel Pandas(_0=49, _1=13, Correlation=-0.030745178737174653)
2026-08-13 11:27:03 | INFO | M07 | Pixel Pandas(_0=49, _1=14, Correlation=-0.042994110253581255)
2026-08-13 11:27:03 | INFO | M07 | Pixel Pandas(_0=49, _1=15, Correlation=-0.046092164111616735)
2026-08-13 11:27:03 | INFO | M07 | Pixel Pandas(_0=49, _1=16, Correlation=-0.018009563311565734)
2026-08-13 11:27:03 | INFO | M07 | Pixel Pandas(_0=49, _1=17, Correlation=-0.04427515405038855)
2026-08-13 11:27:03 | INFO | M07 | Pixel Pandas(_0=49, _1=18, Correlation=-0.030841210383660923)
2026-08-13 11:27:03 | INFO | M07 | Pixel Pandas(_0=49, _1=19, Correlation=0.013526927515808895)
2026-08-13 11:27:03 | INFO | M07 | Pixel Pandas(_0=49, _1=20, Correlation=0.051787749078464146)
2026-08-13 11:27:03 | INFO | M07 | Pixel Pandas(_0=49, _1=21, Correlation=-0.03873513533418073)
2026-08-13 11:27:03 | INFO | M07 | Pixel Pandas(_0=49, _1=22, Correlation=-0.02428652620484297)
2026-08-13 11:27:03 | INFO | M07 | Pixel Pandas(_0=49, _1=23, Correlation=-0.034464788205081004)
2026-08-13 11:27:03 | INFO | M07 | Pixel Pandas(_0=49, _1=24, Correlation=-0.013471222569739379)
2026-08-13 11:27:03 | INFO | M07 | Pixel Pandas(_0=49, _1=25, Correlation=-0.09015214894390247)
2026-08-13 11:27:03 | INFO | M07 | Pixel Pandas(_0=49, _1=26, Correlation=-0.06867261792936015)
2026-08-13 11:27:03 | INFO | M07 | Pixel Pandas(_0=49, _1=27, Correlation=0.03350494817007387)
2026-08-13 11:27:03 | INFO | M07 | Pixel Pandas(_0=49, _1=28, Correlation=-0.028595586043044376)
2026-08-13 11:27:03 | INFO | M07 | Pixel Pandas(_0=49, _1=29, Correlation=-0.07445169787304305)
2026-08-13 11:27:03 | INFO | M07 | Pixel Pandas(_0=49, _1=30, Correlation=-0.011181828768986192)
2026-08-13 11:27:03 | INFO | M07 | Pixel Pandas(_0=49, _1=31, Correlation=0.08916589813778533)
2026-08-13 11:27:03 | INFO | M07 | Pixel Pandas(_0=49, _1=32, Correlation=nan)
2026-08-13 11:27:03 | INFO | M07 | Pixel Pandas(_0=49, _1=33, Correlation=0.023660653383261107)
2026-08-13 11:27:03 | INFO | M07 | Pixel Pandas(_0=49, _1=34, Correlation=-0.047830322500761156)
2026-08-13 11:27:03 | INFO | M07 | Pixel Pandas(_0=49, _1=35, Correlation=-0.08759081511538556)
2026-08-13 11:27:03 | INFO | M07 | Pixel Pandas(_0=49, _1=36, Correlation=-0.16465225966964234)
2026-08-13 11:27:03 | INFO | M07 | Pixel Pandas(_0=49, _1=37, Correlation=-0.09032302202303868)
2026-08-13 11:27:03 | INFO | M07 | Pixel Pandas(_0=49, _1=38, Correlation=-0.015159258451128706)
2026-08-13 11:27:03 | INFO | M07 | Pixel Pandas(_0=49, _1=39, Correlation=nan)
2026-08-13 11:27:03 | INFO | M07 | Pixel Pandas(_0=49, _1=40, Correlation=0.21903068542443582)
2026-08-13 11:27:03 | INFO | M07 | Pixel Pandas(_0=49, _1=41, Correlation=0.3492552469682793)
2026-08-13 11:27:03 | INFO | M07 | Pixel Pandas(_0=49, _1=42, Correlation=0.1626571528861584)
2026-08-13 11:27:03 | INFO | M07 | Pixel Pandas(_0=49, _1=43, Correlation=-0.030189388229668806)
2026-08-13 11:27:03 | INFO | M07 | Pixel Pandas(_0=49, _1=44, Correlation=-0.08522727662868172)
2026-08-13 11:27:03 | INFO | M07 | Pixel Pandas(_0=49, _1=45, Correlation=0.03300832143165888)
2026-08-13 11:27:03 | INFO | M07 | Pixel Pandas(_0=49, _1=46, Correlation=-0.03664311655742542)
2026-08-13 11:27:03 | INFO | M07 | Pixel Pandas(_0=49, _1=47, Correlation=-0.03270152757516565)
2026-08-13 11:27:03 | INFO | M07 | Pixel Pandas(_0=49, _1=48, Correlation=0.3010971766487403)
2026-08-13 11:27:03 | INFO | M07 | Pixel Pandas(_0=49, _1=49, Correlation=1.0)
2026-08-13 11:27:03 | INFO | M07 | Pixel Pandas(_0=49, _1=50, Correlation=0.41223238268235435)
2026-08-13 11:27:03 | INFO | M07 | Pixel Pandas(_0=49, _1=51, Correlation=-0.018281141163890118)
2026-08-13 11:27:03 | INFO | M07 | Pixel Pandas(_0=49, _1=52, Correlation=0.03073355035312762)
2026-08-13 11:27:03 | INFO | M07 | Pixel Pandas(_0=49, _1=53, Correlation=0.07913380393431702)
2026-08-13 11:27:03 | INFO | M07 | Pixel Pandas(_0=49, _1=54, Correlation=-0.07544696105208924)
2026-08-13 11:27:03 | INFO | M07 | Pixel Pandas(_0=49, _1=55, Correlation=-0.07170718091370537)
2026-08-13 11:27:03 | INFO | M07 | Pixel Pandas(_0=49, _1=56, Correlation=0.20675161492566205)
2026-08-13 11:27:03 | INFO | M07 | Pixel Pandas(_0=49, _1=57, Correlation=0.33662754338630957)
2026-08-13 11:27:03 | INFO | M07 | Pixel Pandas(_0=49, _1=58, Correlation=0.1975241284284866)
2026-08-13 11:27:03 | INFO | M07 | Pixel Pandas(_0=49, _1=59, Correlation=0.03646496685176557)
2026-08-13 11:27:03 | INFO | M07 | Pixel Pandas(_0=49, _1=60, Correlation=0.07837020121357524)
2026-08-13 11:27:03 | INFO | M07 | Pixel Pandas(_0=49, _1=61, Correlation=0.01317009847367527)
2026-08-13 11:27:03 | INFO | M07 | Pixel Pandas(_0=49, _1=62, Correlation=-0.03967390719678185)
2026-08-13 11:27:03 | INFO | M07 | Pixel Pandas(_0=49, _1=63, Correlation=-0.06796121215958639)
2026-08-13 11:27:03 | INFO | M07 | Pixel Pandas(_0=50, _1=0, Correlation=nan)
2026-08-13 11:27:03 | INFO | M07 | Pixel Pandas(_0=50, _1=1, Correlation=0.1152810322482524)
2026-08-13 11:27:03 | INFO | M07 | Pixel Pandas(_0=50, _1=2, Correlation=0.2621760079598529)
2026-08-13 11:27:03 | INFO | M07 | Pixel Pandas(_0=50, _1=3, Correlation=0.2997618616083874)
2026-08-13 11:27:03 | INFO | M07 | Pixel Pandas(_0=50, _1=4, Correlation=-0.16560119735531778)
2026-08-13 11:27:03 | INFO | M07 | Pixel Pandas(_0=50, _1=5, Correlation=-0.29890770642755904)
2026-08-13 11:27:03 | INFO | M07 | Pixel Pandas(_0=50, _1=6, Correlation=-0.272282436750303)
2026-08-13 11:27:03 | INFO | M07 | Pixel Pandas(_0=50, _1=7, Correlation=-0.13047333418219972)
2026-08-13 11:27:03 | INFO | M07 | Pixel Pandas(_0=50, _1=8, Correlation=0.020865803121117767)
2026-08-13 11:27:03 | INFO | M07 | Pixel Pandas(_0=50, _1=9, Correlation=0.12547640438698468)
2026-08-13 11:27:03 | INFO | M07 | Pixel Pandas(_0=50, _1=10, Correlation=0.31553299945899077)
2026-08-13 11:27:03 | INFO | M07 | Pixel Pandas(_0=50, _1=11, Correlation=0.04942060709502752)
2026-08-13 11:27:03 | INFO | M07 | Pixel Pandas(_0=50, _1=12, Correlation=-0.006197691177825074)
2026-08-13 11:27:03 | INFO | M07 | Pixel Pandas(_0=50, _1=13, Correlation=-0.02381276295634942)
2026-08-13 11:27:03 | INFO | M07 | Pixel Pandas(_0=50, _1=14, Correlation=-0.23968501956281954)
2026-08-13 11:27:03 | INFO | M07 | Pixel Pandas(_0=50, _1=15, Correlation=-0.1540985700698174)
2026-08-13 11:27:03 | INFO | M07 | Pixel Pandas(_0=50, _1=16, Correlation=-0.04038655039881729)
2026-08-13 11:27:03 | INFO | M07 | Pixel Pandas(_0=50, _1=17, Correlation=0.07513432598394962)
2026-08-13 11:27:03 | INFO | M07 | Pixel Pandas(_0=50, _1=18, Correlation=0.14436083280288997)
2026-08-13 11:27:03 | INFO | M07 | Pixel Pandas(_0=50, _1=19, Correlation=-0.07609761681260149)
2026-08-13 11:27:03 | INFO | M07 | Pixel Pandas(_0=50, _1=20, Correlation=0.004436848567804018)
2026-08-13 11:27:03 | INFO | M07 | Pixel Pandas(_0=50, _1=21, Correlation=-0.051119088045333)
2026-08-13 11:27:03 | INFO | M07 | Pixel Pandas(_0=50, _1=22, Correlation=-0.15945048726670683)
2026-08-13 11:27:03 | INFO | M07 | Pixel Pandas(_0=50, _1=23, Correlation=-0.14722977030793125)
2026-08-13 11:27:03 | INFO | M07 | Pixel Pandas(_0=50, _1=24, Correlation=-0.04144840875607312)
2026-08-13 11:27:03 | INFO | M07 | Pixel Pandas(_0=50, _1=25, Correlation=-0.10492409612553814)
2026-08-13 11:27:03 | INFO | M07 | Pixel Pandas(_0=50, _1=26, Correlation=-0.055010954315807575)
2026-08-13 11:27:03 | INFO | M07 | Pixel Pandas(_0=50, _1=27, Correlation=-0.049452521586692125)
2026-08-13 11:27:03 | INFO | M07 | Pixel Pandas(_0=50, _1=28, Correlation=-0.15475490473463224)
2026-08-13 11:27:03 | INFO | M07 | Pixel Pandas(_0=50, _1=29, Correlation=-0.24988432455778134)
2026-08-13 11:27:03 | INFO | M07 | Pixel Pandas(_0=50, _1=30, Correlation=-0.08357897613284707)
2026-08-13 11:27:03 | INFO | M07 | Pixel Pandas(_0=50, _1=31, Correlation=-0.0293539040804967)
2026-08-13 11:27:03 | INFO | M07 | Pixel Pandas(_0=50, _1=32, Correlation=nan)
2026-08-13 11:27:03 | INFO | M07 | Pixel Pandas(_0=50, _1=33, Correlation=-0.01964845450311765)
2026-08-13 11:27:03 | INFO | M07 | Pixel Pandas(_0=50, _1=34, Correlation=0.0019520636844633356)
2026-08-13 11:27:03 | INFO | M07 | Pixel Pandas(_0=50, _1=35, Correlation=-0.09755777214386571)
2026-08-13 11:27:03 | INFO | M07 | Pixel Pandas(_0=50, _1=36, Correlation=-0.3459597291375671)
2026-08-13 11:27:03 | INFO | M07 | Pixel Pandas(_0=50, _1=37, Correlation=-0.2925675508408898)
2026-08-13 11:27:03 | INFO | M07 | Pixel Pandas(_0=50, _1=38, Correlation=-0.027450824850324716)
2026-08-13 11:27:03 | INFO | M07 | Pixel Pandas(_0=50, _1=39, Correlation=nan)
2026-08-13 11:27:03 | INFO | M07 | Pixel Pandas(_0=50, _1=40, Correlation=0.007398124414148052)
2026-08-13 11:27:03 | INFO | M07 | Pixel Pandas(_0=50, _1=41, Correlation=0.1507930387577408)
2026-08-13 11:27:03 | INFO | M07 | Pixel Pandas(_0=50, _1=42, Correlation=0.44649367676331414)
2026-08-13 11:27:03 | INFO | M07 | Pixel Pandas(_0=50, _1=43, Correlation=-0.025419037255764557)
2026-08-13 11:27:03 | INFO | M07 | Pixel Pandas(_0=50, _1=44, Correlation=-0.39717987772798297)
2026-08-13 11:27:03 | INFO | M07 | Pixel Pandas(_0=50, _1=45, Correlation=-0.011941018338660887)
2026-08-13 11:27:03 | INFO | M07 | Pixel Pandas(_0=50, _1=46, Correlation=0.19141966102397762)
2026-08-13 11:27:03 | INFO | M07 | Pixel Pandas(_0=50, _1=47, Correlation=0.009679348214226925)
2026-08-13 11:27:03 | INFO | M07 | Pixel Pandas(_0=50, _1=48, Correlation=0.05139775893349007)
2026-08-13 11:27:03 | INFO | M07 | Pixel Pandas(_0=50, _1=49, Correlation=0.41223238268235435)
2026-08-13 11:27:03 | INFO | M07 | Pixel Pandas(_0=50, _1=50, Correlation=1.0)
2026-08-13 11:27:03 | INFO | M07 | Pixel Pandas(_0=50, _1=51, Correlation=0.2078528250055855)
2026-08-13 11:27:03 | INFO | M07 | Pixel Pandas(_0=50, _1=52, Correlation=-0.14374439552565013)
2026-08-13 11:27:03 | INFO | M07 | Pixel Pandas(_0=50, _1=53, Correlation=0.30545859586858104)
2026-08-13 11:27:03 | INFO | M07 | Pixel Pandas(_0=50, _1=54, Correlation=0.23030497556308777)
2026-08-13 11:27:03 | INFO | M07 | Pixel Pandas(_0=50, _1=55, Correlation=-0.009126889567549314)
2026-08-13 11:27:03 | INFO | M07 | Pixel Pandas(_0=50, _1=56, Correlation=0.03551451630309199)
2026-08-13 11:27:03 | INFO | M07 | Pixel Pandas(_0=50, _1=57, Correlation=0.14026376920796058)
2026-08-13 11:27:03 | INFO | M07 | Pixel Pandas(_0=50, _1=58, Correlation=0.2556647077828447)
2026-08-13 11:27:03 | INFO | M07 | Pixel Pandas(_0=50, _1=59, Correlation=0.22906932862821927)
2026-08-13 11:27:03 | INFO | M07 | Pixel Pandas(_0=50, _1=60, Correlation=0.27673828674318324)
2026-08-13 11:27:03 | INFO | M07 | Pixel Pandas(_0=50, _1=61, Correlation=0.25858503555389095)
2026-08-13 11:27:03 | INFO | M07 | Pixel Pandas(_0=50, _1=62, Correlation=0.12841594999982806)
2026-08-13 11:27:03 | INFO | M07 | Pixel Pandas(_0=50, _1=63, Correlation=-0.05080636417282943)
2026-08-13 11:27:03 | INFO | M07 | Pixel Pandas(_0=51, _1=0, Correlation=nan)
2026-08-13 11:27:03 | INFO | M07 | Pixel Pandas(_0=51, _1=1, Correlation=0.020381877420570772)
2026-08-13 11:27:03 | INFO | M07 | Pixel Pandas(_0=51, _1=2, Correlation=-0.042531150733290016)
2026-08-13 11:27:03 | INFO | M07 | Pixel Pandas(_0=51, _1=3, Correlation=0.2794202534683463)
2026-08-13 11:27:03 | INFO | M07 | Pixel Pandas(_0=51, _1=4, Correlation=-0.04364881806556491)
2026-08-13 11:27:03 | INFO | M07 | Pixel Pandas(_0=51, _1=5, Correlation=-0.16348859860314324)
2026-08-13 11:27:03 | INFO | M07 | Pixel Pandas(_0=51, _1=6, Correlation=-0.06165842081473936)
2026-08-13 11:27:03 | INFO | M07 | Pixel Pandas(_0=51, _1=7, Correlation=0.004041566662625606)
2026-08-13 11:27:03 | INFO | M07 | Pixel Pandas(_0=51, _1=8, Correlation=-0.014010314510486477)
2026-08-13 11:27:03 | INFO | M07 | Pixel Pandas(_0=51, _1=9, Correlation=-0.027231739590678736)
2026-08-13 11:27:03 | INFO | M07 | Pixel Pandas(_0=51, _1=10, Correlation=0.027243592931011987)
2026-08-13 11:27:03 | INFO | M07 | Pixel Pandas(_0=51, _1=11, Correlation=0.43463143685440053)
2026-08-13 11:27:03 | INFO | M07 | Pixel Pandas(_0=51, _1=12, Correlation=0.1090542625679509)
2026-08-13 11:27:03 | INFO | M07 | Pixel Pandas(_0=51, _1=13, Correlation=-0.1496829430615868)
2026-08-13 11:27:03 | INFO | M07 | Pixel Pandas(_0=51, _1=14, Correlation=-0.09731124962246647)
2026-08-13 11:27:03 | INFO | M07 | Pixel Pandas(_0=51, _1=15, Correlation=-0.07496152829263249)
2026-08-13 11:27:03 | INFO | M07 | Pixel Pandas(_0=51, _1=16, Correlation=0.017598706585627236)
2026-08-13 11:27:03 | INFO | M07 | Pixel Pandas(_0=51, _1=17, Correlation=0.014985016689473376)
2026-08-13 11:27:03 | INFO | M07 | Pixel Pandas(_0=51, _1=18, Correlation=0.01652532514175682)
2026-08-13 11:27:03 | INFO | M07 | Pixel Pandas(_0=51, _1=19, Correlation=0.06465600201720503)
2026-08-13 11:27:03 | INFO | M07 | Pixel Pandas(_0=51, _1=20, Correlation=0.023494422048016703)
2026-08-13 11:27:03 | INFO | M07 | Pixel Pandas(_0=51, _1=21, Correlation=-0.16680451257308723)
2026-08-13 11:27:03 | INFO | M07 | Pixel Pandas(_0=51, _1=22, Correlation=-0.19858254384166593)
2026-08-13 11:27:03 | INFO | M07 | Pixel Pandas(_0=51, _1=23, Correlation=-0.12375133382087675)
2026-08-13 11:27:03 | INFO | M07 | Pixel Pandas(_0=51, _1=24, Correlation=0.022106906214521087)
2026-08-13 11:27:03 | INFO | M07 | Pixel Pandas(_0=51, _1=25, Correlation=-0.0743138824438137)
2026-08-13 11:27:03 | INFO | M07 | Pixel Pandas(_0=51, _1=26, Correlation=-0.07976199358802753)
2026-08-13 11:27:03 | INFO | M07 | Pixel Pandas(_0=51, _1=27, Correlation=-0.0984109514860569)
2026-08-13 11:27:03 | INFO | M07 | Pixel Pandas(_0=51, _1=28, Correlation=-0.05231487531091323)
2026-08-13 11:27:03 | INFO | M07 | Pixel Pandas(_0=51, _1=29, Correlation=-0.23841051590964168)
2026-08-13 11:27:03 | INFO | M07 | Pixel Pandas(_0=51, _1=30, Correlation=-0.13439205826292047)
2026-08-13 11:27:03 | INFO | M07 | Pixel Pandas(_0=51, _1=31, Correlation=-0.004874030792193377)
2026-08-13 11:27:03 | INFO | M07 | Pixel Pandas(_0=51, _1=32, Correlation=nan)
2026-08-13 11:27:03 | INFO | M07 | Pixel Pandas(_0=51, _1=33, Correlation=-0.033481889322019016)
2026-08-13 11:27:03 | INFO | M07 | Pixel Pandas(_0=51, _1=34, Correlation=0.09752581195969495)
2026-08-13 11:27:03 | INFO | M07 | Pixel Pandas(_0=51, _1=35, Correlation=0.22758786454584962)
2026-08-13 11:27:03 | INFO | M07 | Pixel Pandas(_0=51, _1=36, Correlation=0.1475683309799021)
2026-08-13 11:27:03 | INFO | M07 | Pixel Pandas(_0=51, _1=37, Correlation=-0.302750238839892)
2026-08-13 11:27:03 | INFO | M07 | Pixel Pandas(_0=51, _1=38, Correlation=-0.13783726033658497)
2026-08-13 11:27:03 | INFO | M07 | Pixel Pandas(_0=51, _1=39, Correlation=nan)
2026-08-13 11:27:03 | INFO | M07 | Pixel Pandas(_0=51, _1=40, Correlation=-0.001927970515255413)
2026-08-13 11:27:03 | INFO | M07 | Pixel Pandas(_0=51, _1=41, Correlation=0.002655949232097746)
2026-08-13 11:27:03 | INFO | M07 | Pixel Pandas(_0=51, _1=42, Correlation=0.2143333343619219)
2026-08-13 11:27:03 | INFO | M07 | Pixel Pandas(_0=51, _1=43, Correlation=0.5625341770564245)
2026-08-13 11:27:03 | INFO | M07 | Pixel Pandas(_0=51, _1=44, Correlation=0.19202291274957983)
2026-08-13 11:27:03 | INFO | M07 | Pixel Pandas(_0=51, _1=45, Correlation=-0.36751749898370273)
2026-08-13 11:27:03 | INFO | M07 | Pixel Pandas(_0=51, _1=46, Correlation=-0.11858088602560311)
2026-08-13 11:27:03 | INFO | M07 | Pixel Pandas(_0=51, _1=47, Correlation=0.05357357388924552)
2026-08-13 11:27:03 | INFO | M07 | Pixel Pandas(_0=51, _1=48, Correlation=0.041723056357337356)
2026-08-13 11:27:03 | INFO | M07 | Pixel Pandas(_0=51, _1=49, Correlation=-0.018281141163890118)
2026-08-13 11:27:03 | INFO | M07 | Pixel Pandas(_0=51, _1=50, Correlation=0.2078528250055855)
2026-08-13 11:27:03 | INFO | M07 | Pixel Pandas(_0=51, _1=51, Correlation=1.0)
2026-08-13 11:27:03 | INFO | M07 | Pixel Pandas(_0=51, _1=52, Correlation=0.1309663661265828)
2026-08-13 11:27:03 | INFO | M07 | Pixel Pandas(_0=51, _1=53, Correlation=-0.22602284066658768)
2026-08-13 11:27:03 | INFO | M07 | Pixel Pandas(_0=51, _1=54, Correlation=0.07685735224904282)
2026-08-13 11:27:03 | INFO | M07 | Pixel Pandas(_0=51, _1=55, Correlation=0.12075809632770677)
2026-08-13 11:27:03 | INFO | M07 | Pixel Pandas(_0=51, _1=56, Correlation=0.02917451830332523)
2026-08-13 11:27:03 | INFO | M07 | Pixel Pandas(_0=51, _1=57, Correlation=0.03743143688822521)
2026-08-13 11:27:03 | INFO | M07 | Pixel Pandas(_0=51, _1=58, Correlation=-0.02054709466554056)
2026-08-13 11:27:03 | INFO | M07 | Pixel Pandas(_0=51, _1=59, Correlation=0.1536657006693082)
2026-08-13 11:27:03 | INFO | M07 | Pixel Pandas(_0=51, _1=60, Correlation=-0.2308835250149209)
2026-08-13 11:27:03 | INFO | M07 | Pixel Pandas(_0=51, _1=61, Correlation=-0.04593325088212718)
2026-08-13 11:27:03 | INFO | M07 | Pixel Pandas(_0=51, _1=62, Correlation=0.1782327846219719)
2026-08-13 11:27:03 | INFO | M07 | Pixel Pandas(_0=51, _1=63, Correlation=0.11314823666022124)
2026-08-13 11:27:03 | INFO | M07 | Pixel Pandas(_0=52, _1=0, Correlation=nan)
2026-08-13 11:27:03 | INFO | M07 | Pixel Pandas(_0=52, _1=1, Correlation=0.031454654315542396)
2026-08-13 11:27:03 | INFO | M07 | Pixel Pandas(_0=52, _1=2, Correlation=-0.05153039973615351)
2026-08-13 11:27:03 | INFO | M07 | Pixel Pandas(_0=52, _1=3, Correlation=-0.18053127447690684)
2026-08-13 11:27:03 | INFO | M07 | Pixel Pandas(_0=52, _1=4, Correlation=0.030314481170920875)
2026-08-13 11:27:03 | INFO | M07 | Pixel Pandas(_0=52, _1=5, Correlation=0.029822444579394973)
2026-08-13 11:27:03 | INFO | M07 | Pixel Pandas(_0=52, _1=6, Correlation=0.04016535468485452)
2026-08-13 11:27:03 | INFO | M07 | Pixel Pandas(_0=52, _1=7, Correlation=0.0032407807823465295)
2026-08-13 11:27:03 | INFO | M07 | Pixel Pandas(_0=52, _1=8, Correlation=-0.016899362504839987)
2026-08-13 11:27:03 | INFO | M07 | Pixel Pandas(_0=52, _1=9, Correlation=-0.06858537355741492)
2026-08-13 11:27:03 | INFO | M07 | Pixel Pandas(_0=52, _1=10, Correlation=-0.20158494212592334)
2026-08-13 11:27:03 | INFO | M07 | Pixel Pandas(_0=52, _1=11, Correlation=0.293916510069144)
2026-08-13 11:27:03 | INFO | M07 | Pixel Pandas(_0=52, _1=12, Correlation=0.2206277197841831)
2026-08-13 11:27:03 | INFO | M07 | Pixel Pandas(_0=52, _1=13, Correlation=-0.07690141307702329)
2026-08-13 11:27:03 | INFO | M07 | Pixel Pandas(_0=52, _1=14, Correlation=0.0670231382362708)
2026-08-13 11:27:03 | INFO | M07 | Pixel Pandas(_0=52, _1=15, Correlation=0.06941416322797508)
2026-08-13 11:27:03 | INFO | M07 | Pixel Pandas(_0=52, _1=16, Correlation=-0.027077329265445683)
2026-08-13 11:27:03 | INFO | M07 | Pixel Pandas(_0=52, _1=17, Correlation=-0.05258999103546079)
2026-08-13 11:27:03 | INFO | M07 | Pixel Pandas(_0=52, _1=18, Correlation=0.0331134979839447)
2026-08-13 11:27:03 | INFO | M07 | Pixel Pandas(_0=52, _1=19, Correlation=0.3391035289483936)
2026-08-13 11:27:03 | INFO | M07 | Pixel Pandas(_0=52, _1=20, Correlation=0.0694586293372126)
2026-08-13 11:27:03 | INFO | M07 | Pixel Pandas(_0=52, _1=21, Correlation=-0.05358308843212582)
2026-08-13 11:27:03 | INFO | M07 | Pixel Pandas(_0=52, _1=22, Correlation=0.10792379083814228)
2026-08-13 11:27:03 | INFO | M07 | Pixel Pandas(_0=52, _1=23, Correlation=0.09566243951665383)
2026-08-13 11:27:03 | INFO | M07 | Pixel Pandas(_0=52, _1=24, Correlation=-0.0026212803431080903)
2026-08-13 11:27:03 | INFO | M07 | Pixel Pandas(_0=52, _1=25, Correlation=0.10705563945690948)
2026-08-13 11:27:03 | INFO | M07 | Pixel Pandas(_0=52, _1=26, Correlation=0.07471963753053702)
2026-08-13 11:27:03 | INFO | M07 | Pixel Pandas(_0=52, _1=27, Correlation=-0.00878940997614667)
2026-08-13 11:27:03 | INFO | M07 | Pixel Pandas(_0=52, _1=28, Correlation=-0.050534497904425185)
2026-08-13 11:27:03 | INFO | M07 | Pixel Pandas(_0=52, _1=29, Correlation=-0.0047299172198385095)
2026-08-13 11:27:03 | INFO | M07 | Pixel Pandas(_0=52, _1=30, Correlation=0.01274268183709665)
2026-08-13 11:27:03 | INFO | M07 | Pixel Pandas(_0=52, _1=31, Correlation=0.03193411020851679)
2026-08-13 11:27:03 | INFO | M07 | Pixel Pandas(_0=52, _1=32, Correlation=nan)
2026-08-13 11:27:03 | INFO | M07 | Pixel Pandas(_0=52, _1=33, Correlation=0.1599216796923514)
2026-08-13 11:27:03 | INFO | M07 | Pixel Pandas(_0=52, _1=34, Correlation=0.05211836174475228)
2026-08-13 11:27:03 | INFO | M07 | Pixel Pandas(_0=52, _1=35, Correlation=-0.02257802105708001)
2026-08-13 11:27:03 | INFO | M07 | Pixel Pandas(_0=52, _1=36, Correlation=0.11464100495088615)
2026-08-13 11:27:03 | INFO | M07 | Pixel Pandas(_0=52, _1=37, Correlation=-0.07154386719785079)
2026-08-13 11:27:03 | INFO | M07 | Pixel Pandas(_0=52, _1=38, Correlation=-0.14321916164492526)
2026-08-13 11:27:03 | INFO | M07 | Pixel Pandas(_0=52, _1=39, Correlation=nan)
2026-08-13 11:27:03 | INFO | M07 | Pixel Pandas(_0=52, _1=40, Correlation=0.06606751977000994)
2026-08-13 11:27:03 | INFO | M07 | Pixel Pandas(_0=52, _1=41, Correlation=0.13370136995963658)
2026-08-13 11:27:03 | INFO | M07 | Pixel Pandas(_0=52, _1=42, Correlation=0.006210671414710754)
2026-08-13 11:27:03 | INFO | M07 | Pixel Pandas(_0=52, _1=43, Correlation=0.10760622116698906)
2026-08-13 11:27:03 | INFO | M07 | Pixel Pandas(_0=52, _1=44, Correlation=0.5508696129879087)
2026-08-13 11:27:03 | INFO | M07 | Pixel Pandas(_0=52, _1=45, Correlation=0.0712096639627646)
2026-08-13 11:27:03 | INFO | M07 | Pixel Pandas(_0=52, _1=46, Correlation=-0.38854954972896333)
2026-08-13 11:27:03 | INFO | M07 | Pixel Pandas(_0=52, _1=47, Correlation=-0.07837809198545517)
2026-08-13 11:27:03 | INFO | M07 | Pixel Pandas(_0=52, _1=48, Correlation=0.04195418576385394)
2026-08-13 11:27:03 | INFO | M07 | Pixel Pandas(_0=52, _1=49, Correlation=0.03073355035312762)
2026-08-13 11:27:03 | INFO | M07 | Pixel Pandas(_0=52, _1=50, Correlation=-0.14374439552565013)
2026-08-13 11:27:03 | INFO | M07 | Pixel Pandas(_0=52, _1=51, Correlation=0.1309663661265828)
2026-08-13 11:27:03 | INFO | M07 | Pixel Pandas(_0=52, _1=52, Correlation=1.0)
2026-08-13 11:27:03 | INFO | M07 | Pixel Pandas(_0=52, _1=53, Correlation=-0.0024263287749044715)
2026-08-13 11:27:03 | INFO | M07 | Pixel Pandas(_0=52, _1=54, Correlation=-0.3331922835736737)
2026-08-13 11:27:03 | INFO | M07 | Pixel Pandas(_0=52, _1=55, Correlation=0.04166568465627005)
2026-08-13 11:27:03 | INFO | M07 | Pixel Pandas(_0=52, _1=56, Correlation=0.029308756294338198)
2026-08-13 11:27:03 | INFO | M07 | Pixel Pandas(_0=52, _1=57, Correlation=0.04451485523624288)
2026-08-13 11:27:03 | INFO | M07 | Pixel Pandas(_0=52, _1=58, Correlation=-0.0803829779245931)
2026-08-13 11:27:03 | INFO | M07 | Pixel Pandas(_0=52, _1=59, Correlation=-0.06168332800671385)
2026-08-13 11:27:03 | INFO | M07 | Pixel Pandas(_0=52, _1=60, Correlation=0.0626768787248029)
2026-08-13 11:27:03 | INFO | M07 | Pixel Pandas(_0=52, _1=61, Correlation=-0.2949445833737917)
2026-08-13 11:27:03 | INFO | M07 | Pixel Pandas(_0=52, _1=62, Correlation=-0.09231279422457611)
2026-08-13 11:27:03 | INFO | M07 | Pixel Pandas(_0=52, _1=63, Correlation=0.13144925367700885)
2026-08-13 11:27:03 | INFO | M07 | Pixel Pandas(_0=53, _1=0, Correlation=nan)
2026-08-13 11:27:03 | INFO | M07 | Pixel Pandas(_0=53, _1=1, Correlation=-0.0095794026282856)
2026-08-13 11:27:03 | INFO | M07 | Pixel Pandas(_0=53, _1=2, Correlation=0.08286487061131505)
2026-08-13 11:27:03 | INFO | M07 | Pixel Pandas(_0=53, _1=3, Correlation=0.022396361200116205)
2026-08-13 11:27:03 | INFO | M07 | Pixel Pandas(_0=53, _1=4, Correlation=-0.12056068837234325)
2026-08-13 11:27:03 | INFO | M07 | Pixel Pandas(_0=53, _1=5, Correlation=-0.15926902216426533)
2026-08-13 11:27:03 | INFO | M07 | Pixel Pandas(_0=53, _1=6, Correlation=-0.2709471682627125)
2026-08-13 11:27:03 | INFO | M07 | Pixel Pandas(_0=53, _1=7, Correlation=-0.15980653828973795)
2026-08-13 11:27:03 | INFO | M07 | Pixel Pandas(_0=53, _1=8, Correlation=0.016083754953517646)
2026-08-13 11:27:03 | INFO | M07 | Pixel Pandas(_0=53, _1=9, Correlation=0.09229585217787625)
2026-08-13 11:27:03 | INFO | M07 | Pixel Pandas(_0=53, _1=10, Correlation=0.14719330089102795)
2026-08-13 11:27:03 | INFO | M07 | Pixel Pandas(_0=53, _1=11, Correlation=-0.11173228758928794)
2026-08-13 11:27:03 | INFO | M07 | Pixel Pandas(_0=53, _1=12, Correlation=0.0838948946738507)
2026-08-13 11:27:03 | INFO | M07 | Pixel Pandas(_0=53, _1=13, Correlation=0.028495500138257763)
2026-08-13 11:27:03 | INFO | M07 | Pixel Pandas(_0=53, _1=14, Correlation=-0.20590229327054596)
2026-08-13 11:27:03 | INFO | M07 | Pixel Pandas(_0=53, _1=15, Correlation=-0.13115015630702537)
2026-08-13 11:27:03 | INFO | M07 | Pixel Pandas(_0=53, _1=16, Correlation=-0.014495056734800773)
2026-08-13 11:27:03 | INFO | M07 | Pixel Pandas(_0=53, _1=17, Correlation=0.08929337895661535)
2026-08-13 11:27:03 | INFO | M07 | Pixel Pandas(_0=53, _1=18, Correlation=0.09292309292802114)
2026-08-13 11:27:03 | INFO | M07 | Pixel Pandas(_0=53, _1=19, Correlation=0.0014296638670912261)
2026-08-13 11:27:03 | INFO | M07 | Pixel Pandas(_0=53, _1=20, Correlation=0.023656500434207132)
2026-08-13 11:27:03 | INFO | M07 | Pixel Pandas(_0=53, _1=21, Correlation=0.049128518734465255)
2026-08-13 11:27:03 | INFO | M07 | Pixel Pandas(_0=53, _1=22, Correlation=-0.06643231174841281)
2026-08-13 11:27:03 | INFO | M07 | Pixel Pandas(_0=53, _1=23, Correlation=-0.0794094495881537)
2026-08-13 11:27:03 | INFO | M07 | Pixel Pandas(_0=53, _1=24, Correlation=-0.04848777485468437)
2026-08-13 11:27:03 | INFO | M07 | Pixel Pandas(_0=53, _1=25, Correlation=-0.013090434487167362)
2026-08-13 11:27:03 | INFO | M07 | Pixel Pandas(_0=53, _1=26, Correlation=-0.008712919605242527)
2026-08-13 11:27:03 | INFO | M07 | Pixel Pandas(_0=53, _1=27, Correlation=0.012922573666596028)
2026-08-13 11:27:03 | INFO | M07 | Pixel Pandas(_0=53, _1=28, Correlation=-0.09697955547018891)
2026-08-13 11:27:03 | INFO | M07 | Pixel Pandas(_0=53, _1=29, Correlation=-0.030916859099270704)
2026-08-13 11:27:03 | INFO | M07 | Pixel Pandas(_0=53, _1=30, Correlation=-0.08594954093448885)
2026-08-13 11:27:03 | INFO | M07 | Pixel Pandas(_0=53, _1=31, Correlation=-0.019650428296973152)
2026-08-13 11:27:03 | INFO | M07 | Pixel Pandas(_0=53, _1=32, Correlation=nan)
2026-08-13 11:27:03 | INFO | M07 | Pixel Pandas(_0=53, _1=33, Correlation=-0.07776489455474014)
2026-08-13 11:27:03 | INFO | M07 | Pixel Pandas(_0=53, _1=34, Correlation=-0.16913796468996264)
2026-08-13 11:27:03 | INFO | M07 | Pixel Pandas(_0=53, _1=35, Correlation=-0.3308277141953061)
2026-08-13 11:27:03 | INFO | M07 | Pixel Pandas(_0=53, _1=36, Correlation=-0.2826471967085331)
2026-08-13 11:27:03 | INFO | M07 | Pixel Pandas(_0=53, _1=37, Correlation=0.12283114273843455)
2026-08-13 11:27:03 | INFO | M07 | Pixel Pandas(_0=53, _1=38, Correlation=0.09830526687257213)
2026-08-13 11:27:03 | INFO | M07 | Pixel Pandas(_0=53, _1=39, Correlation=nan)
2026-08-13 11:27:03 | INFO | M07 | Pixel Pandas(_0=53, _1=40, Correlation=-0.00771681254661404)
2026-08-13 11:27:03 | INFO | M07 | Pixel Pandas(_0=53, _1=41, Correlation=-0.05212723963517074)
2026-08-13 11:27:03 | INFO | M07 | Pixel Pandas(_0=53, _1=42, Correlation=-0.005089641493742013)
2026-08-13 11:27:03 | INFO | M07 | Pixel Pandas(_0=53, _1=43, Correlation=-0.4428233244960287)
2026-08-13 11:27:03 | INFO | M07 | Pixel Pandas(_0=53, _1=44, Correlation=-0.44492675977024543)
2026-08-13 11:27:03 | INFO | M07 | Pixel Pandas(_0=53, _1=45, Correlation=0.5768604569657969)
2026-08-13 11:27:03 | INFO | M07 | Pixel Pandas(_0=53, _1=46, Correlation=0.40522197105087676)
2026-08-13 11:27:03 | INFO | M07 | Pixel Pandas(_0=53, _1=47, Correlation=0.004155322453353358)
2026-08-13 11:27:03 | INFO | M07 | Pixel Pandas(_0=53, _1=48, Correlation=0.009556229423064715)
2026-08-13 11:27:03 | INFO | M07 | Pixel Pandas(_0=53, _1=49, Correlation=0.07913380393431702)
2026-08-13 11:27:03 | INFO | M07 | Pixel Pandas(_0=53, _1=50, Correlation=0.30545859586858104)
2026-08-13 11:27:03 | INFO | M07 | Pixel Pandas(_0=53, _1=51, Correlation=-0.22602284066658768)
2026-08-13 11:27:03 | INFO | M07 | Pixel Pandas(_0=53, _1=52, Correlation=-0.0024263287749044715)
2026-08-13 11:27:03 | INFO | M07 | Pixel Pandas(_0=53, _1=53, Correlation=1.0)
2026-08-13 11:27:03 | INFO | M07 | Pixel Pandas(_0=53, _1=54, Correlation=0.37207527920153854)
2026-08-13 11:27:03 | INFO | M07 | Pixel Pandas(_0=53, _1=55, Correlation=0.05726366209795479)
2026-08-13 11:27:03 | INFO | M07 | Pixel Pandas(_0=53, _1=56, Correlation=-0.002968349520113032)
2026-08-13 11:27:03 | INFO | M07 | Pixel Pandas(_0=53, _1=57, Correlation=-0.020726646109992065)
2026-08-13 11:27:03 | INFO | M07 | Pixel Pandas(_0=53, _1=58, Correlation=0.03949290446973471)
2026-08-13 11:27:03 | INFO | M07 | Pixel Pandas(_0=53, _1=59, Correlation=0.06517981701031049)
2026-08-13 11:27:03 | INFO | M07 | Pixel Pandas(_0=53, _1=60, Correlation=0.5846305063253956)
2026-08-13 11:27:03 | INFO | M07 | Pixel Pandas(_0=53, _1=61, Correlation=0.5293194932161971)
2026-08-13 11:27:03 | INFO | M07 | Pixel Pandas(_0=53, _1=62, Correlation=0.09549979894857782)
2026-08-13 11:27:03 | INFO | M07 | Pixel Pandas(_0=53, _1=63, Correlation=0.0548019772118848)
2026-08-13 11:27:03 | INFO | M07 | Pixel Pandas(_0=54, _1=0, Correlation=nan)
2026-08-13 11:27:03 | INFO | M07 | Pixel Pandas(_0=54, _1=1, Correlation=0.030953014594869346)
2026-08-13 11:27:03 | INFO | M07 | Pixel Pandas(_0=54, _1=2, Correlation=0.050848829826862785)
2026-08-13 11:27:03 | INFO | M07 | Pixel Pandas(_0=54, _1=3, Correlation=0.1393969196854637)
2026-08-13 11:27:03 | INFO | M07 | Pixel Pandas(_0=54, _1=4, Correlation=-0.2649684884699256)
2026-08-13 11:27:03 | INFO | M07 | Pixel Pandas(_0=54, _1=5, Correlation=-0.34986575989479995)
2026-08-13 11:27:03 | INFO | M07 | Pixel Pandas(_0=54, _1=6, Correlation=-0.2653491998384126)
2026-08-13 11:27:03 | INFO | M07 | Pixel Pandas(_0=54, _1=7, Correlation=-0.09469683915173531)
2026-08-13 11:27:03 | INFO | M07 | Pixel Pandas(_0=54, _1=8, Correlation=0.01171094569387086)
2026-08-13 11:27:03 | INFO | M07 | Pixel Pandas(_0=54, _1=9, Correlation=0.1667196068661084)
2026-08-13 11:27:03 | INFO | M07 | Pixel Pandas(_0=54, _1=10, Correlation=0.08467356446260062)
2026-08-13 11:27:03 | INFO | M07 | Pixel Pandas(_0=54, _1=11, Correlation=0.01678386530173416)
2026-08-13 11:27:03 | INFO | M07 | Pixel Pandas(_0=54, _1=12, Correlation=-0.12343749858454471)
2026-08-13 11:27:03 | INFO | M07 | Pixel Pandas(_0=54, _1=13, Correlation=-0.25847563381517036)
2026-08-13 11:27:03 | INFO | M07 | Pixel Pandas(_0=54, _1=14, Correlation=-0.298202900913887)
2026-08-13 11:27:03 | INFO | M07 | Pixel Pandas(_0=54, _1=15, Correlation=-0.09852149646949153)
2026-08-13 11:27:03 | INFO | M07 | Pixel Pandas(_0=54, _1=16, Correlation=-0.0011351032699174807)
2026-08-13 11:27:03 | INFO | M07 | Pixel Pandas(_0=54, _1=17, Correlation=0.08871484453732362)
2026-08-13 11:27:03 | INFO | M07 | Pixel Pandas(_0=54, _1=18, Correlation=0.027827855145199327)
2026-08-13 11:27:03 | INFO | M07 | Pixel Pandas(_0=54, _1=19, Correlation=-0.031473320238226334)
2026-08-13 11:27:03 | INFO | M07 | Pixel Pandas(_0=54, _1=20, Correlation=-0.02596242732478459)
2026-08-13 11:27:03 | INFO | M07 | Pixel Pandas(_0=54, _1=21, Correlation=-0.21356380084790663)
2026-08-13 11:27:03 | INFO | M07 | Pixel Pandas(_0=54, _1=22, Correlation=-0.27208264672633176)
2026-08-13 11:27:03 | INFO | M07 | Pixel Pandas(_0=54, _1=23, Correlation=-0.08651571482113925)
2026-08-13 11:27:03 | INFO | M07 | Pixel Pandas(_0=54, _1=24, Correlation=-0.02528300002419596)
2026-08-13 11:27:03 | INFO | M07 | Pixel Pandas(_0=54, _1=25, Correlation=-0.14478139092703565)
2026-08-13 11:27:03 | INFO | M07 | Pixel Pandas(_0=54, _1=26, Correlation=-0.09967269552583331)
2026-08-13 11:27:03 | INFO | M07 | Pixel Pandas(_0=54, _1=27, Correlation=-0.05756835303355043)
2026-08-13 11:27:03 | INFO | M07 | Pixel Pandas(_0=54, _1=28, Correlation=-0.05132916825243823)
2026-08-13 11:27:03 | INFO | M07 | Pixel Pandas(_0=54, _1=29, Correlation=-0.21669961949899091)
2026-08-13 11:27:03 | INFO | M07 | Pixel Pandas(_0=54, _1=30, Correlation=-0.2571026140275328)
2026-08-13 11:27:03 | INFO | M07 | Pixel Pandas(_0=54, _1=31, Correlation=-0.03577549772590399)
2026-08-13 11:27:03 | INFO | M07 | Pixel Pandas(_0=54, _1=32, Correlation=nan)
2026-08-13 11:27:03 | INFO | M07 | Pixel Pandas(_0=54, _1=33, Correlation=-0.19178260187750848)
2026-08-13 11:27:03 | INFO | M07 | Pixel Pandas(_0=54, _1=34, Correlation=-0.13638801939095893)
2026-08-13 11:27:03 | INFO | M07 | Pixel Pandas(_0=54, _1=35, Correlation=-0.0831762858936883)
2026-08-13 11:27:03 | INFO | M07 | Pixel Pandas(_0=54, _1=36, Correlation=-0.04314832130552416)
2026-08-13 11:27:03 | INFO | M07 | Pixel Pandas(_0=54, _1=37, Correlation=0.030009351418767257)
2026-08-13 11:27:03 | INFO | M07 | Pixel Pandas(_0=54, _1=38, Correlation=0.03133131208862313)
2026-08-13 11:27:03 | INFO | M07 | Pixel Pandas(_0=54, _1=39, Correlation=nan)
2026-08-13 11:27:03 | INFO | M07 | Pixel Pandas(_0=54, _1=40, Correlation=-0.04646389153595987)
2026-08-13 11:27:03 | INFO | M07 | Pixel Pandas(_0=54, _1=41, Correlation=-0.1624828493573675)
2026-08-13 11:27:03 | INFO | M07 | Pixel Pandas(_0=54, _1=42, Correlation=0.006464971368710172)
2026-08-13 11:27:03 | INFO | M07 | Pixel Pandas(_0=54, _1=43, Correlation=-0.09269334952019383)
2026-08-13 11:27:03 | INFO | M07 | Pixel Pandas(_0=54, _1=44, Correlation=-0.3535148865198905)
2026-08-13 11:27:03 | INFO | M07 | Pixel Pandas(_0=54, _1=45, Correlation=0.04818690787588483)
2026-08-13 11:27:03 | INFO | M07 | Pixel Pandas(_0=54, _1=46, Correlation=0.6643508781705435)
2026-08-13 11:27:03 | INFO | M07 | Pixel Pandas(_0=54, _1=47, Correlation=0.20602334888792423)
2026-08-13 11:27:03 | INFO | M07 | Pixel Pandas(_0=54, _1=48, Correlation=-0.026838421955284422)
2026-08-13 11:27:03 | INFO | M07 | Pixel Pandas(_0=54, _1=49, Correlation=-0.07544696105208924)
2026-08-13 11:27:03 | INFO | M07 | Pixel Pandas(_0=54, _1=50, Correlation=0.23030497556308777)
2026-08-13 11:27:03 | INFO | M07 | Pixel Pandas(_0=54, _1=51, Correlation=0.07685735224904282)
2026-08-13 11:27:03 | INFO | M07 | Pixel Pandas(_0=54, _1=52, Correlation=-0.3331922835736737)
2026-08-13 11:27:03 | INFO | M07 | Pixel Pandas(_0=54, _1=53, Correlation=0.37207527920153854)
2026-08-13 11:27:03 | INFO | M07 | Pixel Pandas(_0=54, _1=54, Correlation=1.0)
2026-08-13 11:27:03 | INFO | M07 | Pixel Pandas(_0=54, _1=55, Correlation=0.3939081222828812)
2026-08-13 11:27:03 | INFO | M07 | Pixel Pandas(_0=54, _1=56, Correlation=-0.01787280296239255)
2026-08-13 11:27:03 | INFO | M07 | Pixel Pandas(_0=54, _1=57, Correlation=-0.0030284087153042913)
2026-08-13 11:27:03 | INFO | M07 | Pixel Pandas(_0=54, _1=58, Correlation=0.018884877227613398)
2026-08-13 11:27:03 | INFO | M07 | Pixel Pandas(_0=54, _1=59, Correlation=0.09471771164569937)
2026-08-13 11:27:03 | INFO | M07 | Pixel Pandas(_0=54, _1=60, Correlation=0.39427974228825047)
2026-08-13 11:27:03 | INFO | M07 | Pixel Pandas(_0=54, _1=61, Correlation=0.7075190457334848)
2026-08-13 11:27:03 | INFO | M07 | Pixel Pandas(_0=54, _1=62, Correlation=0.6022667379283728)
2026-08-13 11:27:03 | INFO | M07 | Pixel Pandas(_0=54, _1=63, Correlation=0.19629635588526814)
2026-08-13 11:27:03 | INFO | M07 | Pixel Pandas(_0=55, _1=0, Correlation=nan)
2026-08-13 11:27:03 | INFO | M07 | Pixel Pandas(_0=55, _1=1, Correlation=-0.04534228356946883)
2026-08-13 11:27:03 | INFO | M07 | Pixel Pandas(_0=55, _1=2, Correlation=-0.0038036849873319617)
2026-08-13 11:27:03 | INFO | M07 | Pixel Pandas(_0=55, _1=3, Correlation=0.07533452844438315)
2026-08-13 11:27:03 | INFO | M07 | Pixel Pandas(_0=55, _1=4, Correlation=-0.21222039549913613)
2026-08-13 11:27:03 | INFO | M07 | Pixel Pandas(_0=55, _1=5, Correlation=-0.18866479068920577)
2026-08-13 11:27:03 | INFO | M07 | Pixel Pandas(_0=55, _1=6, Correlation=-0.08578391434867234)
2026-08-13 11:27:03 | INFO | M07 | Pixel Pandas(_0=55, _1=7, Correlation=-0.02622794983728502)
2026-08-13 11:27:03 | INFO | M07 | Pixel Pandas(_0=55, _1=8, Correlation=0.011618575695713803)
2026-08-13 11:27:03 | INFO | M07 | Pixel Pandas(_0=55, _1=9, Correlation=-0.039415754425988055)
2026-08-13 11:27:03 | INFO | M07 | Pixel Pandas(_0=55, _1=10, Correlation=-0.07353482145342667)
2026-08-13 11:27:03 | INFO | M07 | Pixel Pandas(_0=55, _1=11, Correlation=0.12921059125555565)
2026-08-13 11:27:03 | INFO | M07 | Pixel Pandas(_0=55, _1=12, Correlation=-0.04655325689852088)
2026-08-13 11:27:03 | INFO | M07 | Pixel Pandas(_0=55, _1=13, Correlation=-0.18971479403249347)
2026-08-13 11:27:03 | INFO | M07 | Pixel Pandas(_0=55, _1=14, Correlation=-0.10567182605961824)
2026-08-13 11:27:03 | INFO | M07 | Pixel Pandas(_0=55, _1=15, Correlation=-0.027362983316054263)
2026-08-13 11:27:03 | INFO | M07 | Pixel Pandas(_0=55, _1=16, Correlation=-0.009361676661485626)
2026-08-13 11:27:03 | INFO | M07 | Pixel Pandas(_0=55, _1=17, Correlation=-0.053485124155703265)
2026-08-13 11:27:03 | INFO | M07 | Pixel Pandas(_0=55, _1=18, Correlation=-0.051890188375571585)
2026-08-13 11:27:03 | INFO | M07 | Pixel Pandas(_0=55, _1=19, Correlation=0.12200821596631867)
2026-08-13 11:27:03 | INFO | M07 | Pixel Pandas(_0=55, _1=20, Correlation=0.007112996072347161)
2026-08-13 11:27:03 | INFO | M07 | Pixel Pandas(_0=55, _1=21, Correlation=-0.14503856194452489)
2026-08-13 11:27:03 | INFO | M07 | Pixel Pandas(_0=55, _1=22, Correlation=-0.10437368045348608)
2026-08-13 11:27:03 | INFO | M07 | Pixel Pandas(_0=55, _1=23, Correlation=-0.02396204402165739)
2026-08-13 11:27:03 | INFO | M07 | Pixel Pandas(_0=55, _1=24, Correlation=-0.007002570120721242)
2026-08-13 11:27:03 | INFO | M07 | Pixel Pandas(_0=55, _1=25, Correlation=-0.1055628553724267)
2026-08-13 11:27:03 | INFO | M07 | Pixel Pandas(_0=55, _1=26, Correlation=-0.06730886166683905)
2026-08-13 11:27:03 | INFO | M07 | Pixel Pandas(_0=55, _1=27, Correlation=0.0098329709704305)
2026-08-13 11:27:03 | INFO | M07 | Pixel Pandas(_0=55, _1=28, Correlation=-0.006891213838485439)
2026-08-13 11:27:03 | INFO | M07 | Pixel Pandas(_0=55, _1=29, Correlation=-0.11573198335541203)
2026-08-13 11:27:03 | INFO | M07 | Pixel Pandas(_0=55, _1=30, Correlation=-0.112293857506545)
2026-08-13 11:27:03 | INFO | M07 | Pixel Pandas(_0=55, _1=31, Correlation=-0.009908651314701443)
2026-08-13 11:27:03 | INFO | M07 | Pixel Pandas(_0=55, _1=32, Correlation=nan)
2026-08-13 11:27:03 | INFO | M07 | Pixel Pandas(_0=55, _1=33, Correlation=-0.11082573904107598)
2026-08-13 11:27:03 | INFO | M07 | Pixel Pandas(_0=55, _1=34, Correlation=-0.05987685577568801)
2026-08-13 11:27:03 | INFO | M07 | Pixel Pandas(_0=55, _1=35, Correlation=-0.011155755695505159)
2026-08-13 11:27:03 | INFO | M07 | Pixel Pandas(_0=55, _1=36, Correlation=0.06330612722181095)
2026-08-13 11:27:03 | INFO | M07 | Pixel Pandas(_0=55, _1=37, Correlation=-0.09461514698530385)
2026-08-13 11:27:03 | INFO | M07 | Pixel Pandas(_0=55, _1=38, Correlation=-0.07089187201889731)
2026-08-13 11:27:03 | INFO | M07 | Pixel Pandas(_0=55, _1=39, Correlation=nan)
2026-08-13 11:27:03 | INFO | M07 | Pixel Pandas(_0=55, _1=40, Correlation=-0.012868989370358231)
2026-08-13 11:27:03 | INFO | M07 | Pixel Pandas(_0=55, _1=41, Correlation=-0.0983670020147813)
2026-08-13 11:27:03 | INFO | M07 | Pixel Pandas(_0=55, _1=42, Correlation=-0.07552773374396853)
2026-08-13 11:27:03 | INFO | M07 | Pixel Pandas(_0=55, _1=43, Correlation=0.021193186680354886)
2026-08-13 11:27:03 | INFO | M07 | Pixel Pandas(_0=55, _1=44, Correlation=0.09457205541093763)
2026-08-13 11:27:03 | INFO | M07 | Pixel Pandas(_0=55, _1=45, Correlation=-0.07664092429181066)
2026-08-13 11:27:03 | INFO | M07 | Pixel Pandas(_0=55, _1=46, Correlation=0.07061551692680869)
2026-08-13 11:27:03 | INFO | M07 | Pixel Pandas(_0=55, _1=47, Correlation=0.3899219279649603)
2026-08-13 11:27:03 | INFO | M07 | Pixel Pandas(_0=55, _1=48, Correlation=-0.0074333714943450565)
2026-08-13 11:27:03 | INFO | M07 | Pixel Pandas(_0=55, _1=49, Correlation=-0.07170718091370537)
2026-08-13 11:27:03 | INFO | M07 | Pixel Pandas(_0=55, _1=50, Correlation=-0.009126889567549314)
2026-08-13 11:27:03 | INFO | M07 | Pixel Pandas(_0=55, _1=51, Correlation=0.12075809632770677)
2026-08-13 11:27:03 | INFO | M07 | Pixel Pandas(_0=55, _1=52, Correlation=0.04166568465627005)
2026-08-13 11:27:03 | INFO | M07 | Pixel Pandas(_0=55, _1=53, Correlation=0.05726366209795479)
2026-08-13 11:27:03 | INFO | M07 | Pixel Pandas(_0=55, _1=54, Correlation=0.3939081222828812)
2026-08-13 11:27:03 | INFO | M07 | Pixel Pandas(_0=55, _1=55, Correlation=1.0)
2026-08-13 11:27:03 | INFO | M07 | Pixel Pandas(_0=55, _1=56, Correlation=-0.004950186128157804)
2026-08-13 11:27:03 | INFO | M07 | Pixel Pandas(_0=55, _1=57, Correlation=-0.04760809514106068)
2026-08-13 11:27:03 | INFO | M07 | Pixel Pandas(_0=55, _1=58, Correlation=-0.04487536717247769)
2026-08-13 11:27:03 | INFO | M07 | Pixel Pandas(_0=55, _1=59, Correlation=0.0500320266041839)
2026-08-13 11:27:03 | INFO | M07 | Pixel Pandas(_0=55, _1=60, Correlation=0.10510138688621654)
2026-08-13 11:27:03 | INFO | M07 | Pixel Pandas(_0=55, _1=61, Correlation=0.26279549963944615)
2026-08-13 11:27:03 | INFO | M07 | Pixel Pandas(_0=55, _1=62, Correlation=0.5117257306263414)
2026-08-13 11:27:03 | INFO | M07 | Pixel Pandas(_0=55, _1=63, Correlation=0.5639891996439279)
2026-08-13 11:27:03 | INFO | M07 | Pixel Pandas(_0=56, _1=0, Correlation=nan)
2026-08-13 11:27:03 | INFO | M07 | Pixel Pandas(_0=56, _1=1, Correlation=-0.007905202775385927)
2026-08-13 11:27:03 | INFO | M07 | Pixel Pandas(_0=56, _1=2, Correlation=-0.02583663224797712)
2026-08-13 11:27:03 | INFO | M07 | Pixel Pandas(_0=56, _1=3, Correlation=-0.04908455530961558)
2026-08-13 11:27:03 | INFO | M07 | Pixel Pandas(_0=56, _1=4, Correlation=0.017352021815811264)
2026-08-13 11:27:03 | INFO | M07 | Pixel Pandas(_0=56, _1=5, Correlation=0.030066612537548727)
2026-08-13 11:27:03 | INFO | M07 | Pixel Pandas(_0=56, _1=6, Correlation=-0.0025710334619108792)
2026-08-13 11:27:03 | INFO | M07 | Pixel Pandas(_0=56, _1=7, Correlation=-0.00295009827228051)
2026-08-13 11:27:03 | INFO | M07 | Pixel Pandas(_0=56, _1=8, Correlation=-0.0013940211490078432)
2026-08-13 11:27:03 | INFO | M07 | Pixel Pandas(_0=56, _1=9, Correlation=-0.01472440891747781)
2026-08-13 11:27:03 | INFO | M07 | Pixel Pandas(_0=56, _1=10, Correlation=-0.03649347313473995)
2026-08-13 11:27:03 | INFO | M07 | Pixel Pandas(_0=56, _1=11, Correlation=0.017924399957740866)
2026-08-13 11:27:03 | INFO | M07 | Pixel Pandas(_0=56, _1=12, Correlation=0.02823198196851619)
2026-08-13 11:27:03 | INFO | M07 | Pixel Pandas(_0=56, _1=13, Correlation=0.030509644271413835)
2026-08-13 11:27:03 | INFO | M07 | Pixel Pandas(_0=56, _1=14, Correlation=0.0010108333446306348)
2026-08-13 11:27:03 | INFO | M07 | Pixel Pandas(_0=56, _1=15, Correlation=-0.003077765906444495)
2026-08-13 11:27:03 | INFO | M07 | Pixel Pandas(_0=56, _1=16, Correlation=-0.0010529937077063014)
2026-08-13 11:27:03 | INFO | M07 | Pixel Pandas(_0=56, _1=17, Correlation=-0.0171698755647435)
2026-08-13 11:27:03 | INFO | M07 | Pixel Pandas(_0=56, _1=18, Correlation=0.012844405187061404)
2026-08-13 11:27:03 | INFO | M07 | Pixel Pandas(_0=56, _1=19, Correlation=0.012232288525577574)
2026-08-13 11:27:03 | INFO | M07 | Pixel Pandas(_0=56, _1=20, Correlation=-0.008018124272324682)
2026-08-13 11:27:03 | INFO | M07 | Pixel Pandas(_0=56, _1=21, Correlation=0.0273976511838981)
2026-08-13 11:27:03 | INFO | M07 | Pixel Pandas(_0=56, _1=22, Correlation=-0.012949865567062775)
2026-08-13 11:27:03 | INFO | M07 | Pixel Pandas(_0=56, _1=23, Correlation=-0.002695231045779625)
2026-08-13 11:27:03 | INFO | M07 | Pixel Pandas(_0=56, _1=24, Correlation=-0.0007876433401323533)
2026-08-13 11:27:03 | INFO | M07 | Pixel Pandas(_0=56, _1=25, Correlation=-0.018525703554930682)
2026-08-13 11:27:03 | INFO | M07 | Pixel Pandas(_0=56, _1=26, Correlation=-0.011783385670994084)
2026-08-13 11:27:03 | INFO | M07 | Pixel Pandas(_0=56, _1=27, Correlation=-0.027368127598751048)
2026-08-13 11:27:03 | INFO | M07 | Pixel Pandas(_0=56, _1=28, Correlation=0.004116269286359384)
2026-08-13 11:27:03 | INFO | M07 | Pixel Pandas(_0=56, _1=29, Correlation=0.001802716921313579)
2026-08-13 11:27:03 | INFO | M07 | Pixel Pandas(_0=56, _1=30, Correlation=-0.014839715849242076)
2026-08-13 11:27:03 | INFO | M07 | Pixel Pandas(_0=56, _1=31, Correlation=-0.001114516967795025)
2026-08-13 11:27:03 | INFO | M07 | Pixel Pandas(_0=56, _1=32, Correlation=nan)
2026-08-13 11:27:03 | INFO | M07 | Pixel Pandas(_0=56, _1=33, Correlation=-0.015865604755317595)
2026-08-13 11:27:03 | INFO | M07 | Pixel Pandas(_0=56, _1=34, Correlation=-0.02861322090450476)
2026-08-13 11:27:03 | INFO | M07 | Pixel Pandas(_0=56, _1=35, Correlation=-0.011566517404071478)
2026-08-13 11:27:03 | INFO | M07 | Pixel Pandas(_0=56, _1=36, Correlation=0.01471193296083632)
2026-08-13 11:27:03 | INFO | M07 | Pixel Pandas(_0=56, _1=37, Correlation=-0.027114425168369538)
2026-08-13 11:27:03 | INFO | M07 | Pixel Pandas(_0=56, _1=38, Correlation=-0.019412677309227536)
2026-08-13 11:27:03 | INFO | M07 | Pixel Pandas(_0=56, _1=39, Correlation=nan)
2026-08-13 11:27:03 | INFO | M07 | Pixel Pandas(_0=56, _1=40, Correlation=-0.0014474933627301777)
2026-08-13 11:27:03 | INFO | M07 | Pixel Pandas(_0=56, _1=41, Correlation=0.011210540237009983)
2026-08-13 11:27:03 | INFO | M07 | Pixel Pandas(_0=56, _1=42, Correlation=0.004038069424419488)
2026-08-13 11:27:03 | INFO | M07 | Pixel Pandas(_0=56, _1=43, Correlation=0.03214250715302511)
2026-08-13 11:27:03 | INFO | M07 | Pixel Pandas(_0=56, _1=44, Correlation=0.0012359317421695812)
2026-08-13 11:27:03 | INFO | M07 | Pixel Pandas(_0=56, _1=45, Correlation=-0.0341331842553436)
2026-08-13 11:27:03 | INFO | M07 | Pixel Pandas(_0=56, _1=46, Correlation=-0.01883639830912293)
2026-08-13 11:27:03 | INFO | M07 | Pixel Pandas(_0=56, _1=47, Correlation=-0.00209398792309771)
2026-08-13 11:27:03 | INFO | M07 | Pixel Pandas(_0=56, _1=48, Correlation=0.34588794198937606)
2026-08-13 11:27:03 | INFO | M07 | Pixel Pandas(_0=56, _1=49, Correlation=0.20675161492566205)
2026-08-13 11:27:03 | INFO | M07 | Pixel Pandas(_0=56, _1=50, Correlation=0.03551451630309199)
2026-08-13 11:27:03 | INFO | M07 | Pixel Pandas(_0=56, _1=51, Correlation=0.02917451830332523)
2026-08-13 11:27:03 | INFO | M07 | Pixel Pandas(_0=56, _1=52, Correlation=0.029308756294338198)
2026-08-13 11:27:03 | INFO | M07 | Pixel Pandas(_0=56, _1=53, Correlation=-0.002968349520113032)
2026-08-13 11:27:03 | INFO | M07 | Pixel Pandas(_0=56, _1=54, Correlation=-0.01787280296239255)
2026-08-13 11:27:03 | INFO | M07 | Pixel Pandas(_0=56, _1=55, Correlation=-0.004950186128157804)
2026-08-13 11:27:03 | INFO | M07 | Pixel Pandas(_0=56, _1=56, Correlation=1.0)
2026-08-13 11:27:03 | INFO | M07 | Pixel Pandas(_0=56, _1=57, Correlation=0.09399371535620857)
2026-08-13 11:27:03 | INFO | M07 | Pixel Pandas(_0=56, _1=58, Correlation=-0.0072043584155968305)
2026-08-13 11:27:03 | INFO | M07 | Pixel Pandas(_0=56, _1=59, Correlation=-0.03824787270068419)
2026-08-13 11:27:03 | INFO | M07 | Pixel Pandas(_0=56, _1=60, Correlation=0.005696903871743196)
2026-08-13 11:27:03 | INFO | M07 | Pixel Pandas(_0=56, _1=61, Correlation=-0.0030562742315933095)
2026-08-13 11:27:03 | INFO | M07 | Pixel Pandas(_0=56, _1=62, Correlation=-0.011932016718197448)
2026-08-13 11:27:03 | INFO | M07 | Pixel Pandas(_0=56, _1=63, Correlation=-0.004625083359956485)
2026-08-13 11:27:03 | INFO | M07 | Pixel Pandas(_0=57, _1=0, Correlation=nan)
2026-08-13 11:27:03 | INFO | M07 | Pixel Pandas(_0=57, _1=1, Correlation=0.8556098442761533)
2026-08-13 11:27:03 | INFO | M07 | Pixel Pandas(_0=57, _1=2, Correlation=0.5152763016920694)
2026-08-13 11:27:03 | INFO | M07 | Pixel Pandas(_0=57, _1=3, Correlation=0.1758040694604899)
2026-08-13 11:27:03 | INFO | M07 | Pixel Pandas(_0=57, _1=4, Correlation=-0.047223215284320434)
2026-08-13 11:27:03 | INFO | M07 | Pixel Pandas(_0=57, _1=5, Correlation=0.06336653513810796)
2026-08-13 11:27:03 | INFO | M07 | Pixel Pandas(_0=57, _1=6, Correlation=0.06238322330920286)
2026-08-13 11:27:03 | INFO | M07 | Pixel Pandas(_0=57, _1=7, Correlation=-0.03509414395185208)
2026-08-13 11:27:03 | INFO | M07 | Pixel Pandas(_0=57, _1=8, Correlation=0.007630753369746119)
2026-08-13 11:27:03 | INFO | M07 | Pixel Pandas(_0=57, _1=9, Correlation=0.4092859754857565)
2026-08-13 11:27:03 | INFO | M07 | Pixel Pandas(_0=57, _1=10, Correlation=0.1973218705453939)
2026-08-13 11:27:03 | INFO | M07 | Pixel Pandas(_0=57, _1=11, Correlation=-0.05718375981406368)
2026-08-13 11:27:03 | INFO | M07 | Pixel Pandas(_0=57, _1=12, Correlation=0.013926347977829037)
2026-08-13 11:27:03 | INFO | M07 | Pixel Pandas(_0=57, _1=13, Correlation=-0.07672377921426127)
2026-08-13 11:27:03 | INFO | M07 | Pixel Pandas(_0=57, _1=14, Correlation=-0.008790183207969869)
2026-08-13 11:27:03 | INFO | M07 | Pixel Pandas(_0=57, _1=15, Correlation=-0.03685074706265219)
2026-08-13 11:27:03 | INFO | M07 | Pixel Pandas(_0=57, _1=16, Correlation=-0.013346527014303038)
2026-08-13 11:27:03 | INFO | M07 | Pixel Pandas(_0=57, _1=17, Correlation=0.1648073201204938)
2026-08-13 11:27:03 | INFO | M07 | Pixel Pandas(_0=57, _1=18, Correlation=-0.07188000494432122)
2026-08-13 11:27:03 | INFO | M07 | Pixel Pandas(_0=57, _1=19, Correlation=-0.08045356146484166)
2026-08-13 11:27:03 | INFO | M07 | Pixel Pandas(_0=57, _1=20, Correlation=0.06434810604497104)
2026-08-13 11:27:03 | INFO | M07 | Pixel Pandas(_0=57, _1=21, Correlation=-0.17287814859455788)
2026-08-13 11:27:03 | INFO | M07 | Pixel Pandas(_0=57, _1=22, Correlation=-0.11276712280795236)
2026-08-13 11:27:03 | INFO | M07 | Pixel Pandas(_0=57, _1=23, Correlation=-0.03416162290337189)
2026-08-13 11:27:03 | INFO | M07 | Pixel Pandas(_0=57, _1=24, Correlation=-0.00998325349883702)
2026-08-13 11:27:03 | INFO | M07 | Pixel Pandas(_0=57, _1=25, Correlation=-0.07495883396479316)
2026-08-13 11:27:03 | INFO | M07 | Pixel Pandas(_0=57, _1=26, Correlation=-0.13337605556462043)
2026-08-13 11:27:03 | INFO | M07 | Pixel Pandas(_0=57, _1=27, Correlation=0.04859117536144671)
2026-08-13 11:27:03 | INFO | M07 | Pixel Pandas(_0=57, _1=28, Correlation=0.025534155014937346)
2026-08-13 11:27:03 | INFO | M07 | Pixel Pandas(_0=57, _1=29, Correlation=-0.1916790220929852)
2026-08-13 11:27:03 | INFO | M07 | Pixel Pandas(_0=57, _1=30, Correlation=-0.14347339572635817)
2026-08-13 11:27:03 | INFO | M07 | Pixel Pandas(_0=57, _1=31, Correlation=-0.014126324506702795)
2026-08-13 11:27:03 | INFO | M07 | Pixel Pandas(_0=57, _1=32, Correlation=nan)
2026-08-13 11:27:03 | INFO | M07 | Pixel Pandas(_0=57, _1=33, Correlation=-0.1413346088294983)
2026-08-13 11:27:03 | INFO | M07 | Pixel Pandas(_0=57, _1=34, Correlation=-0.15273408725112464)
2026-08-13 11:27:03 | INFO | M07 | Pixel Pandas(_0=57, _1=35, Correlation=0.048673121339786136)
2026-08-13 11:27:03 | INFO | M07 | Pixel Pandas(_0=57, _1=36, Correlation=-0.05397617447092478)
2026-08-13 11:27:03 | INFO | M07 | Pixel Pandas(_0=57, _1=37, Correlation=-0.22977373384963792)
2026-08-13 11:27:03 | INFO | M07 | Pixel Pandas(_0=57, _1=38, Correlation=-0.1759667824758727)
2026-08-13 11:27:03 | INFO | M07 | Pixel Pandas(_0=57, _1=39, Correlation=nan)
2026-08-13 11:27:03 | INFO | M07 | Pixel Pandas(_0=57, _1=40, Correlation=-0.018346747114742566)
2026-08-13 11:27:03 | INFO | M07 | Pixel Pandas(_0=57, _1=41, Correlation=-0.08874634781510961)
2026-08-13 11:27:03 | INFO | M07 | Pixel Pandas(_0=57, _1=42, Correlation=-0.10459630049774388)
2026-08-13 11:27:03 | INFO | M07 | Pixel Pandas(_0=57, _1=43, Correlation=0.048985179960910064)
2026-08-13 11:27:03 | INFO | M07 | Pixel Pandas(_0=57, _1=44, Correlation=-0.02927217324467684)
2026-08-13 11:27:03 | INFO | M07 | Pixel Pandas(_0=57, _1=45, Correlation=-0.1531553897434726)
2026-08-13 11:27:03 | INFO | M07 | Pixel Pandas(_0=57, _1=46, Correlation=-0.1131181634080682)
2026-08-13 11:27:03 | INFO | M07 | Pixel Pandas(_0=57, _1=47, Correlation=-0.026540962380606103)
2026-08-13 11:27:03 | INFO | M07 | Pixel Pandas(_0=57, _1=48, Correlation=0.033174203891876176)
2026-08-13 11:27:03 | INFO | M07 | Pixel Pandas(_0=57, _1=49, Correlation=0.33662754338630957)
2026-08-13 11:27:03 | INFO | M07 | Pixel Pandas(_0=57, _1=50, Correlation=0.14026376920796058)
2026-08-13 11:27:03 | INFO | M07 | Pixel Pandas(_0=57, _1=51, Correlation=0.03743143688822521)
2026-08-13 11:27:03 | INFO | M07 | Pixel Pandas(_0=57, _1=52, Correlation=0.04451485523624288)
2026-08-13 11:27:03 | INFO | M07 | Pixel Pandas(_0=57, _1=53, Correlation=-0.020726646109992065)
2026-08-13 11:27:03 | INFO | M07 | Pixel Pandas(_0=57, _1=54, Correlation=-0.0030284087153042913)
2026-08-13 11:27:03 | INFO | M07 | Pixel Pandas(_0=57, _1=55, Correlation=-0.04760809514106068)
2026-08-13 11:27:03 | INFO | M07 | Pixel Pandas(_0=57, _1=56, Correlation=0.09399371535620857)
2026-08-13 11:27:03 | INFO | M07 | Pixel Pandas(_0=57, _1=57, Correlation=1.0)
2026-08-13 11:27:03 | INFO | M07 | Pixel Pandas(_0=57, _1=58, Correlation=0.5096507259569061)
2026-08-13 11:27:03 | INFO | M07 | Pixel Pandas(_0=57, _1=59, Correlation=0.11297235607330677)
2026-08-13 11:27:03 | INFO | M07 | Pixel Pandas(_0=57, _1=60, Correlation=-0.11790779188052364)
2026-08-13 11:27:03 | INFO | M07 | Pixel Pandas(_0=57, _1=61, Correlation=-0.04388863652987881)
2026-08-13 11:27:03 | INFO | M07 | Pixel Pandas(_0=57, _1=62, Correlation=0.014557004259428135)
2026-08-13 11:27:03 | INFO | M07 | Pixel Pandas(_0=57, _1=63, Correlation=-0.04708852006329313)
2026-08-13 11:27:03 | INFO | M07 | Pixel Pandas(_0=58, _1=0, Correlation=nan)
2026-08-13 11:27:03 | INFO | M07 | Pixel Pandas(_0=58, _1=1, Correlation=0.5557265053014581)
2026-08-13 11:27:03 | INFO | M07 | Pixel Pandas(_0=58, _1=2, Correlation=0.9376226224326414)
2026-08-13 11:27:03 | INFO | M07 | Pixel Pandas(_0=58, _1=3, Correlation=0.5603256408836211)
2026-08-13 11:27:03 | INFO | M07 | Pixel Pandas(_0=58, _1=4, Correlation=-0.020175500497596772)
2026-08-13 11:27:03 | INFO | M07 | Pixel Pandas(_0=58, _1=5, Correlation=0.09707878274206892)
2026-08-13 11:27:03 | INFO | M07 | Pixel Pandas(_0=58, _1=6, Correlation=0.039566048000871136)
2026-08-13 11:27:03 | INFO | M07 | Pixel Pandas(_0=58, _1=7, Correlation=-0.05016176365517511)
2026-08-13 11:27:03 | INFO | M07 | Pixel Pandas(_0=58, _1=8, Correlation=0.025967494306211994)
2026-08-13 11:27:03 | INFO | M07 | Pixel Pandas(_0=58, _1=9, Correlation=0.5901137683710078)
2026-08-13 11:27:03 | INFO | M07 | Pixel Pandas(_0=58, _1=10, Correlation=0.6004885093626935)
2026-08-13 11:27:03 | INFO | M07 | Pixel Pandas(_0=58, _1=11, Correlation=-0.28892004429848883)
2026-08-13 11:27:03 | INFO | M07 | Pixel Pandas(_0=58, _1=12, Correlation=0.0300932056629084)
2026-08-13 11:27:03 | INFO | M07 | Pixel Pandas(_0=58, _1=13, Correlation=0.08987387543437574)
2026-08-13 11:27:03 | INFO | M07 | Pixel Pandas(_0=58, _1=14, Correlation=-0.06255503521863047)
2026-08-13 11:27:03 | INFO | M07 | Pixel Pandas(_0=58, _1=15, Correlation=-0.10031466019737924)
2026-08-13 11:27:03 | INFO | M07 | Pixel Pandas(_0=58, _1=16, Correlation=-0.020622531826492332)
2026-08-13 11:27:03 | INFO | M07 | Pixel Pandas(_0=58, _1=17, Correlation=0.2585431577165239)
2026-08-13 11:27:03 | INFO | M07 | Pixel Pandas(_0=58, _1=18, Correlation=-0.12036922390278916)
2026-08-13 11:27:03 | INFO | M07 | Pixel Pandas(_0=58, _1=19, Correlation=-0.32909456103155815)
2026-08-13 11:27:03 | INFO | M07 | Pixel Pandas(_0=58, _1=20, Correlation=0.2163023550718441)
2026-08-13 11:27:03 | INFO | M07 | Pixel Pandas(_0=58, _1=21, Correlation=-0.08081109352334839)
2026-08-13 11:27:03 | INFO | M07 | Pixel Pandas(_0=58, _1=22, Correlation=-0.21575663440855025)
2026-08-13 11:27:03 | INFO | M07 | Pixel Pandas(_0=58, _1=23, Correlation=-0.11846083315525675)
2026-08-13 11:27:03 | INFO | M07 | Pixel Pandas(_0=58, _1=24, Correlation=-0.0363633092759391)
2026-08-13 11:27:03 | INFO | M07 | Pixel Pandas(_0=58, _1=25, Correlation=-0.16348582414121965)
2026-08-13 11:27:03 | INFO | M07 | Pixel Pandas(_0=58, _1=26, Correlation=-0.32344302212118575)
2026-08-13 11:27:03 | INFO | M07 | Pixel Pandas(_0=58, _1=27, Correlation=0.10681161654814592)
2026-08-13 11:27:03 | INFO | M07 | Pixel Pandas(_0=58, _1=28, Correlation=0.2097408871957216)
2026-08-13 11:27:03 | INFO | M07 | Pixel Pandas(_0=58, _1=29, Correlation=-0.19478200441116786)
2026-08-13 11:27:03 | INFO | M07 | Pixel Pandas(_0=58, _1=30, Correlation=-0.18254024291989787)
2026-08-13 11:27:03 | INFO | M07 | Pixel Pandas(_0=58, _1=31, Correlation=-0.05145415840931534)
2026-08-13 11:27:03 | INFO | M07 | Pixel Pandas(_0=58, _1=32, Correlation=nan)
2026-08-13 11:27:03 | INFO | M07 | Pixel Pandas(_0=58, _1=33, Correlation=-0.33770887540335237)
2026-08-13 11:27:03 | INFO | M07 | Pixel Pandas(_0=58, _1=34, Correlation=-0.3771278666492302)
2026-08-13 11:27:03 | INFO | M07 | Pixel Pandas(_0=58, _1=35, Correlation=-0.02821464488761956)
2026-08-13 11:27:03 | INFO | M07 | Pixel Pandas(_0=58, _1=36, Correlation=-0.09321742609899236)
2026-08-13 11:27:03 | INFO | M07 | Pixel Pandas(_0=58, _1=37, Correlation=-0.2723466137691336)
2026-08-13 11:27:03 | INFO | M07 | Pixel Pandas(_0=58, _1=38, Correlation=-0.18202478421266163)
2026-08-13 11:27:03 | INFO | M07 | Pixel Pandas(_0=58, _1=39, Correlation=nan)
2026-08-13 11:27:03 | INFO | M07 | Pixel Pandas(_0=58, _1=40, Correlation=-0.06682675538776464)
2026-08-13 11:27:03 | INFO | M07 | Pixel Pandas(_0=58, _1=41, Correlation=-0.2587021068813454)
2026-08-13 11:27:03 | INFO | M07 | Pixel Pandas(_0=58, _1=42, Correlation=-0.32930684626823714)
2026-08-13 11:27:03 | INFO | M07 | Pixel Pandas(_0=58, _1=43, Correlation=-0.12114117534245443)
2026-08-13 11:27:03 | INFO | M07 | Pixel Pandas(_0=58, _1=44, Correlation=-0.20046825222163)
2026-08-13 11:27:03 | INFO | M07 | Pixel Pandas(_0=58, _1=45, Correlation=-0.2057864801230588)
2026-08-13 11:27:03 | INFO | M07 | Pixel Pandas(_0=58, _1=46, Correlation=-0.08513355023864508)
2026-08-13 11:27:03 | INFO | M07 | Pixel Pandas(_0=58, _1=47, Correlation=-0.06791884451838257)
2026-08-13 11:27:03 | INFO | M07 | Pixel Pandas(_0=58, _1=48, Correlation=-0.030586334856603784)
2026-08-13 11:27:03 | INFO | M07 | Pixel Pandas(_0=58, _1=49, Correlation=0.1975241284284866)
2026-08-13 11:27:03 | INFO | M07 | Pixel Pandas(_0=58, _1=50, Correlation=0.2556647077828447)
2026-08-13 11:27:03 | INFO | M07 | Pixel Pandas(_0=58, _1=51, Correlation=-0.02054709466554056)
2026-08-13 11:27:03 | INFO | M07 | Pixel Pandas(_0=58, _1=52, Correlation=-0.0803829779245931)
2026-08-13 11:27:03 | INFO | M07 | Pixel Pandas(_0=58, _1=53, Correlation=0.03949290446973471)
2026-08-13 11:27:03 | INFO | M07 | Pixel Pandas(_0=58, _1=54, Correlation=0.018884877227613398)
2026-08-13 11:27:03 | INFO | M07 | Pixel Pandas(_0=58, _1=55, Correlation=-0.04487536717247769)
2026-08-13 11:27:03 | INFO | M07 | Pixel Pandas(_0=58, _1=56, Correlation=-0.0072043584155968305)
2026-08-13 11:27:03 | INFO | M07 | Pixel Pandas(_0=58, _1=57, Correlation=0.5096507259569061)
2026-08-13 11:27:03 | INFO | M07 | Pixel Pandas(_0=58, _1=58, Correlation=1.0)
2026-08-13 11:27:03 | INFO | M07 | Pixel Pandas(_0=58, _1=59, Correlation=0.48171054544310776)
2026-08-13 11:27:03 | INFO | M07 | Pixel Pandas(_0=58, _1=60, Correlation=-0.20795662665966294)
2026-08-13 11:27:03 | INFO | M07 | Pixel Pandas(_0=58, _1=61, Correlation=-0.09183875302400522)
2026-08-13 11:27:03 | INFO | M07 | Pixel Pandas(_0=58, _1=62, Correlation=0.035368752752428165)
2026-08-13 11:27:03 | INFO | M07 | Pixel Pandas(_0=58, _1=63, Correlation=0.031192680428947663)
2026-08-13 11:27:03 | INFO | M07 | Pixel Pandas(_0=59, _1=0, Correlation=nan)
2026-08-13 11:27:03 | INFO | M07 | Pixel Pandas(_0=59, _1=1, Correlation=0.14764598563075002)
2026-08-13 11:27:03 | INFO | M07 | Pixel Pandas(_0=59, _1=2, Correlation=0.49983984404430354)
2026-08-13 11:27:03 | INFO | M07 | Pixel Pandas(_0=59, _1=3, Correlation=0.76794512777996)
2026-08-13 11:27:03 | INFO | M07 | Pixel Pandas(_0=59, _1=4, Correlation=-0.008867026012577064)
2026-08-13 11:27:03 | INFO | M07 | Pixel Pandas(_0=59, _1=5, Correlation=-0.06803785834329631)
2026-08-13 11:27:03 | INFO | M07 | Pixel Pandas(_0=59, _1=6, Correlation=-0.0458454881041046)
2026-08-13 11:27:03 | INFO | M07 | Pixel Pandas(_0=59, _1=7, Correlation=0.001012716390341777)
2026-08-13 11:27:03 | INFO | M07 | Pixel Pandas(_0=59, _1=8, Correlation=0.04337415053553987)
2026-08-13 11:27:03 | INFO | M07 | Pixel Pandas(_0=59, _1=9, Correlation=0.30519101818086875)
2026-08-13 11:27:03 | INFO | M07 | Pixel Pandas(_0=59, _1=10, Correlation=0.634091529544509)
2026-08-13 11:27:03 | INFO | M07 | Pixel Pandas(_0=59, _1=11, Correlation=0.04826332704445775)
2026-08-13 11:27:03 | INFO | M07 | Pixel Pandas(_0=59, _1=12, Correlation=-0.16048782774222262)
2026-08-13 11:27:03 | INFO | M07 | Pixel Pandas(_0=59, _1=13, Correlation=0.07052184348545308)
2026-08-13 11:27:03 | INFO | M07 | Pixel Pandas(_0=59, _1=14, Correlation=-0.06687685715110192)
2026-08-13 11:27:03 | INFO | M07 | Pixel Pandas(_0=59, _1=15, Correlation=-0.05507754507609871)
2026-08-13 11:27:03 | INFO | M07 | Pixel Pandas(_0=59, _1=16, Correlation=0.021539355084740287)
2026-08-13 11:27:03 | INFO | M07 | Pixel Pandas(_0=59, _1=17, Correlation=0.22743838641035738)
2026-08-13 11:27:03 | INFO | M07 | Pixel Pandas(_0=59, _1=18, Correlation=0.14037578535806847)
2026-08-13 11:27:03 | INFO | M07 | Pixel Pandas(_0=59, _1=19, Correlation=-0.3400181135864655)
2026-08-13 11:27:03 | INFO | M07 | Pixel Pandas(_0=59, _1=20, Correlation=-0.06324235840327576)
2026-08-13 11:27:03 | INFO | M07 | Pixel Pandas(_0=59, _1=21, Correlation=-0.015588068780545113)
2026-08-13 11:27:03 | INFO | M07 | Pixel Pandas(_0=59, _1=22, Correlation=-0.13025469154728464)
2026-08-13 11:27:03 | INFO | M07 | Pixel Pandas(_0=59, _1=23, Correlation=-0.1108557934447939)
2026-08-13 11:27:03 | INFO | M07 | Pixel Pandas(_0=59, _1=24, Correlation=-0.0006795600941189967)
2026-08-13 11:27:03 | INFO | M07 | Pixel Pandas(_0=59, _1=25, Correlation=-0.023911653192400975)
2026-08-13 11:27:03 | INFO | M07 | Pixel Pandas(_0=59, _1=26, Correlation=-0.18958891729147742)
2026-08-13 11:27:03 | INFO | M07 | Pixel Pandas(_0=59, _1=27, Correlation=-0.05357669985757843)
2026-08-13 11:27:03 | INFO | M07 | Pixel Pandas(_0=59, _1=28, Correlation=0.03646637655997237)
2026-08-13 11:27:03 | INFO | M07 | Pixel Pandas(_0=59, _1=29, Correlation=-0.19038066661755154)
2026-08-13 11:27:03 | INFO | M07 | Pixel Pandas(_0=59, _1=30, Correlation=-0.15777491639933805)
2026-08-13 11:27:03 | INFO | M07 | Pixel Pandas(_0=59, _1=31, Correlation=-0.0306608462829208)
2026-08-13 11:27:03 | INFO | M07 | Pixel Pandas(_0=59, _1=32, Correlation=nan)
2026-08-13 11:27:03 | INFO | M07 | Pixel Pandas(_0=59, _1=33, Correlation=-0.212700265081131)
2026-08-13 11:27:03 | INFO | M07 | Pixel Pandas(_0=59, _1=34, Correlation=-0.2853887993397369)
2026-08-13 11:27:03 | INFO | M07 | Pixel Pandas(_0=59, _1=35, Correlation=-0.07785688607607122)
2026-08-13 11:27:03 | INFO | M07 | Pixel Pandas(_0=59, _1=36, Correlation=-0.11661001031842841)
2026-08-13 11:27:03 | INFO | M07 | Pixel Pandas(_0=59, _1=37, Correlation=-0.19509956139425494)
2026-08-13 11:27:03 | INFO | M07 | Pixel Pandas(_0=59, _1=38, Correlation=-0.04175576689567776)
2026-08-13 11:27:03 | INFO | M07 | Pixel Pandas(_0=59, _1=39, Correlation=nan)
2026-08-13 11:27:03 | INFO | M07 | Pixel Pandas(_0=59, _1=40, Correlation=-0.07839348018742814)
2026-08-13 11:27:03 | INFO | M07 | Pixel Pandas(_0=59, _1=41, Correlation=-0.2328156148617896)
2026-08-13 11:27:03 | INFO | M07 | Pixel Pandas(_0=59, _1=42, Correlation=-0.16379792589164113)
2026-08-13 11:27:03 | INFO | M07 | Pixel Pandas(_0=59, _1=43, Correlation=-0.16614452418228137)
2026-08-13 11:27:03 | INFO | M07 | Pixel Pandas(_0=59, _1=44, Correlation=-0.19793461138308763)
2026-08-13 11:27:03 | INFO | M07 | Pixel Pandas(_0=59, _1=45, Correlation=-0.1291823308836624)
2026-08-13 11:27:03 | INFO | M07 | Pixel Pandas(_0=59, _1=46, Correlation=0.08190266140336828)
2026-08-13 11:27:03 | INFO | M07 | Pixel Pandas(_0=59, _1=47, Correlation=0.006889440979351223)
2026-08-13 11:27:03 | INFO | M07 | Pixel Pandas(_0=59, _1=48, Correlation=-0.040607410165150806)
2026-08-13 11:27:03 | INFO | M07 | Pixel Pandas(_0=59, _1=49, Correlation=0.03646496685176557)
2026-08-13 11:27:03 | INFO | M07 | Pixel Pandas(_0=59, _1=50, Correlation=0.22906932862821927)
2026-08-13 11:27:03 | INFO | M07 | Pixel Pandas(_0=59, _1=51, Correlation=0.1536657006693082)
2026-08-13 11:27:03 | INFO | M07 | Pixel Pandas(_0=59, _1=52, Correlation=-0.06168332800671385)
2026-08-13 11:27:03 | INFO | M07 | Pixel Pandas(_0=59, _1=53, Correlation=0.06517981701031049)
2026-08-13 11:27:03 | INFO | M07 | Pixel Pandas(_0=59, _1=54, Correlation=0.09471771164569937)
2026-08-13 11:27:03 | INFO | M07 | Pixel Pandas(_0=59, _1=55, Correlation=0.0500320266041839)
2026-08-13 11:27:03 | INFO | M07 | Pixel Pandas(_0=59, _1=56, Correlation=-0.03824787270068419)
2026-08-13 11:27:03 | INFO | M07 | Pixel Pandas(_0=59, _1=57, Correlation=0.11297235607330677)
2026-08-13 11:27:03 | INFO | M07 | Pixel Pandas(_0=59, _1=58, Correlation=0.48171054544310776)
2026-08-13 11:27:03 | INFO | M07 | Pixel Pandas(_0=59, _1=59, Correlation=1.0)
2026-08-13 11:27:03 | INFO | M07 | Pixel Pandas(_0=59, _1=60, Correlation=0.05839015229382533)
2026-08-13 11:27:03 | INFO | M07 | Pixel Pandas(_0=59, _1=61, Correlation=-0.09495605499738131)
2026-08-13 11:27:03 | INFO | M07 | Pixel Pandas(_0=59, _1=62, Correlation=0.0068494932016936)
2026-08-13 11:27:03 | INFO | M07 | Pixel Pandas(_0=59, _1=63, Correlation=0.09967103124826665)
2026-08-13 11:27:03 | INFO | M07 | Pixel Pandas(_0=60, _1=0, Correlation=nan)
2026-08-13 11:27:03 | INFO | M07 | Pixel Pandas(_0=60, _1=1, Correlation=-0.10234937479147527)
2026-08-13 11:27:03 | INFO | M07 | Pixel Pandas(_0=60, _1=2, Correlation=-0.13475392126828686)
2026-08-13 11:27:03 | INFO | M07 | Pixel Pandas(_0=60, _1=3, Correlation=-0.06595673240206529)
2026-08-13 11:27:03 | INFO | M07 | Pixel Pandas(_0=60, _1=4, Correlation=-0.08212512930593316)
2026-08-13 11:27:03 | INFO | M07 | Pixel Pandas(_0=60, _1=5, Correlation=-0.35114603891643714)
2026-08-13 11:27:03 | INFO | M07 | Pixel Pandas(_0=60, _1=6, Correlation=-0.38352179811435966)
2026-08-13 11:27:03 | INFO | M07 | Pixel Pandas(_0=60, _1=7, Correlation=-0.17824343437186813)
2026-08-13 11:27:03 | INFO | M07 | Pixel Pandas(_0=60, _1=8, Correlation=0.048996488864960976)
2026-08-13 11:27:03 | INFO | M07 | Pixel Pandas(_0=60, _1=9, Correlation=-0.0006037495307495652)
2026-08-13 11:27:03 | INFO | M07 | Pixel Pandas(_0=60, _1=10, Correlation=-0.07745112325673961)
2026-08-13 11:27:03 | INFO | M07 | Pixel Pandas(_0=60, _1=11, Correlation=0.04666956595421289)
2026-08-13 11:27:03 | INFO | M07 | Pixel Pandas(_0=60, _1=12, Correlation=0.01594622590890948)
2026-08-13 11:27:03 | INFO | M07 | Pixel Pandas(_0=60, _1=13, Correlation=-0.19951863748639795)
2026-08-13 11:27:03 | INFO | M07 | Pixel Pandas(_0=60, _1=14, Correlation=-0.2981990620266759)
2026-08-13 11:27:03 | INFO | M07 | Pixel Pandas(_0=60, _1=15, Correlation=-0.10031682827336737)
2026-08-13 11:27:03 | INFO | M07 | Pixel Pandas(_0=60, _1=16, Correlation=0.021630269685345756)
2026-08-13 11:27:03 | INFO | M07 | Pixel Pandas(_0=60, _1=17, Correlation=0.03639320661652891)
2026-08-13 11:27:03 | INFO | M07 | Pixel Pandas(_0=60, _1=18, Correlation=0.11907649252966648)
2026-08-13 11:27:03 | INFO | M07 | Pixel Pandas(_0=60, _1=19, Correlation=0.20769382355334517)
2026-08-13 11:27:03 | INFO | M07 | Pixel Pandas(_0=60, _1=20, Correlation=0.002642168640590077)
2026-08-13 11:27:03 | INFO | M07 | Pixel Pandas(_0=60, _1=21, Correlation=-0.12051738494344204)
2026-08-13 11:27:03 | INFO | M07 | Pixel Pandas(_0=60, _1=22, Correlation=-0.07991619787648252)
2026-08-13 11:27:03 | INFO | M07 | Pixel Pandas(_0=60, _1=23, Correlation=-0.0027842948419321495)
2026-08-13 11:27:03 | INFO | M07 | Pixel Pandas(_0=60, _1=24, Correlation=0.008058882595539133)
2026-08-13 11:27:03 | INFO | M07 | Pixel Pandas(_0=60, _1=25, Correlation=0.02923320548956681)
2026-08-13 11:27:03 | INFO | M07 | Pixel Pandas(_0=60, _1=26, Correlation=0.08320227292261276)
2026-08-13 11:27:03 | INFO | M07 | Pixel Pandas(_0=60, _1=27, Correlation=0.06673069723951447)
2026-08-13 11:27:03 | INFO | M07 | Pixel Pandas(_0=60, _1=28, Correlation=-0.10892229798632712)
2026-08-13 11:27:03 | INFO | M07 | Pixel Pandas(_0=60, _1=29, Correlation=-0.16312502188726036)
2026-08-13 11:27:03 | INFO | M07 | Pixel Pandas(_0=60, _1=30, Correlation=-0.14467212043418012)
2026-08-13 11:27:03 | INFO | M07 | Pixel Pandas(_0=60, _1=31, Correlation=0.001827730903796703)
2026-08-13 11:27:03 | INFO | M07 | Pixel Pandas(_0=60, _1=32, Correlation=nan)
2026-08-13 11:27:03 | INFO | M07 | Pixel Pandas(_0=60, _1=33, Correlation=0.020895423837795708)
2026-08-13 11:27:03 | INFO | M07 | Pixel Pandas(_0=60, _1=34, Correlation=-0.07178364484160928)
2026-08-13 11:27:03 | INFO | M07 | Pixel Pandas(_0=60, _1=35, Correlation=-0.18340258649733904)
2026-08-13 11:27:03 | INFO | M07 | Pixel Pandas(_0=60, _1=36, Correlation=-0.18135707993575514)
2026-08-13 11:27:03 | INFO | M07 | Pixel Pandas(_0=60, _1=37, Correlation=0.018534437859130653)
2026-08-13 11:27:03 | INFO | M07 | Pixel Pandas(_0=60, _1=38, Correlation=0.023764031704569217)
2026-08-13 11:27:03 | INFO | M07 | Pixel Pandas(_0=60, _1=39, Correlation=nan)
2026-08-13 11:27:03 | INFO | M07 | Pixel Pandas(_0=60, _1=40, Correlation=0.031133058662831673)
2026-08-13 11:27:03 | INFO | M07 | Pixel Pandas(_0=60, _1=41, Correlation=0.042395925489527524)
2026-08-13 11:27:03 | INFO | M07 | Pixel Pandas(_0=60, _1=42, Correlation=0.14465021801007724)
2026-08-13 11:27:03 | INFO | M07 | Pixel Pandas(_0=60, _1=43, Correlation=-0.22552332147036247)
2026-08-13 11:27:03 | INFO | M07 | Pixel Pandas(_0=60, _1=44, Correlation=-0.25723777437479545)
2026-08-13 11:27:03 | INFO | M07 | Pixel Pandas(_0=60, _1=45, Correlation=0.3252242439846569)
2026-08-13 11:27:03 | INFO | M07 | Pixel Pandas(_0=60, _1=46, Correlation=0.38528467352570844)
2026-08-13 11:27:03 | INFO | M07 | Pixel Pandas(_0=60, _1=47, Correlation=0.06511719648662197)
2026-08-13 11:27:03 | INFO | M07 | Pixel Pandas(_0=60, _1=48, Correlation=0.018501085667938937)
2026-08-13 11:27:03 | INFO | M07 | Pixel Pandas(_0=60, _1=49, Correlation=0.07837020121357524)
2026-08-13 11:27:03 | INFO | M07 | Pixel Pandas(_0=60, _1=50, Correlation=0.27673828674318324)
2026-08-13 11:27:03 | INFO | M07 | Pixel Pandas(_0=60, _1=51, Correlation=-0.2308835250149209)
2026-08-13 11:27:03 | INFO | M07 | Pixel Pandas(_0=60, _1=52, Correlation=0.0626768787248029)
2026-08-13 11:27:03 | INFO | M07 | Pixel Pandas(_0=60, _1=53, Correlation=0.5846305063253956)
2026-08-13 11:27:03 | INFO | M07 | Pixel Pandas(_0=60, _1=54, Correlation=0.39427974228825047)
2026-08-13 11:27:03 | INFO | M07 | Pixel Pandas(_0=60, _1=55, Correlation=0.10510138688621654)
2026-08-13 11:27:03 | INFO | M07 | Pixel Pandas(_0=60, _1=56, Correlation=0.005696903871743196)
2026-08-13 11:27:03 | INFO | M07 | Pixel Pandas(_0=60, _1=57, Correlation=-0.11790779188052364)
2026-08-13 11:27:03 | INFO | M07 | Pixel Pandas(_0=60, _1=58, Correlation=-0.20795662665966294)
2026-08-13 11:27:03 | INFO | M07 | Pixel Pandas(_0=60, _1=59, Correlation=0.05839015229382533)
2026-08-13 11:27:03 | INFO | M07 | Pixel Pandas(_0=60, _1=60, Correlation=1.0)
2026-08-13 11:27:03 | INFO | M07 | Pixel Pandas(_0=60, _1=61, Correlation=0.6095148924685055)
2026-08-13 11:27:03 | INFO | M07 | Pixel Pandas(_0=60, _1=62, Correlation=0.24330505428608135)
2026-08-13 11:27:03 | INFO | M07 | Pixel Pandas(_0=60, _1=63, Correlation=0.10301516705844514)
2026-08-13 11:27:03 | INFO | M07 | Pixel Pandas(_0=61, _1=0, Correlation=nan)
2026-08-13 11:27:03 | INFO | M07 | Pixel Pandas(_0=61, _1=1, Correlation=-0.02987023131857246)
2026-08-13 11:27:03 | INFO | M07 | Pixel Pandas(_0=61, _1=2, Correlation=-0.041182719082196735)
2026-08-13 11:27:03 | INFO | M07 | Pixel Pandas(_0=61, _1=3, Correlation=-0.05493581693497762)
2026-08-13 11:27:03 | INFO | M07 | Pixel Pandas(_0=61, _1=4, Correlation=-0.21580870979853117)
2026-08-13 11:27:03 | INFO | M07 | Pixel Pandas(_0=61, _1=5, Correlation=-0.26881766944673907)
2026-08-13 11:27:03 | INFO | M07 | Pixel Pandas(_0=61, _1=6, Correlation=-0.30411145889543123)
2026-08-13 11:27:03 | INFO | M07 | Pixel Pandas(_0=61, _1=7, Correlation=-0.14117414527252084)
2026-08-13 11:27:03 | INFO | M07 | Pixel Pandas(_0=61, _1=8, Correlation=0.033409111929791076)
2026-08-13 11:27:03 | INFO | M07 | Pixel Pandas(_0=61, _1=9, Correlation=0.071488240842106)
2026-08-13 11:27:03 | INFO | M07 | Pixel Pandas(_0=61, _1=10, Correlation=-0.03106666075241153)
2026-08-13 11:27:03 | INFO | M07 | Pixel Pandas(_0=61, _1=11, Correlation=-0.09571840824562182)
2026-08-13 11:27:03 | INFO | M07 | Pixel Pandas(_0=61, _1=12, Correlation=-0.0028520271763060037)
2026-08-13 11:27:03 | INFO | M07 | Pixel Pandas(_0=61, _1=13, Correlation=-0.13156538906931628)
2026-08-13 11:27:03 | INFO | M07 | Pixel Pandas(_0=61, _1=14, Correlation=-0.2798003817668677)
2026-08-13 11:27:03 | INFO | M07 | Pixel Pandas(_0=61, _1=15, Correlation=-0.1367958909919942)
2026-08-13 11:27:03 | INFO | M07 | Pixel Pandas(_0=61, _1=16, Correlation=0.012375754239125406)
2026-08-13 11:27:03 | INFO | M07 | Pixel Pandas(_0=61, _1=17, Correlation=0.052270842194989724)
2026-08-13 11:27:03 | INFO | M07 | Pixel Pandas(_0=61, _1=18, Correlation=-0.016897508901965903)
2026-08-13 11:27:03 | INFO | M07 | Pixel Pandas(_0=61, _1=19, Correlation=0.0774863735407245)
2026-08-13 11:27:03 | INFO | M07 | Pixel Pandas(_0=61, _1=20, Correlation=0.10384717116360412)
2026-08-13 11:27:03 | INFO | M07 | Pixel Pandas(_0=61, _1=21, Correlation=-0.0789952478805149)
2026-08-13 11:27:03 | INFO | M07 | Pixel Pandas(_0=61, _1=22, Correlation=-0.22447003341126814)
2026-08-13 11:27:03 | INFO | M07 | Pixel Pandas(_0=61, _1=23, Correlation=-0.10730632251583223)
2026-08-13 11:27:03 | INFO | M07 | Pixel Pandas(_0=61, _1=24, Correlation=-0.03827477825196734)
2026-08-13 11:27:03 | INFO | M07 | Pixel Pandas(_0=61, _1=25, Correlation=-0.1506010976604235)
2026-08-13 11:27:03 | INFO | M07 | Pixel Pandas(_0=61, _1=26, Correlation=-0.11408530369548478)
2026-08-13 11:27:03 | INFO | M07 | Pixel Pandas(_0=61, _1=27, Correlation=0.04406578310211739)
2026-08-13 11:27:03 | INFO | M07 | Pixel Pandas(_0=61, _1=28, Correlation=0.00800790484191884)
2026-08-13 11:27:03 | INFO | M07 | Pixel Pandas(_0=61, _1=29, Correlation=-0.1510765308323744)
2026-08-13 11:27:03 | INFO | M07 | Pixel Pandas(_0=61, _1=30, Correlation=-0.2738166546844154)
2026-08-13 11:27:03 | INFO | M07 | Pixel Pandas(_0=61, _1=31, Correlation=-0.038145147330314745)
2026-08-13 11:27:03 | INFO | M07 | Pixel Pandas(_0=61, _1=32, Correlation=nan)
2026-08-13 11:27:03 | INFO | M07 | Pixel Pandas(_0=61, _1=33, Correlation=-0.2155194669150687)
2026-08-13 11:27:03 | INFO | M07 | Pixel Pandas(_0=61, _1=34, Correlation=-0.20152029508818314)
2026-08-13 11:27:03 | INFO | M07 | Pixel Pandas(_0=61, _1=35, Correlation=-0.10759638936728687)
2026-08-13 11:27:03 | INFO | M07 | Pixel Pandas(_0=61, _1=36, Correlation=-0.06711351036649536)
2026-08-13 11:27:03 | INFO | M07 | Pixel Pandas(_0=61, _1=37, Correlation=-0.03112687229981572)
2026-08-13 11:27:03 | INFO | M07 | Pixel Pandas(_0=61, _1=38, Correlation=-0.07518615418762785)
2026-08-13 11:27:03 | INFO | M07 | Pixel Pandas(_0=61, _1=39, Correlation=nan)
2026-08-13 11:27:03 | INFO | M07 | Pixel Pandas(_0=61, _1=40, Correlation=-0.024193872451098473)
2026-08-13 11:27:03 | INFO | M07 | Pixel Pandas(_0=61, _1=41, Correlation=-0.13368700786876514)
2026-08-13 11:27:03 | INFO | M07 | Pixel Pandas(_0=61, _1=42, Correlation=0.01946628551218263)
2026-08-13 11:27:03 | INFO | M07 | Pixel Pandas(_0=61, _1=43, Correlation=-0.15207827411559843)
2026-08-13 11:27:03 | INFO | M07 | Pixel Pandas(_0=61, _1=44, Correlation=-0.32370363670147856)
2026-08-13 11:27:03 | INFO | M07 | Pixel Pandas(_0=61, _1=45, Correlation=0.11758549996933178)
2026-08-13 11:27:03 | INFO | M07 | Pixel Pandas(_0=61, _1=46, Correlation=0.4345672334769907)
2026-08-13 11:27:03 | INFO | M07 | Pixel Pandas(_0=61, _1=47, Correlation=0.1168366577310904)
2026-08-13 11:27:03 | INFO | M07 | Pixel Pandas(_0=61, _1=48, Correlation=-0.008285823259031058)
2026-08-13 11:27:03 | INFO | M07 | Pixel Pandas(_0=61, _1=49, Correlation=0.01317009847367527)
2026-08-13 11:27:03 | INFO | M07 | Pixel Pandas(_0=61, _1=50, Correlation=0.25858503555389095)
2026-08-13 11:27:03 | INFO | M07 | Pixel Pandas(_0=61, _1=51, Correlation=-0.04593325088212718)
2026-08-13 11:27:03 | INFO | M07 | Pixel Pandas(_0=61, _1=52, Correlation=-0.2949445833737917)
2026-08-13 11:27:03 | INFO | M07 | Pixel Pandas(_0=61, _1=53, Correlation=0.5293194932161971)
2026-08-13 11:27:03 | INFO | M07 | Pixel Pandas(_0=61, _1=54, Correlation=0.7075190457334848)
2026-08-13 11:27:03 | INFO | M07 | Pixel Pandas(_0=61, _1=55, Correlation=0.26279549963944615)
2026-08-13 11:27:03 | INFO | M07 | Pixel Pandas(_0=61, _1=56, Correlation=-0.0030562742315933095)
2026-08-13 11:27:03 | INFO | M07 | Pixel Pandas(_0=61, _1=57, Correlation=-0.04388863652987881)
2026-08-13 11:27:03 | INFO | M07 | Pixel Pandas(_0=61, _1=58, Correlation=-0.09183875302400522)
2026-08-13 11:27:03 | INFO | M07 | Pixel Pandas(_0=61, _1=59, Correlation=-0.09495605499738131)
2026-08-13 11:27:03 | INFO | M07 | Pixel Pandas(_0=61, _1=60, Correlation=0.6095148924685055)
2026-08-13 11:27:03 | INFO | M07 | Pixel Pandas(_0=61, _1=61, Correlation=1.0)
2026-08-13 11:27:03 | INFO | M07 | Pixel Pandas(_0=61, _1=62, Correlation=0.6483277618730211)
2026-08-13 11:27:03 | INFO | M07 | Pixel Pandas(_0=61, _1=63, Correlation=0.26199116485028084)
2026-08-13 11:27:03 | INFO | M07 | Pixel Pandas(_0=62, _1=0, Correlation=nan)
2026-08-13 11:27:03 | INFO | M07 | Pixel Pandas(_0=62, _1=1, Correlation=0.026547169182235025)
2026-08-13 11:27:03 | INFO | M07 | Pixel Pandas(_0=62, _1=2, Correlation=0.07259881625237993)
2026-08-13 11:27:03 | INFO | M07 | Pixel Pandas(_0=62, _1=3, Correlation=0.05343734978487189)
2026-08-13 11:27:03 | INFO | M07 | Pixel Pandas(_0=62, _1=4, Correlation=-0.25069874224289934)
2026-08-13 11:27:03 | INFO | M07 | Pixel Pandas(_0=62, _1=5, Correlation=-0.267658985673448)
2026-08-13 11:27:03 | INFO | M07 | Pixel Pandas(_0=62, _1=6, Correlation=-0.17894477384555518)
2026-08-13 11:27:03 | INFO | M07 | Pixel Pandas(_0=62, _1=7, Correlation=-0.06322031694169739)
2026-08-13 11:27:03 | INFO | M07 | Pixel Pandas(_0=62, _1=8, Correlation=0.02068892929401019)
2026-08-13 11:27:03 | INFO | M07 | Pixel Pandas(_0=62, _1=9, Correlation=0.1115688451278498)
2026-08-13 11:27:03 | INFO | M07 | Pixel Pandas(_0=62, _1=10, Correlation=0.005105749816272118)
2026-08-13 11:27:03 | INFO | M07 | Pixel Pandas(_0=62, _1=11, Correlation=0.02811326181610606)
2026-08-13 11:27:03 | INFO | M07 | Pixel Pandas(_0=62, _1=12, Correlation=-0.046563506443310455)
2026-08-13 11:27:03 | INFO | M07 | Pixel Pandas(_0=62, _1=13, Correlation=-0.22463949374398606)
2026-08-13 11:27:03 | INFO | M07 | Pixel Pandas(_0=62, _1=14, Correlation=-0.2071654946990134)
2026-08-13 11:27:03 | INFO | M07 | Pixel Pandas(_0=62, _1=15, Correlation=-0.0659562218337077)
2026-08-13 11:27:03 | INFO | M07 | Pixel Pandas(_0=62, _1=16, Correlation=0.01890138243383397)
2026-08-13 11:27:03 | INFO | M07 | Pixel Pandas(_0=62, _1=17, Correlation=0.08029347347183528)
2026-08-13 11:27:03 | INFO | M07 | Pixel Pandas(_0=62, _1=18, Correlation=-0.042269186406308265)
2026-08-13 11:27:03 | INFO | M07 | Pixel Pandas(_0=62, _1=19, Correlation=0.04170498875699314)
2026-08-13 11:27:03 | INFO | M07 | Pixel Pandas(_0=62, _1=20, Correlation=0.07418988661092564)
2026-08-13 11:27:03 | INFO | M07 | Pixel Pandas(_0=62, _1=21, Correlation=-0.1725560886172129)
2026-08-13 11:27:03 | INFO | M07 | Pixel Pandas(_0=62, _1=22, Correlation=-0.20369092273655692)
2026-08-13 11:27:03 | INFO | M07 | Pixel Pandas(_0=62, _1=23, Correlation=-0.057758537248174806)
2026-08-13 11:27:03 | INFO | M07 | Pixel Pandas(_0=62, _1=24, Correlation=-0.016879119610375224)
2026-08-13 11:27:03 | INFO | M07 | Pixel Pandas(_0=62, _1=25, Correlation=-0.15328084541885878)
2026-08-13 11:27:03 | INFO | M07 | Pixel Pandas(_0=62, _1=26, Correlation=-0.19325177514076947)
2026-08-13 11:27:03 | INFO | M07 | Pixel Pandas(_0=62, _1=27, Correlation=-0.0772611858998435)
2026-08-13 11:27:03 | INFO | M07 | Pixel Pandas(_0=62, _1=28, Correlation=0.030021689996573907)
2026-08-13 11:27:03 | INFO | M07 | Pixel Pandas(_0=62, _1=29, Correlation=-0.18267613018875078)
2026-08-13 11:27:03 | INFO | M07 | Pixel Pandas(_0=62, _1=30, Correlation=-0.23652344056761404)
2026-08-13 11:27:03 | INFO | M07 | Pixel Pandas(_0=62, _1=31, Correlation=-0.02388398942603111)
2026-08-13 11:27:03 | INFO | M07 | Pixel Pandas(_0=62, _1=32, Correlation=nan)
2026-08-13 11:27:03 | INFO | M07 | Pixel Pandas(_0=62, _1=33, Correlation=-0.21680223420983502)
2026-08-13 11:27:03 | INFO | M07 | Pixel Pandas(_0=62, _1=34, Correlation=-0.21175895980242454)
2026-08-13 11:27:03 | INFO | M07 | Pixel Pandas(_0=62, _1=35, Correlation=-0.03137264838681249)
2026-08-13 11:27:03 | INFO | M07 | Pixel Pandas(_0=62, _1=36, Correlation=0.05618582484306988)
2026-08-13 11:27:03 | INFO | M07 | Pixel Pandas(_0=62, _1=37, Correlation=-0.1827004951097005)
2026-08-13 11:27:03 | INFO | M07 | Pixel Pandas(_0=62, _1=38, Correlation=-0.1823572581940905)
2026-08-13 11:27:03 | INFO | M07 | Pixel Pandas(_0=62, _1=39, Correlation=nan)
2026-08-13 11:27:03 | INFO | M07 | Pixel Pandas(_0=62, _1=40, Correlation=-0.031019640946423184)
2026-08-13 11:27:03 | INFO | M07 | Pixel Pandas(_0=62, _1=41, Correlation=-0.147091025512208)
2026-08-13 11:27:03 | INFO | M07 | Pixel Pandas(_0=62, _1=42, Correlation=-0.06638379037901558)
2026-08-13 11:27:03 | INFO | M07 | Pixel Pandas(_0=62, _1=43, Correlation=0.040766435703515264)
2026-08-13 11:27:03 | INFO | M07 | Pixel Pandas(_0=62, _1=44, Correlation=-0.032923131434018926)
2026-08-13 11:27:03 | INFO | M07 | Pixel Pandas(_0=62, _1=45, Correlation=-0.17498440592618503)
2026-08-13 11:27:03 | INFO | M07 | Pixel Pandas(_0=62, _1=46, Correlation=0.11793150853805252)
2026-08-13 11:27:03 | INFO | M07 | Pixel Pandas(_0=62, _1=47, Correlation=0.13980044743306172)
2026-08-13 11:27:03 | INFO | M07 | Pixel Pandas(_0=62, _1=48, Correlation=-0.017917530906278314)
2026-08-13 11:27:03 | INFO | M07 | Pixel Pandas(_0=62, _1=49, Correlation=-0.03967390719678185)
2026-08-13 11:27:03 | INFO | M07 | Pixel Pandas(_0=62, _1=50, Correlation=0.12841594999982806)
2026-08-13 11:27:03 | INFO | M07 | Pixel Pandas(_0=62, _1=51, Correlation=0.1782327846219719)
2026-08-13 11:27:03 | INFO | M07 | Pixel Pandas(_0=62, _1=52, Correlation=-0.09231279422457611)
2026-08-13 11:27:03 | INFO | M07 | Pixel Pandas(_0=62, _1=53, Correlation=0.09549979894857782)
2026-08-13 11:27:03 | INFO | M07 | Pixel Pandas(_0=62, _1=54, Correlation=0.6022667379283728)
2026-08-13 11:27:03 | INFO | M07 | Pixel Pandas(_0=62, _1=55, Correlation=0.5117257306263414)
2026-08-13 11:27:03 | INFO | M07 | Pixel Pandas(_0=62, _1=56, Correlation=-0.011932016718197448)
2026-08-13 11:27:03 | INFO | M07 | Pixel Pandas(_0=62, _1=57, Correlation=0.014557004259428135)
2026-08-13 11:27:03 | INFO | M07 | Pixel Pandas(_0=62, _1=58, Correlation=0.035368752752428165)
2026-08-13 11:27:03 | INFO | M07 | Pixel Pandas(_0=62, _1=59, Correlation=0.0068494932016936)
2026-08-13 11:27:03 | INFO | M07 | Pixel Pandas(_0=62, _1=60, Correlation=0.24330505428608135)
2026-08-13 11:27:03 | INFO | M07 | Pixel Pandas(_0=62, _1=61, Correlation=0.6483277618730211)
2026-08-13 11:27:03 | INFO | M07 | Pixel Pandas(_0=62, _1=62, Correlation=1.0)
2026-08-13 11:27:03 | INFO | M07 | Pixel Pandas(_0=62, _1=63, Correlation=0.6204280965908434)
2026-08-13 11:27:03 | INFO | M07 | Pixel Pandas(_0=63, _1=0, Correlation=nan)
2026-08-13 11:27:03 | INFO | M07 | Pixel Pandas(_0=63, _1=1, Correlation=-0.04388880401849101)
2026-08-13 11:27:03 | INFO | M07 | Pixel Pandas(_0=63, _1=2, Correlation=0.0825231355428785)
2026-08-13 11:27:03 | INFO | M07 | Pixel Pandas(_0=63, _1=3, Correlation=0.08197057683454669)
2026-08-13 11:27:03 | INFO | M07 | Pixel Pandas(_0=63, _1=4, Correlation=-0.21534918438071982)
2026-08-13 11:27:03 | INFO | M07 | Pixel Pandas(_0=63, _1=5, Correlation=-0.167727203514283)
2026-08-13 11:27:03 | INFO | M07 | Pixel Pandas(_0=63, _1=6, Correlation=-0.08030896906820835)
2026-08-13 11:27:03 | INFO | M07 | Pixel Pandas(_0=63, _1=7, Correlation=-0.02450543297113243)
2026-08-13 11:27:03 | INFO | M07 | Pixel Pandas(_0=63, _1=8, Correlation=-0.005225867441445798)
2026-08-13 11:27:03 | INFO | M07 | Pixel Pandas(_0=63, _1=9, Correlation=-0.0014039156240667563)
2026-08-13 11:27:03 | INFO | M07 | Pixel Pandas(_0=63, _1=10, Correlation=0.001909850287602231)
2026-08-13 11:27:03 | INFO | M07 | Pixel Pandas(_0=63, _1=11, Correlation=0.054671995976924855)
2026-08-13 11:27:03 | INFO | M07 | Pixel Pandas(_0=63, _1=12, Correlation=-0.039365504290386044)
2026-08-13 11:27:03 | INFO | M07 | Pixel Pandas(_0=63, _1=13, Correlation=-0.14881022994408505)
2026-08-13 11:27:03 | INFO | M07 | Pixel Pandas(_0=63, _1=14, Correlation=-0.09685242451659667)
2026-08-13 11:27:03 | INFO | M07 | Pixel Pandas(_0=63, _1=15, Correlation=-0.025565923288009215)
2026-08-13 11:27:03 | INFO | M07 | Pixel Pandas(_0=63, _1=16, Correlation=0.015250232923112119)
2026-08-13 11:27:03 | INFO | M07 | Pixel Pandas(_0=63, _1=17, Correlation=0.008117041096372254)
2026-08-13 11:27:03 | INFO | M07 | Pixel Pandas(_0=63, _1=18, Correlation=-0.05099928522672857)
2026-08-13 11:27:03 | INFO | M07 | Pixel Pandas(_0=63, _1=19, Correlation=0.06596396842104682)
2026-08-13 11:27:03 | INFO | M07 | Pixel Pandas(_0=63, _1=20, Correlation=0.05815546991213296)
2026-08-13 11:27:03 | INFO | M07 | Pixel Pandas(_0=63, _1=21, Correlation=-0.09994045825838434)
2026-08-13 11:27:03 | INFO | M07 | Pixel Pandas(_0=63, _1=22, Correlation=-0.09324558985533013)
2026-08-13 11:27:03 | INFO | M07 | Pixel Pandas(_0=63, _1=23, Correlation=-0.02238834019688808)
2026-08-13 11:27:03 | INFO | M07 | Pixel Pandas(_0=63, _1=24, Correlation=-0.006542677326423924)
2026-08-13 11:27:03 | INFO | M07 | Pixel Pandas(_0=63, _1=25, Correlation=-0.08234834356344882)
2026-08-13 11:27:03 | INFO | M07 | Pixel Pandas(_0=63, _1=26, Correlation=-0.12867389211264452)
2026-08-13 11:27:03 | INFO | M07 | Pixel Pandas(_0=63, _1=27, Correlation=-0.03663436140571613)
2026-08-13 11:27:03 | INFO | M07 | Pixel Pandas(_0=63, _1=28, Correlation=0.028791677890252186)
2026-08-13 11:27:03 | INFO | M07 | Pixel Pandas(_0=63, _1=29, Correlation=-0.08839512923834339)
2026-08-13 11:27:03 | INFO | M07 | Pixel Pandas(_0=63, _1=30, Correlation=-0.10946472749185959)
2026-08-13 11:27:03 | INFO | M07 | Pixel Pandas(_0=63, _1=31, Correlation=-0.0092579020523197)
2026-08-13 11:27:03 | INFO | M07 | Pixel Pandas(_0=63, _1=32, Correlation=nan)
2026-08-13 11:27:03 | INFO | M07 | Pixel Pandas(_0=63, _1=33, Correlation=-0.11966323530561847)
2026-08-13 11:27:03 | INFO | M07 | Pixel Pandas(_0=63, _1=34, Correlation=-0.1831114363049697)
2026-08-13 11:27:03 | INFO | M07 | Pixel Pandas(_0=63, _1=35, Correlation=-0.09316610532970705)
2026-08-13 11:27:03 | INFO | M07 | Pixel Pandas(_0=63, _1=36, Correlation=0.07372655548431307)
2026-08-13 11:27:03 | INFO | M07 | Pixel Pandas(_0=63, _1=37, Correlation=-0.12473307441403374)
2026-08-13 11:27:03 | INFO | M07 | Pixel Pandas(_0=63, _1=38, Correlation=-0.1502534695480026)
2026-08-13 11:27:04 | INFO | M07 | Pixel Pandas(_0=63, _1=39, Correlation=nan)
2026-08-13 11:27:04 | INFO | M07 | Pixel Pandas(_0=63, _1=40, Correlation=-0.012023820328237064)
2026-08-13 11:27:04 | INFO | M07 | Pixel Pandas(_0=63, _1=41, Correlation=-0.10192719447928772)
2026-08-13 11:27:04 | INFO | M07 | Pixel Pandas(_0=63, _1=42, Correlation=-0.17779449289107313)
2026-08-13 11:27:04 | INFO | M07 | Pixel Pandas(_0=63, _1=43, Correlation=-0.050580072171718206)
2026-08-13 11:27:04 | INFO | M07 | Pixel Pandas(_0=63, _1=44, Correlation=0.1411983035854616)
2026-08-13 11:27:04 | INFO | M07 | Pixel Pandas(_0=63, _1=45, Correlation=-0.10100704936544508)
2026-08-13 11:27:04 | INFO | M07 | Pixel Pandas(_0=63, _1=46, Correlation=-0.11838528719710428)
2026-08-13 11:27:04 | INFO | M07 | Pixel Pandas(_0=63, _1=47, Correlation=0.005979382109888315)
2026-08-13 11:27:04 | INFO | M07 | Pixel Pandas(_0=63, _1=48, Correlation=-0.006945185881255888)
2026-08-13 11:27:04 | INFO | M07 | Pixel Pandas(_0=63, _1=49, Correlation=-0.06796121215958639)
2026-08-13 11:27:04 | INFO | M07 | Pixel Pandas(_0=63, _1=50, Correlation=-0.05080636417282943)
2026-08-13 11:27:04 | INFO | M07 | Pixel Pandas(_0=63, _1=51, Correlation=0.11314823666022124)
2026-08-13 11:27:04 | INFO | M07 | Pixel Pandas(_0=63, _1=52, Correlation=0.13144925367700885)
2026-08-13 11:27:04 | INFO | M07 | Pixel Pandas(_0=63, _1=53, Correlation=0.0548019772118848)
2026-08-13 11:27:04 | INFO | M07 | Pixel Pandas(_0=63, _1=54, Correlation=0.19629635588526814)
2026-08-13 11:27:04 | INFO | M07 | Pixel Pandas(_0=63, _1=55, Correlation=0.5639891996439279)
2026-08-13 11:27:04 | INFO | M07 | Pixel Pandas(_0=63, _1=56, Correlation=-0.004625083359956485)
2026-08-13 11:27:04 | INFO | M07 | Pixel Pandas(_0=63, _1=57, Correlation=-0.04708852006329313)
2026-08-13 11:27:04 | INFO | M07 | Pixel Pandas(_0=63, _1=58, Correlation=0.031192680428947663)
2026-08-13 11:27:04 | INFO | M07 | Pixel Pandas(_0=63, _1=59, Correlation=0.09967103124826665)
2026-08-13 11:27:04 | INFO | M07 | Pixel Pandas(_0=63, _1=60, Correlation=0.10301516705844514)
2026-08-13 11:27:04 | INFO | M07 | Pixel Pandas(_0=63, _1=61, Correlation=0.26199116485028084)
2026-08-13 11:27:04 | INFO | M07 | Pixel Pandas(_0=63, _1=62, Correlation=0.6204280965908434)
2026-08-13 11:27:04 | INFO | M07 | Pixel Pandas(_0=63, _1=63, Correlation=1.0)
2026-08-13 11:27:04 | INFO | M07 | Which digits confuse each other, and does the pixel view explain why?
2026-08-13 11:30:35 | INFO | M07 | === RUN START ===
2026-08-13 11:30:35 | INFO | M07 | project=M07
2026-08-13 11:30:35 | INFO | M07 | repo_dir=CS44670-Module-7
2026-08-13 11:30:35 | INFO | M07 | python=3.14.7
2026-08-13 11:30:35 | INFO | M07 | os=Windows 11
2026-08-13 11:30:35 | INFO | M07 | shell=powershell
2026-08-13 11:30:35 | INFO | M07 | cwd=notebooks
2026-08-13 11:30:35 | INFO | M07 | github_actions=False
2026-08-13 11:30:35 | INFO | M07 | Confirming installation:
2026-08-13 11:30:35 | INFO | M07 |   python:       3.14.7
2026-08-13 11:30:35 | INFO | M07 |   pandas:       3.0.5
2026-08-13 11:30:35 | INFO | M07 |   numpy:        2.5.2
2026-08-13 11:30:35 | INFO | M07 |   scikit-learn: 1.9.0
2026-08-13 11:30:35 | INFO | M07 |   seaborn:      0.13.2
2026-08-13 11:30:35 | INFO | M07 |   matplotlib:   3.11.1
2026-08-13 11:30:35 | INFO | M07 | Text corpus: 24 documents, classes=['cooking', 'space', 'sports']
2026-08-13 11:30:35 | INFO | M07 | Vocabulary size (features): 107
2026-08-13 11:30:35 | INFO | M07 | Text test accuracy: 0.500
2026-08-13 11:30:35 | INFO | M07 |   predicted 'sports'  <-  'the midfielder scored in the last minute of the game'
2026-08-13 11:30:35 | INFO | M07 |   predicted 'cooking'  <-  'stir the sauce and bake the casserole until golden'
2026-08-13 11:30:35 | INFO | M07 | TF-IDF ignored word order. Did any misread sentence reveal that limit?
2026-08-13 11:30:35 | INFO | M07 | Image data: 1797 images, 64 pixel features each
2026-08-13 11:30:35 | INFO | M07 | Classes (digits): [0, 1, 2, 3, 4, 5, 6, 7, 8, 9]
2026-08-13 11:30:35 | INFO | M07 | Image test accuracy: 0.969
2026-08-13 11:30:35 | INFO | M07 | Showing confusion matrix (which digits get confused)
2026-08-13 11:30:36 | INFO | M07 | Digit: 1.0, Correlation: 1.0000
2026-08-13 11:30:36 | INFO | M07 | Digit: 1.0, Correlation: 0.5566
2026-08-13 11:30:36 | INFO | M07 | Digit: 1.0, Correlation: 0.2078
2026-08-13 11:30:36 | INFO | M07 | Digit: 1.0, Correlation: -0.0188
2026-08-13 11:30:36 | INFO | M07 | Digit: 1.0, Correlation: 0.0608
2026-08-13 11:30:36 | INFO | M07 | Digit: 1.0, Correlation: 0.0484
2026-08-13 11:30:36 | INFO | M07 | Digit: 1.0, Correlation: -0.0389
2026-08-13 11:30:36 | INFO | M07 | Digit: 1.0, Correlation: 0.0323
2026-08-13 11:30:36 | INFO | M07 | Digit: 1.0, Correlation: 0.5564
2026-08-13 11:30:36 | INFO | M07 | Digit: 1.0, Correlation: 0.2245
2026-08-13 11:30:36 | INFO | M07 | Which digits confuse each other, and does the pixel view explain why?
2026-08-13 11:30:36 | INFO | M07 | Top 10 pixel pairs with highest correlation:
2026-08-13 11:30:36 | INFO | M07 |       Pixel 1  Pixel 2  Correlation
2988       46       44    -0.570196
1226       19       10    -0.526159
1684       26       20    -0.450294
2869       44       53    -0.444927
3435       53       43    -0.442823
1825       28       33    -0.433219
1826       28       34    -0.424507
2797       43       45    -0.407786
1298       20       18    -0.406227
3244       50       44    -0.397180
2026-08-13 11:30:36 | INFO | M07 | ========================
2026-08-13 11:30:36 | INFO | M07 | SUMMARY
2026-08-13 11:30:36 | INFO | M07 | ========================
2026-08-13 11:30:36 | INFO | M07 | Text:   TF-IDF + MultinomialNB on a labeled corpus
2026-08-13 11:30:36 | INFO | M07 | Image:  pixel features + LogisticRegression on digit images
2026-08-13 11:30:36 | INFO | M07 | Same skeleton both times; only the representation changed.
2026-08-13 11:30:36 | INFO | M07 | ========================
2026-08-13 11:30:36 | INFO | M07 | YOUR JUDGMENT (write up in README.md and docs/index.md):
2026-08-13 11:30:36 | INFO | M07 |   - What did TF-IDF throw away, and where would that bite you?
2026-08-13 11:30:36 | INFO | M07 |   - What did flattening images throw away, and where would that bite you?
2026-08-13 11:30:36 | INFO | M07 |   - For each, what representation would you reach for next, and why?
2026-08-13 11:30:36 | INFO | M07 | ========================
2026-08-13 11:35:07 | INFO | M07 | Image data: 1797 images, 64 pixel features each
2026-08-13 11:35:07 | INFO | M07 | Classes (digits): [0, 1, 2, 3, 4, 5, 6, 7, 8, 9]
2026-08-13 11:35:07 | INFO | M07 | Image test accuracy: 0.969
2026-08-13 11:35:07 | INFO | M07 | Showing confusion matrix (which digits get confused)
2026-08-13 11:35:07 | INFO | M07 | True digit: 1.0, False digit: 1.0, Max Correlation: 1.0000
2026-08-13 11:35:07 | INFO | M07 | True digit: 1.0, False digit: 1.0, Max Correlation: 1.0000
2026-08-13 11:35:07 | INFO | M07 | True digit: 1.0, False digit: 1.0, Max Correlation: 1.0000
2026-08-13 11:35:07 | INFO | M07 | True digit: 1.0, False digit: 1.0, Max Correlation: 1.0000
2026-08-13 11:35:07 | INFO | M07 | True digit: 1.0, False digit: 1.0, Max Correlation: 1.0000
2026-08-13 11:35:07 | INFO | M07 | True digit: 1.0, False digit: 1.0, Max Correlation: 1.0000
2026-08-13 11:35:07 | INFO | M07 | True digit: 1.0, False digit: 1.0, Max Correlation: 1.0000
2026-08-13 11:35:07 | INFO | M07 | True digit: 1.0, False digit: 1.0, Max Correlation: 1.0000
2026-08-13 11:35:07 | INFO | M07 | True digit: 1.0, False digit: 1.0, Max Correlation: 1.0000
2026-08-13 11:35:07 | INFO | M07 | True digit: 1.0, False digit: 1.0, Max Correlation: 1.0000
2026-08-13 11:35:08 | INFO | M07 | Which digits confuse each other, and does the pixel view explain why?
2026-08-13 11:35:08 | INFO | M07 | Top 10 pixel pairs with highest correlation:
2026-08-13 11:35:08 | INFO | M07 |       Pixel 1  Pixel 2  Correlation
2988       46       44    -0.570196
1226       19       10    -0.526159
1684       26       20    -0.450294
2869       44       53    -0.444927
3435       53       43    -0.442823
1825       28       33    -0.433219
1826       28       34    -0.424507
2797       43       45    -0.407786
1298       20       18    -0.406227
3244       50       44    -0.397180
2026-08-13 11:48:40 | INFO | M07 | Image data: 1797 images, 64 pixel features each
2026-08-13 11:48:40 | INFO | M07 | Classes (digits): [0, 1, 2, 3, 4, 5, 6, 7, 8, 9]
2026-08-13 11:48:40 | INFO | M07 | Image test accuracy: 0.969
2026-08-13 11:48:40 | INFO | M07 | Showing confusion matrix (which digits get confused)
2026-08-13 11:48:40 | INFO | M07 | Pixel: Pixel 1 -> 63
2026-08-13 11:48:40 | INFO | M07 | Pixel: Pixel 2 -> 63
2026-08-13 11:48:40 | INFO | M07 | Pixel: Correlation -> 1.0
2026-08-13 11:48:40 | INFO | M07 | Which digits confuse each other, and does the pixel view explain why?
2026-08-13 11:48:40 | INFO | M07 | Top 10 pixel pairs with highest correlation:
2026-08-13 11:48:40 | INFO | M07 |       Pixel 1  Pixel 2  Correlation
2988       46       44    -0.570196
1226       19       10    -0.526159
1684       26       20    -0.450294
2869       44       53    -0.444927
3435       53       43    -0.442823
1825       28       33    -0.433219
1826       28       34    -0.424507
2797       43       45    -0.407786
1298       20       18    -0.406227
3244       50       44    -0.397180
2026-08-13 11:49:32 | INFO | M07 | Image data: 1797 images, 64 pixel features each
2026-08-13 11:49:32 | INFO | M07 | Classes (digits): [0, 1, 2, 3, 4, 5, 6, 7, 8, 9]
2026-08-13 11:49:32 | INFO | M07 | Image test accuracy: 0.969
2026-08-13 11:49:32 | INFO | M07 | Showing confusion matrix (which digits get confused)
2026-08-13 11:49:32 | INFO | M07 | Pixel: Pixel 1 -> 63
2026-08-13 11:49:32 | INFO | M07 | Pixel: Pixel 2 -> 63
2026-08-13 11:49:32 | INFO | M07 | Pixel: Correlation -> 0.9376226224326414
2026-08-13 11:49:32 | INFO | M07 | Which digits confuse each other, and does the pixel view explain why?
2026-08-13 11:49:32 | INFO | M07 | Top 10 pixel pairs with highest correlation:
2026-08-13 11:49:32 | INFO | M07 |       Pixel 1  Pixel 2  Correlation
2988       46       44    -0.570196
1226       19       10    -0.526159
1684       26       20    -0.450294
2869       44       53    -0.444927
3435       53       43    -0.442823
1825       28       33    -0.433219
1826       28       34    -0.424507
2797       43       45    -0.407786
1298       20       18    -0.406227
3244       50       44    -0.397180
2026-08-13 11:50:21 | INFO | M07 | Image data: 1797 images, 64 pixel features each
2026-08-13 11:50:21 | INFO | M07 | Classes (digits): [0, 1, 2, 3, 4, 5, 6, 7, 8, 9]
2026-08-13 11:50:21 | INFO | M07 | Image test accuracy: 0.969
2026-08-13 11:50:21 | INFO | M07 | Showing confusion matrix (which digits get confused)
2026-08-13 11:50:21 | INFO | M07 | Pixel: Pixel 1 -> 1
2026-08-13 11:50:21 | INFO | M07 | Pixel: Pixel 2 -> 1
2026-08-13 11:50:21 | INFO | M07 | Pixel: Correlation -> -0.5701961520843848
2026-08-13 11:50:21 | INFO | M07 | Which digits confuse each other, and does the pixel view explain why?
2026-08-13 11:50:21 | INFO | M07 | Top 10 pixel pairs with highest correlation:
2026-08-13 11:50:21 | INFO | M07 |       Pixel 1  Pixel 2  Correlation
2988       46       44    -0.570196
1226       19       10    -0.526159
1684       26       20    -0.450294
2869       44       53    -0.444927
3435       53       43    -0.442823
1825       28       33    -0.433219
1826       28       34    -0.424507
2797       43       45    -0.407786
1298       20       18    -0.406227
3244       50       44    -0.397180
2026-08-13 11:56:58 | INFO | M07 | Image data: 1797 images, 64 pixel features each
2026-08-13 11:56:58 | INFO | M07 | Classes (digits): [0, 1, 2, 3, 4, 5, 6, 7, 8, 9]
2026-08-13 11:56:58 | INFO | M07 | Image test accuracy: 0.969
2026-08-13 11:56:58 | INFO | M07 | Showing confusion matrix (which digits get confused)
2026-08-13 11:56:58 | INFO | M07 | Which digits confuse each other, and does the pixel view explain why?
2026-08-13 11:56:58 | INFO | M07 | Top 10 pixel pairs with highest correlation:
2026-08-13 11:56:58 | INFO | M07 | 
      Pixel 1  Pixel 2  Correlation
2988       46       44    -0.570196
1226       19       10    -0.526159
1684       26       20    -0.450294
2869       44       53    -0.444927
3435       53       43    -0.442823
1825       28       33    -0.433219
1826       28       34    -0.424507
2797       43       45    -0.407786
1298       20       18    -0.406227
3244       50       44    -0.397180
2026-08-13 11:57:39 | INFO | M07 | Image data: 1797 images, 64 pixel features each
2026-08-13 11:57:39 | INFO | M07 | Classes (digits): [0, 1, 2, 3, 4, 5, 6, 7, 8, 9]
2026-08-13 11:57:39 | INFO | M07 | Image test accuracy: 0.969
2026-08-13 11:57:39 | INFO | M07 | Showing confusion matrix (which digits get confused)
2026-08-13 11:57:40 | INFO | M07 | Which digits confuse each other, and does the pixel view explain why?
2026-08-13 11:57:40 | INFO | M07 | Top 10 pixel pairs with highest correlation:
2026-08-13 11:57:40 | INFO | M07 | 
      Pixel 1  Pixel 2  Correlation
2988       46       44    -0.570196
1226       19       10    -0.526159
1684       26       20    -0.450294
2869       44       53    -0.444927
3435       53       43    -0.442823
1825       28       33    -0.433219
1826       28       34    -0.424507
2797       43       45    -0.407786
1298       20       18    -0.406227
3244       50       44    -0.397180
2026-08-13 11:59:43 | INFO | M07 | Image data: 1797 images, 64 pixel features each
2026-08-13 11:59:43 | INFO | M07 | Classes (digits): [0, 1, 2, 3, 4, 5, 6, 7, 8, 9]
2026-08-13 11:59:43 | INFO | M07 | Image test accuracy: 0.969
2026-08-13 11:59:43 | INFO | M07 | Showing confusion matrix (which digits get confused)
2026-08-13 11:59:43 | INFO | M07 | Which digits confuse each other, and does the pixel view explain why?
2026-08-13 11:59:43 | INFO | M07 | Top 10 pixel pairs with highest correlation:
2026-08-13 11:59:43 | INFO | M07 | 
      Pixel 1  Pixel 2  Correlation
2988       46       44    -0.570196
1226       19       10    -0.526159
1684       26       20    -0.450294
2869       44       53    -0.444927
3435       53       43    -0.442823
1825       28       33    -0.433219
1826       28       34    -0.424507
2797       43       45    -0.407786
1298       20       18    -0.406227
3244       50       44    -0.397180
2026-08-13 12:01:57 | INFO | M07 | Image data: 1797 images, 64 pixel features each
2026-08-13 12:01:57 | INFO | M07 | Classes (digits): [0, 1, 2, 3, 4, 5, 6, 7, 8, 9]
2026-08-13 12:01:58 | INFO | M07 | Image test accuracy: 0.969
2026-08-13 12:01:58 | INFO | M07 | Showing confusion matrix (which digits get confused)
2026-08-13 12:01:58 | INFO | M07 | Which digits confuse each other, and does the pixel view explain why?
2026-08-13 12:01:58 | INFO | M07 | Top 10 pixel pairs with highest correlation:
2026-08-13 12:01:58 | INFO | M07 | 
      Pixel 1  Pixel 2  Correlation
2988       46       44    -0.570196
1226       19       10    -0.526159
1684       26       20    -0.450294
2869       44       53    -0.444927
3435       53       43    -0.442823
1825       28       33    -0.433219
1826       28       34    -0.424507
2797       43       45    -0.407786
1298       20       18    -0.406227
3244       50       44    -0.397180
2026-08-13 12:03:01 | INFO | M07 | Image data: 1797 images, 64 pixel features each
2026-08-13 12:03:01 | INFO | M07 | Classes (digits): [0, 1, 2, 3, 4, 5, 6, 7, 8, 9]
2026-08-13 12:03:01 | INFO | M07 | Image test accuracy: 0.969
2026-08-13 12:03:01 | INFO | M07 | Showing confusion matrix (which digits get confused)
2026-08-13 12:03:03 | INFO | M07 | Which digits confuse each other, and does the pixel view explain why?
2026-08-13 12:03:03 | INFO | M07 | Top 10 pixel pairs with highest correlation:
2026-08-13 12:03:03 | INFO | M07 | 
      Pixel 1  Pixel 2  Correlation
2988       46       44    -0.570196
1226       19       10    -0.526159
1684       26       20    -0.450294
2869       44       53    -0.444927
3435       53       43    -0.442823
1825       28       33    -0.433219
1826       28       34    -0.424507
2797       43       45    -0.407786
1298       20       18    -0.406227
3244       50       44    -0.397180
2026-08-13 12:03:32 | INFO | M07 | Image data: 1797 images, 64 pixel features each
2026-08-13 12:03:32 | INFO | M07 | Classes (digits): [0, 1, 2, 3, 4, 5, 6, 7, 8, 9]
2026-08-13 12:03:32 | INFO | M07 | Image test accuracy: 0.969
2026-08-13 12:03:32 | INFO | M07 | Showing confusion matrix (which digits get confused)
2026-08-13 12:03:33 | INFO | M07 | Which digits confuse each other, and does the pixel view explain why?
2026-08-13 12:03:33 | INFO | M07 | Top 10 pixel pairs with highest correlation:
2026-08-13 12:03:33 | INFO | M07 | 
      Pixel 1  Pixel 2  Correlation
2988       46       44    -0.570196
1226       19       10    -0.526159
1684       26       20    -0.450294
2869       44       53    -0.444927
3435       53       43    -0.442823
1825       28       33    -0.433219
1826       28       34    -0.424507
2797       43       45    -0.407786
1298       20       18    -0.406227
3244       50       44    -0.397180
2026-08-13 12:04:57 | INFO | M07 | Image data: 1797 images, 64 pixel features each
2026-08-13 12:04:57 | INFO | M07 | Classes (digits): [0, 1, 2, 3, 4, 5, 6, 7, 8, 9]
2026-08-13 12:04:57 | INFO | M07 | Image test accuracy: 0.969
2026-08-13 12:04:57 | INFO | M07 | Showing confusion matrix (which digits get confused)
2026-08-13 12:04:57 | INFO | M07 | Which digits confuse each other, and does the pixel view explain why?
2026-08-13 12:04:57 | INFO | M07 | Top 10 pixel pairs with highest correlation:
2026-08-13 12:04:57 | INFO | M07 | 
      Pixel 1  Pixel 2  Correlation
2988       46       44    -0.570196
1226       19       10    -0.526159
1684       26       20    -0.450294
2869       44       53    -0.444927
3435       53       43    -0.442823
1825       28       33    -0.433219
1826       28       34    -0.424507
2797       43       45    -0.407786
1298       20       18    -0.406227
3244       50       44    -0.397180
2026-08-13 12:08:11 | INFO | M07 | === RUN START ===
2026-08-13 12:08:11 | INFO | M07 | project=M07
2026-08-13 12:08:11 | INFO | M07 | repo_dir=CS44670-Module-7
2026-08-13 12:08:11 | INFO | M07 | python=3.14.7
2026-08-13 12:08:11 | INFO | M07 | os=Windows 11
2026-08-13 12:08:11 | INFO | M07 | shell=powershell
2026-08-13 12:08:11 | INFO | M07 | cwd=notebooks
2026-08-13 12:08:11 | INFO | M07 | github_actions=False
2026-08-13 12:08:11 | INFO | M07 | Confirming installation:
2026-08-13 12:08:11 | INFO | M07 |   python:       3.14.7
2026-08-13 12:08:11 | INFO | M07 |   pandas:       3.0.5
2026-08-13 12:08:11 | INFO | M07 |   numpy:        2.5.2
2026-08-13 12:08:11 | INFO | M07 |   scikit-learn: 1.9.0
2026-08-13 12:08:11 | INFO | M07 |   seaborn:      0.13.2
2026-08-13 12:08:11 | INFO | M07 |   matplotlib:   3.11.1
2026-08-13 12:08:11 | INFO | M07 | Text corpus: 24 documents, classes=['cooking', 'space', 'sports']
2026-08-13 12:08:11 | INFO | M07 | Vocabulary size (features): 107
2026-08-13 12:08:11 | INFO | M07 | Text test accuracy: 0.500
2026-08-13 12:08:11 | INFO | M07 |   predicted 'sports'  <-  'the midfielder scored in the last minute of the game'
2026-08-13 12:08:11 | INFO | M07 |   predicted 'cooking'  <-  'stir the sauce and bake the casserole until golden'
2026-08-13 12:08:11 | INFO | M07 | TF-IDF ignored word order. Did any misread sentence reveal that limit?
2026-08-13 12:08:11 | INFO | M07 | Image data: 1797 images, 64 pixel features each
2026-08-13 12:08:11 | INFO | M07 | Classes (digits): [0, 1, 2, 3, 4, 5, 6, 7, 8, 9]
2026-08-13 12:08:12 | INFO | M07 | Image test accuracy: 0.969
2026-08-13 12:08:12 | INFO | M07 | Showing confusion matrix (which digits get confused)
2026-08-13 12:08:12 | INFO | M07 | Which digits confuse each other, and does the pixel view explain why?
2026-08-13 12:08:12 | INFO | M07 | Top 10 pixel pairs with highest correlation:
2026-08-13 12:08:12 | INFO | M07 | 
      Pixel 1  Pixel 2  Correlation
2988       46       44    -0.570196
1226       19       10    -0.526159
1684       26       20    -0.450294
2869       44       53    -0.444927
3435       53       43    -0.442823
1825       28       33    -0.433219
1826       28       34    -0.424507
2797       43       45    -0.407786
1298       20       18    -0.406227
3244       50       44    -0.397180
2026-08-13 12:08:12 | INFO | M07 | ========================
2026-08-13 12:08:12 | INFO | M07 | SUMMARY
2026-08-13 12:08:12 | INFO | M07 | ========================
2026-08-13 12:08:12 | INFO | M07 | Text:   TF-IDF + MultinomialNB on a labeled corpus
2026-08-13 12:08:12 | INFO | M07 | Image:  pixel features + LogisticRegression on digit images
2026-08-13 12:08:12 | INFO | M07 | Same skeleton both times; only the representation changed.
2026-08-13 12:08:12 | INFO | M07 | ========================
2026-08-13 12:08:12 | INFO | M07 | YOUR JUDGMENT (write up in README.md and docs/index.md):
2026-08-13 12:08:12 | INFO | M07 |   - What did TF-IDF throw away, and where would that bite you?
2026-08-13 12:08:12 | INFO | M07 |   - What did flattening images throw away, and where would that bite you?
2026-08-13 12:08:12 | INFO | M07 |   - For each, what representation would you reach for next, and why?
2026-08-13 12:08:12 | INFO | M07 | ========================
2026-08-13 12:09:37 | INFO | M07 | Image data: 1797 images, 64 pixel features each
2026-08-13 12:09:37 | INFO | M07 | Classes (digits): [0, 1, 2, 3, 4, 5, 6, 7, 8, 9]
2026-08-13 12:09:38 | INFO | M07 | Image test accuracy: 0.969
2026-08-13 12:09:38 | INFO | M07 | Showing confusion matrix (which digits get confused)
2026-08-13 12:09:38 | INFO | M07 | Which digits confuse each other, and does the pixel view explain why?
2026-08-13 12:09:38 | INFO | M07 | Top 10 pixel pairs with highest correlation:
2026-08-13 12:09:38 | INFO | M07 | 
      Pixel 1  Pixel 2  Correlation
186         2       58     0.937623
121         1       57     0.855610
3779       59        3     0.767945
1357       21       13     0.732505
902        14        6     0.730296
463         7       15     0.711073
3517       54       61     0.707519
2153       33       41     0.670915
2998       46       54     0.664351
983        15       23     0.658243
2026-08-13 12:13:59 | INFO | M07 | Image data: 1797 images, 64 pixel features each
2026-08-13 12:13:59 | INFO | M07 | Classes (digits): [0, 1, 2, 3, 4, 5, 6, 7, 8, 9]
2026-08-13 12:13:59 | INFO | M07 | Image test accuracy: 0.969
2026-08-13 12:13:59 | INFO | M07 | Showing confusion matrix (which digits get confused)
2026-08-13 12:14:14 | INFO | M07 | Image data: 1797 images, 64 pixel features each
2026-08-13 12:14:14 | INFO | M07 | Classes (digits): [0, 1, 2, 3, 4, 5, 6, 7, 8, 9]
2026-08-13 12:14:14 | INFO | M07 | Image test accuracy: 0.969
2026-08-13 12:14:14 | INFO | M07 | Showing confusion matrix (which digits get confused)
2026-08-13 12:14:15 | INFO | M07 | True Digit: , False Digit:  -> Correlation: Pixel 1         1.00000
Pixel 2        57.00000
Correlation     0.85561
Name: 121, dtype: float64
2026-08-13 12:14:15 | INFO | M07 | Which digits confuse each other, and does the pixel view explain why?
2026-08-13 12:14:15 | INFO | M07 | Top 10 pixel pairs with highest correlation:
2026-08-13 12:14:15 | INFO | M07 | 
      Pixel 1  Pixel 2  Correlation
186         2       58     0.937623
121         1       57     0.855610
3779       59        3     0.767945
1357       21       13     0.732505
902        14        6     0.730296
463         7       15     0.711073
3517       54       61     0.707519
2153       33       41     0.670915
2998       46       54     0.664351
983        15       23     0.658243
2026-08-13 12:15:22 | INFO | M07 | Image data: 1797 images, 64 pixel features each
2026-08-13 12:15:22 | INFO | M07 | Classes (digits): [0, 1, 2, 3, 4, 5, 6, 7, 8, 9]
2026-08-13 12:15:22 | INFO | M07 | Image test accuracy: 0.969
2026-08-13 12:15:23 | INFO | M07 | Showing confusion matrix (which digits get confused)
2026-08-13 12:15:46 | INFO | M07 | Image data: 1797 images, 64 pixel features each
2026-08-13 12:15:46 | INFO | M07 | Classes (digits): [0, 1, 2, 3, 4, 5, 6, 7, 8, 9]
2026-08-13 12:15:46 | INFO | M07 | Image test accuracy: 0.969
2026-08-13 12:15:46 | INFO | M07 | Showing confusion matrix (which digits get confused)
2026-08-13 12:15:46 | INFO | M07 | 
Pixel 1         1.00000
Pixel 2        57.00000
Correlation     0.85561
Name: 121, dtype: float64
2026-08-13 12:15:46 | INFO | M07 | 
Pixel 1         2.000000
Pixel 2        58.000000
Correlation     0.937623
Name: 186, dtype: float64
2026-08-13 12:15:46 | INFO | M07 | 
Pixel 1         3.000000
Pixel 2        59.000000
Correlation     0.767945
Name: 251, dtype: float64
2026-08-13 12:15:46 | INFO | M07 | 
Pixel 1        4.000000
Pixel 2        5.000000
Correlation    0.507731
Name: 261, dtype: float64
2026-08-13 12:15:46 | INFO | M07 | 
Pixel 1        5.000000
Pixel 2        6.000000
Correlation    0.607309
Name: 326, dtype: float64
2026-08-13 12:15:47 | INFO | M07 | 
Pixel 1         6.000000
Pixel 2        14.000000
Correlation     0.730296
Name: 398, dtype: float64
2026-08-13 12:15:47 | INFO | M07 | 
Pixel 1         7.000000
Pixel 2        15.000000
Correlation     0.711073
Name: 463, dtype: float64
2026-08-13 12:15:47 | INFO | M07 | 
Pixel 1         8.000000
Pixel 2        16.000000
Correlation     0.281614
Name: 528, dtype: float64
2026-08-13 12:15:47 | INFO | M07 | 
Pixel 1         9.000000
Pixel 2        17.000000
Correlation     0.609995
Name: 593, dtype: float64
2026-08-13 12:15:47 | INFO | M07 | 
Pixel 1        10.000000
Pixel 2        59.000000
Correlation     0.634092
Name: 699, dtype: float64
2026-08-13 12:15:47 | INFO | M07 | Which digits confuse each other, and does the pixel view explain why?
2026-08-13 12:15:47 | INFO | M07 | Top 10 pixel pairs with highest correlation:
2026-08-13 12:15:47 | INFO | M07 | 
      Pixel 1  Pixel 2  Correlation
186         2       58     0.937623
121         1       57     0.855610
3779       59        3     0.767945
1357       21       13     0.732505
902        14        6     0.730296
463         7       15     0.711073
3517       54       61     0.707519
2153       33       41     0.670915
2998       46       54     0.664351
983        15       23     0.658243
2026-08-13 12:19:41 | INFO | M07 | Image data: 1797 images, 64 pixel features each
2026-08-13 12:19:41 | INFO | M07 | Classes (digits): [0, 1, 2, 3, 4, 5, 6, 7, 8, 9]
2026-08-13 12:19:41 | INFO | M07 | Image test accuracy: 0.969
2026-08-13 12:19:41 | INFO | M07 | Showing confusion matrix (which digits get confused)
2026-08-13 12:20:39 | INFO | M07 | Image data: 1797 images, 64 pixel features each
2026-08-13 12:20:39 | INFO | M07 | Classes (digits): [0, 1, 2, 3, 4, 5, 6, 7, 8, 9]
2026-08-13 12:20:39 | INFO | M07 | Image test accuracy: 0.969
2026-08-13 12:20:39 | INFO | M07 | Showing confusion matrix (which digits get confused)
2026-08-13 12:20:40 | INFO | M07 | 
Pixel 1         1.00000
Pixel 2        57.00000
Correlation     0.85561
Name: 121, dtype: float64
2026-08-13 12:20:40 | INFO | M07 | 
Pixel 1         2.000000
Pixel 2        58.000000
Correlation     0.937623
Name: 186, dtype: float64
2026-08-13 12:20:40 | INFO | M07 | 
Pixel 1         3.000000
Pixel 2        59.000000
Correlation     0.767945
Name: 251, dtype: float64
2026-08-13 12:20:40 | INFO | M07 | 
Pixel 1        4.000000
Pixel 2        5.000000
Correlation    0.507731
Name: 261, dtype: float64
2026-08-13 12:20:40 | INFO | M07 | 
Pixel 1        5.000000
Pixel 2        6.000000
Correlation    0.607309
Name: 326, dtype: float64
2026-08-13 12:20:40 | INFO | M07 | 
Pixel 1         6.000000
Pixel 2        14.000000
Correlation     0.730296
Name: 398, dtype: float64
2026-08-13 12:20:40 | INFO | M07 | 
Pixel 1         7.000000
Pixel 2        15.000000
Correlation     0.711073
Name: 463, dtype: float64
2026-08-13 12:20:40 | INFO | M07 | 
Pixel 1         8.000000
Pixel 2        16.000000
Correlation     0.281614
Name: 528, dtype: float64
2026-08-13 12:20:40 | INFO | M07 | 
Pixel 1         9.000000
Pixel 2        17.000000
Correlation     0.609995
Name: 593, dtype: float64
2026-08-13 12:20:40 | INFO | M07 | 
Pixel 1        10.000000
Pixel 2        59.000000
Correlation     0.634092
Name: 699, dtype: float64
2026-08-13 12:20:40 | INFO | M07 | Which digits confuse each other, and does the pixel view explain why?
2026-08-13 12:20:40 | INFO | M07 | Top 10 pixel pairs with highest correlation:
2026-08-13 12:20:40 | INFO | M07 | 
      Pixel 1  Pixel 2  Correlation
186         2       58     0.937623
121         1       57     0.855610
3779       59        3     0.767945
1357       21       13     0.732505
902        14        6     0.730296
463         7       15     0.711073
3517       54       61     0.707519
2153       33       41     0.670915
2998       46       54     0.664351
983        15       23     0.658243
2026-08-13 12:29:05 | INFO | M07 | Image data: 1797 images, 64 pixel features each
2026-08-13 12:29:05 | INFO | M07 | Classes (digits): [0, 1, 2, 3, 4, 5, 6, 7, 8, 9]
2026-08-13 12:29:06 | INFO | M07 | Image test accuracy: 0.969
2026-08-13 12:29:06 | INFO | M07 | Showing confusion matrix (which digits get confused)
2026-08-13 12:29:06 | INFO | M07 | 
Pixel 1        1.000000
Pixel 2        2.000000
Correlation    0.556618
Name: 66, dtype: float64
2026-08-13 12:29:06 | INFO | M07 | 
Pixel 1         2.000000
Pixel 2        10.000000
Correlation     0.631467
Name: 138, dtype: float64
2026-08-13 12:29:06 | INFO | M07 | 
Pixel 1         3.00000
Pixel 2        10.00000
Correlation     0.59648
Name: 202, dtype: float64
2026-08-13 12:29:06 | INFO | M07 | 
Pixel 1        4.000000
Pixel 2        5.000000
Correlation    0.507731
Name: 261, dtype: float64
2026-08-13 12:29:06 | INFO | M07 | 
Pixel 1        5.000000
Pixel 2        6.000000
Correlation    0.607309
Name: 326, dtype: float64
2026-08-13 12:29:06 | INFO | M07 | 
Pixel 1        6.000000
Pixel 2        5.000000
Correlation    0.607309
Name: 389, dtype: float64
2026-08-13 12:29:06 | INFO | M07 | 
Pixel 1        7.000000
Pixel 2        6.000000
Correlation    0.487961
Name: 454, dtype: float64
2026-08-13 12:29:06 | INFO | M07 | 
Pixel 1        8.000000
Pixel 2        9.000000
Correlation    0.223831
Name: 521, dtype: float64
2026-08-13 12:29:06 | INFO | M07 | 
Pixel 1        9.000000
Pixel 2        2.000000
Correlation    0.582259
Name: 578, dtype: float64
2026-08-13 12:29:06 | INFO | M07 | 
Pixel 1        10.000000
Pixel 2         2.000000
Correlation     0.631467
Name: 642, dtype: float64
2026-08-13 12:29:06 | INFO | M07 | Which digits confuse each other, and does the pixel view explain why?
2026-08-13 12:29:06 | INFO | M07 | Top 10 pixel pairs with highest correlation:
2026-08-13 12:29:06 | INFO | M07 | 
      Pixel 1  Pixel 2  Correlation
186         2       58     0.937623
121         1       57     0.855610
3779       59        3     0.767945
1357       21       13     0.732505
902        14        6     0.730296
463         7       15     0.711073
3517       54       61     0.707519
2153       33       41     0.670915
2998       46       54     0.664351
983        15       23     0.658243
2026-08-13 12:29:25 | INFO | M07 | === RUN START ===
2026-08-13 12:29:25 | INFO | M07 | project=M07
2026-08-13 12:29:25 | INFO | M07 | repo_dir=CS44670-Module-7
2026-08-13 12:29:25 | INFO | M07 | python=3.14.7
2026-08-13 12:29:25 | INFO | M07 | os=Windows 11
2026-08-13 12:29:25 | INFO | M07 | shell=powershell
2026-08-13 12:29:25 | INFO | M07 | cwd=notebooks
2026-08-13 12:29:25 | INFO | M07 | github_actions=False
2026-08-13 12:29:25 | INFO | M07 | Confirming installation:
2026-08-13 12:29:25 | INFO | M07 |   python:       3.14.7
2026-08-13 12:29:25 | INFO | M07 |   pandas:       3.0.5
2026-08-13 12:29:25 | INFO | M07 |   numpy:        2.5.2
2026-08-13 12:29:25 | INFO | M07 |   scikit-learn: 1.9.0
2026-08-13 12:29:25 | INFO | M07 |   seaborn:      0.13.2
2026-08-13 12:29:25 | INFO | M07 |   matplotlib:   3.11.1
2026-08-13 12:29:25 | INFO | M07 | Text corpus: 24 documents, classes=['cooking', 'space', 'sports']
2026-08-13 12:29:25 | INFO | M07 | Vocabulary size (features): 107
2026-08-13 12:29:25 | INFO | M07 | Text test accuracy: 0.500
2026-08-13 12:29:25 | INFO | M07 |   predicted 'sports'  <-  'the midfielder scored in the last minute of the game'
2026-08-13 12:29:25 | INFO | M07 |   predicted 'cooking'  <-  'stir the sauce and bake the casserole until golden'
2026-08-13 12:29:25 | INFO | M07 | TF-IDF ignored word order. Did any misread sentence reveal that limit?
2026-08-13 12:29:25 | INFO | M07 | Image data: 1797 images, 64 pixel features each
2026-08-13 12:29:25 | INFO | M07 | Classes (digits): [0, 1, 2, 3, 4, 5, 6, 7, 8, 9]
2026-08-13 12:29:25 | INFO | M07 | Image test accuracy: 0.969
2026-08-13 12:29:25 | INFO | M07 | Showing confusion matrix (which digits get confused)
2026-08-13 12:29:25 | INFO | M07 | 
Pixel 1        1.000000
Pixel 2        2.000000
Correlation    0.556618
Name: 66, dtype: float64
2026-08-13 12:29:26 | INFO | M07 | 
Pixel 1         2.000000
Pixel 2        10.000000
Correlation     0.631467
Name: 138, dtype: float64
2026-08-13 12:29:26 | INFO | M07 | 
Pixel 1         3.00000
Pixel 2        10.00000
Correlation     0.59648
Name: 202, dtype: float64
2026-08-13 12:29:26 | INFO | M07 | 
Pixel 1        4.000000
Pixel 2        5.000000
Correlation    0.507731
Name: 261, dtype: float64
2026-08-13 12:29:26 | INFO | M07 | 
Pixel 1        5.000000
Pixel 2        6.000000
Correlation    0.607309
Name: 326, dtype: float64
2026-08-13 12:29:26 | INFO | M07 | 
Pixel 1        6.000000
Pixel 2        5.000000
Correlation    0.607309
Name: 389, dtype: float64
2026-08-13 12:29:26 | INFO | M07 | 
Pixel 1        7.000000
Pixel 2        6.000000
Correlation    0.487961
Name: 454, dtype: float64
2026-08-13 12:29:26 | INFO | M07 | 
Pixel 1        8.000000
Pixel 2        9.000000
Correlation    0.223831
Name: 521, dtype: float64
2026-08-13 12:29:26 | INFO | M07 | 
Pixel 1        9.000000
Pixel 2        2.000000
Correlation    0.582259
Name: 578, dtype: float64
2026-08-13 12:29:26 | INFO | M07 | 
Pixel 1        10.000000
Pixel 2         2.000000
Correlation     0.631467
Name: 642, dtype: float64
2026-08-13 12:29:26 | INFO | M07 | Which digits confuse each other, and does the pixel view explain why?
2026-08-13 12:29:26 | INFO | M07 | Top 10 pixel pairs with highest correlation:
2026-08-13 12:29:26 | INFO | M07 | 
      Pixel 1  Pixel 2  Correlation
186         2       58     0.937623
121         1       57     0.855610
3779       59        3     0.767945
1357       21       13     0.732505
902        14        6     0.730296
463         7       15     0.711073
3517       54       61     0.707519
2153       33       41     0.670915
2998       46       54     0.664351
983        15       23     0.658243
2026-08-13 12:29:26 | INFO | M07 | ========================
2026-08-13 12:29:26 | INFO | M07 | SUMMARY
2026-08-13 12:29:26 | INFO | M07 | ========================
2026-08-13 12:29:26 | INFO | M07 | Text:   TF-IDF + MultinomialNB on a labeled corpus
2026-08-13 12:29:26 | INFO | M07 | Image:  pixel features + LogisticRegression on digit images
2026-08-13 12:29:26 | INFO | M07 | Same skeleton both times; only the representation changed.
2026-08-13 12:29:26 | INFO | M07 | ========================
2026-08-13 12:29:26 | INFO | M07 | YOUR JUDGMENT (write up in README.md and docs/index.md):
2026-08-13 12:29:26 | INFO | M07 |   - What did TF-IDF throw away, and where would that bite you?
2026-08-13 12:29:26 | INFO | M07 |   - What did flattening images throw away, and where would that bite you?
2026-08-13 12:29:26 | INFO | M07 |   - For each, what representation would you reach for next, and why?
2026-08-13 12:29:26 | INFO | M07 | ========================
2026-08-13 12:29:48 | INFO | M07 | Image data: 1797 images, 64 pixel features each
2026-08-13 12:29:48 | INFO | M07 | Classes (digits): [0, 1, 2, 3, 4, 5, 6, 7, 8, 9]
2026-08-13 12:29:48 | INFO | M07 | Image test accuracy: 0.969
2026-08-13 12:29:48 | INFO | M07 | Showing confusion matrix (which digits get confused)
2026-08-13 12:29:48 | INFO | M07 | 
Pixel 1        1.000000
Pixel 2        2.000000
Correlation    0.556618
Name: 66, dtype: float64
2026-08-13 12:29:48 | INFO | M07 | 
Pixel 1         2.000000
Pixel 2        10.000000
Correlation     0.631467
Name: 138, dtype: float64
2026-08-13 12:29:48 | INFO | M07 | 
Pixel 1         3.00000
Pixel 2        10.00000
Correlation     0.59648
Name: 202, dtype: float64
2026-08-13 12:29:48 | INFO | M07 | 
Pixel 1        4.000000
Pixel 2        5.000000
Correlation    0.507731
Name: 261, dtype: float64
2026-08-13 12:29:48 | INFO | M07 | 
Pixel 1        5.000000
Pixel 2        6.000000
Correlation    0.607309
Name: 326, dtype: float64
2026-08-13 12:29:48 | INFO | M07 | 
Pixel 1        6.000000
Pixel 2        5.000000
Correlation    0.607309
Name: 389, dtype: float64
2026-08-13 12:29:48 | INFO | M07 | 
Pixel 1        7.000000
Pixel 2        6.000000
Correlation    0.487961
Name: 454, dtype: float64
2026-08-13 12:29:48 | INFO | M07 | 
Pixel 1        8.000000
Pixel 2        9.000000
Correlation    0.223831
Name: 521, dtype: float64
2026-08-13 12:29:48 | INFO | M07 | 
Pixel 1        9.000000
Pixel 2        2.000000
Correlation    0.582259
Name: 578, dtype: float64
2026-08-13 12:29:49 | INFO | M07 | Which digits confuse each other, and does the pixel view explain why?
2026-08-13 12:29:49 | INFO | M07 | Top 10 pixel pairs with highest correlation:
2026-08-13 12:29:49 | INFO | M07 | 
      Pixel 1  Pixel 2  Correlation
186         2       58     0.937623
121         1       57     0.855610
3779       59        3     0.767945
1357       21       13     0.732505
902        14        6     0.730296
463         7       15     0.711073
3517       54       61     0.707519
2153       33       41     0.670915
2998       46       54     0.664351
983        15       23     0.658243
2026-08-13 12:37:16 | INFO | M07 | Image data: 1797 images, 64 pixel features each
2026-08-13 12:37:16 | INFO | M07 | Classes (digits): [0, 1, 2, 3, 4, 5, 6, 7, 8, 9]
2026-08-13 12:37:16 | INFO | M07 | Image test accuracy: 0.969
2026-08-13 12:37:16 | INFO | M07 | Showing confusion matrix (which digits get confused)
2026-08-13 12:38:32 | INFO | M07 | === RUN START ===
2026-08-13 12:38:32 | INFO | M07 | project=M07
2026-08-13 12:38:32 | INFO | M07 | repo_dir=CS44670-Module-7
2026-08-13 12:38:32 | INFO | M07 | python=3.14.7
2026-08-13 12:38:32 | INFO | M07 | os=Windows 11
2026-08-13 12:38:32 | INFO | M07 | shell=powershell
2026-08-13 12:38:32 | INFO | M07 | cwd=notebooks
2026-08-13 12:38:32 | INFO | M07 | github_actions=False
2026-08-13 12:38:32 | INFO | M07 | Confirming installation:
2026-08-13 12:38:32 | INFO | M07 |   python:       3.14.7
2026-08-13 12:38:32 | INFO | M07 |   pandas:       3.0.5
2026-08-13 12:38:32 | INFO | M07 |   numpy:        2.5.2
2026-08-13 12:38:32 | INFO | M07 |   scikit-learn: 1.9.0
2026-08-13 12:38:32 | INFO | M07 |   seaborn:      0.13.2
2026-08-13 12:38:32 | INFO | M07 |   matplotlib:   3.11.1
2026-08-13 12:38:32 | INFO | M07 | Text corpus: 24 documents, classes=['cooking', 'space', 'sports']
2026-08-13 12:38:32 | INFO | M07 | Vocabulary size (features): 107
2026-08-13 12:38:32 | INFO | M07 | Text test accuracy: 0.500
2026-08-13 12:38:32 | INFO | M07 |   predicted 'sports'  <-  'the midfielder scored in the last minute of the game'
2026-08-13 12:38:32 | INFO | M07 |   predicted 'cooking'  <-  'stir the sauce and bake the casserole until golden'
2026-08-13 12:38:32 | INFO | M07 | TF-IDF ignored word order. Did any misread sentence reveal that limit?
2026-08-13 12:38:32 | INFO | M07 | Image data: 1797 images, 64 pixel features each
2026-08-13 12:38:32 | INFO | M07 | Classes (digits): [0, 1, 2, 3, 4, 5, 6, 7, 8, 9]
2026-08-13 12:38:32 | INFO | M07 | Image test accuracy: 0.969
2026-08-13 12:38:32 | INFO | M07 | Showing confusion matrix (which digits get confused)
2026-08-13 12:39:45 | INFO | M07 | Image data: 1797 images, 64 pixel features each
2026-08-13 12:39:45 | INFO | M07 | Classes (digits): [0, 1, 2, 3, 4, 5, 6, 7, 8, 9]
2026-08-13 12:39:46 | INFO | M07 | Image test accuracy: 0.969
2026-08-13 12:39:46 | INFO | M07 | Showing confusion matrix (which digits get confused)
2026-08-13 12:39:58 | INFO | M07 | Image data: 1797 images, 64 pixel features each
2026-08-13 12:39:58 | INFO | M07 | Classes (digits): [0, 1, 2, 3, 4, 5, 6, 7, 8, 9]
2026-08-13 12:39:58 | INFO | M07 | Image test accuracy: 0.969
2026-08-13 12:39:58 | INFO | M07 | Showing confusion matrix (which digits get confused)
2026-08-13 12:40:10 | INFO | M07 | Image data: 1797 images, 64 pixel features each
2026-08-13 12:40:10 | INFO | M07 | Classes (digits): [0, 1, 2, 3, 4, 5, 6, 7, 8, 9]
2026-08-13 12:40:10 | INFO | M07 | Image test accuracy: 0.969
2026-08-13 12:40:10 | INFO | M07 | Showing confusion matrix (which digits get confused)
2026-08-13 12:40:22 | INFO | M07 | Image data: 1797 images, 64 pixel features each
2026-08-13 12:40:22 | INFO | M07 | Classes (digits): [0, 1, 2, 3, 4, 5, 6, 7, 8, 9]
2026-08-13 12:40:22 | INFO | M07 | Image test accuracy: 0.969
2026-08-13 12:40:22 | INFO | M07 | Showing confusion matrix (which digits get confused)
2026-08-13 12:43:45 | INFO | M07 | Image data: 1797 images, 64 pixel features each
2026-08-13 12:43:45 | INFO | M07 | Classes (digits): [0, 1, 2, 3, 4, 5, 6, 7, 8, 9]
2026-08-13 12:43:46 | INFO | M07 | Image test accuracy: 0.969
2026-08-13 12:43:46 | INFO | M07 | Showing confusion matrix (which digits get confused)
2026-08-13 12:43:46 | INFO | M07 | Matthews correlation coefficient (MCC): 0.966
2026-08-13 12:43:46 | INFO | M07 | 
Pixel 1        1.000000
Pixel 2        2.000000
Correlation    0.556618
Name: 66, dtype: float64
2026-08-13 12:43:46 | INFO | M07 | 
Pixel 1         2.000000
Pixel 2        10.000000
Correlation     0.631467
Name: 138, dtype: float64
2026-08-13 12:43:46 | INFO | M07 | 
Pixel 1         3.00000
Pixel 2        10.00000
Correlation     0.59648
Name: 202, dtype: float64
2026-08-13 12:43:46 | INFO | M07 | 
Pixel 1        4.000000
Pixel 2        5.000000
Correlation    0.507731
Name: 261, dtype: float64
2026-08-13 12:43:46 | INFO | M07 | 
Pixel 1        5.000000
Pixel 2        6.000000
Correlation    0.607309
Name: 326, dtype: float64
2026-08-13 12:43:46 | INFO | M07 | 
Pixel 1        6.000000
Pixel 2        5.000000
Correlation    0.607309
Name: 389, dtype: float64
2026-08-13 12:43:46 | INFO | M07 | 
Pixel 1        7.000000
Pixel 2        6.000000
Correlation    0.487961
Name: 454, dtype: float64
2026-08-13 12:43:46 | INFO | M07 | 
Pixel 1        8.000000
Pixel 2        9.000000
Correlation    0.223831
Name: 521, dtype: float64
2026-08-13 12:43:46 | INFO | M07 | 
Pixel 1        9.000000
Pixel 2        2.000000
Correlation    0.582259
Name: 578, dtype: float64
2026-08-13 12:43:46 | INFO | M07 | Which digits confuse each other, and does the pixel view explain why?
2026-08-13 12:43:46 | INFO | M07 | Top 10 pixel pairs with highest correlation:
2026-08-13 12:43:46 | INFO | M07 | 
      Pixel 1  Pixel 2  Correlation
186         2       58     0.937623
121         1       57     0.855610
3779       59        3     0.767945
1357       21       13     0.732505
902        14        6     0.730296
463         7       15     0.711073
3517       54       61     0.707519
2153       33       41     0.670915
2998       46       54     0.664351
983        15       23     0.658243
2026-08-13 12:47:30 | INFO | M07 | Image data: 1797 images, 64 pixel features each
2026-08-13 12:47:30 | INFO | M07 | Classes (digits): [0, 1, 2, 3, 4, 5, 6, 7, 8, 9]
2026-08-13 12:47:31 | INFO | M07 | Image test accuracy: 0.969
2026-08-13 12:47:31 | INFO | M07 | Showing confusion matrix (which digits get confused)
2026-08-13 12:47:31 | INFO | M07 | Matthews correlation coefficient (MCC): 0.966
2026-08-13 12:47:31 | INFO | M07 | Which digits confuse each other, and does the pixel view explain why?
2026-08-13 12:47:31 | INFO | M07 | Top 10 pixel pairs with highest correlation:
2026-08-13 12:47:31 | INFO | M07 | 
      Pixel 1  Pixel 2  Correlation
186         2       58     0.937623
121         1       57     0.855610
3779       59        3     0.767945
1357       21       13     0.732505
902        14        6     0.730296
463         7       15     0.711073
3517       54       61     0.707519
2153       33       41     0.670915
2998       46       54     0.664351
983        15       23     0.658243
2026-08-13 14:00:53 | INFO | M07 | === RUN START ===
2026-08-13 14:00:53 | INFO | M07 | project=M07
2026-08-13 14:00:53 | INFO | M07 | repo_dir=CS44670-Module-7
2026-08-13 14:00:53 | INFO | M07 | python=3.14.7
2026-08-13 14:00:53 | INFO | M07 | os=Windows 11
2026-08-13 14:00:53 | INFO | M07 | shell=powershell
2026-08-13 14:00:53 | INFO | M07 | cwd=notebooks
2026-08-13 14:00:53 | INFO | M07 | github_actions=False
2026-08-13 14:00:53 | INFO | M07 | Confirming installation:
2026-08-13 14:00:53 | INFO | M07 |   python:       3.14.7
2026-08-13 14:00:53 | INFO | M07 |   pandas:       3.0.5
2026-08-13 14:00:53 | INFO | M07 |   numpy:        2.5.2
2026-08-13 14:00:53 | INFO | M07 |   scikit-learn: 1.9.0
2026-08-13 14:00:53 | INFO | M07 |   seaborn:      0.13.2
2026-08-13 14:00:53 | INFO | M07 |   matplotlib:   3.11.1
2026-08-13 14:00:53 | INFO | M07 | Text corpus: 24 documents, classes=['cooking', 'space', 'sports']
2026-08-13 14:00:53 | INFO | M07 | Vocabulary size (features): 107
2026-08-13 14:00:53 | INFO | M07 | Text test accuracy: 0.500
2026-08-13 14:00:53 | INFO | M07 |   predicted 'sports'  <-  'the midfielder scored in the last minute of the game'
2026-08-13 14:00:53 | INFO | M07 |   predicted 'cooking'  <-  'stir the sauce and bake the casserole until golden'
2026-08-13 14:00:53 | INFO | M07 | TF-IDF ignored word order. Did any misread sentence reveal that limit?
2026-08-13 14:00:53 | INFO | M07 | Image data: 1797 images, 64 pixel features each
2026-08-13 14:00:53 | INFO | M07 | Classes (digits): [0, 1, 2, 3, 4, 5, 6, 7, 8, 9]
2026-08-13 14:00:53 | INFO | M07 | Image test accuracy: 0.969
2026-08-13 14:00:53 | INFO | M07 | Showing confusion matrix (which digits get confused)
2026-08-13 14:00:53 | INFO | M07 | Matthews correlation coefficient (MCC): 0.966
2026-08-13 14:00:53 | INFO | M07 | 
Pixel 1        1.000000
Pixel 2        2.000000
Correlation    0.556618
Name: 66, dtype: float64
2026-08-13 14:00:54 | INFO | M07 | 
Pixel 1         2.000000
Pixel 2        10.000000
Correlation     0.631467
Name: 138, dtype: float64
2026-08-13 14:00:54 | INFO | M07 | 
Pixel 1         3.00000
Pixel 2        10.00000
Correlation     0.59648
Name: 202, dtype: float64
2026-08-13 14:00:54 | INFO | M07 | 
Pixel 1        4.000000
Pixel 2        5.000000
Correlation    0.507731
Name: 261, dtype: float64
2026-08-13 14:00:54 | INFO | M07 | 
Pixel 1        5.000000
Pixel 2        6.000000
Correlation    0.607309
Name: 326, dtype: float64
2026-08-13 14:00:54 | INFO | M07 | 
Pixel 1        6.000000
Pixel 2        5.000000
Correlation    0.607309
Name: 389, dtype: float64
2026-08-13 14:00:54 | INFO | M07 | 
Pixel 1        7.000000
Pixel 2        6.000000
Correlation    0.487961
Name: 454, dtype: float64
2026-08-13 14:00:54 | INFO | M07 | 
Pixel 1        8.000000
Pixel 2        9.000000
Correlation    0.223831
Name: 521, dtype: float64
2026-08-13 14:00:54 | INFO | M07 | 
Pixel 1        9.000000
Pixel 2        2.000000
Correlation    0.582259
Name: 578, dtype: float64
2026-08-13 14:00:54 | INFO | M07 | Which digits confuse each other, and does the pixel view explain why?
2026-08-13 14:00:54 | INFO | M07 | Top 10 pixel pairs with highest correlation:
2026-08-13 14:00:54 | INFO | M07 | 
      Pixel 1  Pixel 2  Correlation
186         2       58     0.937623
121         1       57     0.855610
3779       59        3     0.767945
1357       21       13     0.732505
902        14        6     0.730296
463         7       15     0.711073
3517       54       61     0.707519
2153       33       41     0.670915
2998       46       54     0.664351
983        15       23     0.658243
2026-08-13 14:00:54 | INFO | M07 | ========================
2026-08-13 14:00:54 | INFO | M07 | SUMMARY
2026-08-13 14:00:54 | INFO | M07 | ========================
2026-08-13 14:00:54 | INFO | M07 | Text:   TF-IDF + MultinomialNB on a labeled corpus
2026-08-13 14:00:54 | INFO | M07 | Image:  pixel features + LogisticRegression on digit images
2026-08-13 14:00:54 | INFO | M07 | Same skeleton both times; only the representation changed.
2026-08-13 14:00:54 | INFO | M07 | ========================
2026-08-13 14:00:54 | INFO | M07 | YOUR JUDGMENT (write up in README.md and docs/index.md):
2026-08-13 14:00:54 | INFO | M07 |   - What did TF-IDF throw away, and where would that bite you?
2026-08-13 14:00:54 | INFO | M07 |   - What did flattening images throw away, and where would that bite you?
2026-08-13 14:00:54 | INFO | M07 |   - For each, what representation would you reach for next, and why?
2026-08-13 14:00:54 | INFO | M07 | ========================
2026-08-13 14:06:46 | INFO | M07 | Text corpus: 24 documents, classes=['cooking', 'space', 'sports']
2026-08-13 14:06:46 | INFO | M07 | Vocabulary size (features): 107
2026-08-13 14:06:46 | INFO | M07 | Text test accuracy: 0.500
2026-08-13 14:06:46 | INFO | M07 | MCC: 0.26111648393354675
2026-08-13 14:06:46 | INFO | M07 |   predicted 'sports'  <-  'the midfielder scored in the last minute of the game'
2026-08-13 14:06:46 | INFO | M07 |   predicted 'cooking'  <-  'stir the sauce and bake the casserole until golden'
2026-08-13 14:06:46 | INFO | M07 | TF-IDF ignored word order. Did any misread sentence reveal that limit?
2026-08-13 14:12:46 | INFO | M07 | Text corpus: 24 documents, classes=['cooking', 'space', 'sports']
2026-08-13 14:12:46 | INFO | M07 | Vocabulary size (features): 107
2026-08-13 14:12:46 | INFO | M07 | Text test accuracy: 0.500
2026-08-13 14:12:46 | INFO | M07 | MCC: 0.26111648393354675
2026-08-13 14:12:46 | INFO | M07 |   predicted 'sports'  <-  'the midfielder scored in the last minute of the game'
2026-08-13 14:12:46 | INFO | M07 |   predicted 'cooking'  <-  'stir the sauce and bake the casserole until golden'
2026-08-13 14:12:46 | INFO | M07 | TF-IDF ignored word order. Did any misread sentence reveal that limit?
